hs_code,HS_NAME,FIPS,LOCALE,HS_STATE,CBSA,NMCBSA,CSA,NMCSA,sem_5,sem_6,sem_8,sem_9,sem_11,sem_12,sem_14,sem_15,sem_17,sem_18,sem_20,sem_21,sem_23,sem_24,sem_26,sem_27,sem_29,sem_30,sem_32,sem_33
N-54049,HS_OUTSIDE_US_UNDETERMINED,NA,NA,NA,NA,NA,NA,NA,5,0,10,1,12,1,9,0,6,1,13,1,10,0,10,0,0,0,0,0
N-54060,NA,NA,NA,NA,NA,NA,NA,NA,0,0,1,0,0,0,0,0,1,0,0,0,1,0,2,0,0,0,0,0
N010328,HOOVER HIGH SCHOOL,F01073,21,AL,13820,"Birmingham, AL",142,"Birmingham-Cullman-Talladega, AL",0,0,0,0,0,0,0,0,0,0,0,0,0,0,0,0,0,0,1,0
N011345,MADISON COUNTY HIGH SCHOOL,F01089,41,AL,26620,"Huntsville, AL",290,"Huntsville-Decatur-Albertville, AL-TN",0,0,0,0,0,0,0,0,0,0,1,0,0,0,0,0,0,0,0,0
N012648,SPARKMAN HIGH SCHOOL,F01089,21,AL,26620,"Huntsville, AL",290,"Huntsville-Decatur-Albertville, AL-TN",1,0,0,0,0,0,0,0,0,0,0,0,0,0,0,0,0,0,0,0
N020028,WEST VALLEY HIGH SCHOOL,F02090,13,AK,21820,"Fairbanks-College, AK",N,N,0,0,0,0,0,0,0,0,0,0,0,0,1,0,0,0,0,0,0,0
N020037,MONROE CATHOLIC JR-SR HS,F02090,NA,AK,21820,"Fairbanks-College, AK",N,N,0,0,1,0,0,0,0,0,0,0,0,0,0,0,0,0,0,0,0,0
N020075,KODIAK HIGH SCHOOL,F02150,33,AK,N,Non_CBSA,N,N,0,0,0,0,0,0,0,0,0,0,0,0,1,0,0,0,0,0,0,0
N020365,SOUTH ANCHORAGE HIGH SCHOOL,F02020,11,AK,11260,"Anchorage, AK",N,N,0,0,0,0,0,0,0,0,0,0,0,0,1,0,0,0,0,0,0,0
N030047,SETON PREPARATORY HIGH SCHOOL,F04013,NA,AZ,38060,"Phoenix-Mesa-Chandler, AZ",429,"Phoenix-Mesa, AZ",0,0,0,0,0,0,0,0,0,0,0,0,0,0,1,0,0,0,0,0
N030062,HAMILTON HIGH SCHOOL,F04013,11,AZ,38060,"Phoenix-Mesa-Chandler, AZ",429,"Phoenix-Mesa, AZ",0,0,0,0,0,0,0,0,1,0,0,0,0,0,0,0,0,0,0,0
N030103,COCONINO HIGH SCHOOL,F04005,13,AZ,22380,"Flagstaff, AZ",N,N,0,0,0,0,1,0,0,0,0,0,0,0,0,0,0,0,0,0,0,0
N030124,FOUNTAIN HILLS HIGH SCHOOL,F04013,21,AZ,38060,"Phoenix-Mesa-Chandler, AZ",429,"Phoenix-Mesa, AZ",0,0,0,0,0,0,0,0,0,0,0,0,0,0,1,0,0,0,0,0
N030128,GANADO HIGH SCHOOL,F04001,43,AZ,N,Non_CBSA,N,N,0,0,1,0,0,0,0,0,0,0,0,0,0,0,0,0,0,0,0,0
N030144,DEER VALLEY HIGH SCHOOL,F04013,21,AZ,38060,"Phoenix-Mesa-Chandler, AZ",429,"Phoenix-Mesa, AZ",0,0,0,0,1,0,0,0,0,0,0,0,0,0,0,0,0,0,0,0
N030260,PEORIA HIGH SCHOOL,F04013,21,AZ,38060,"Phoenix-Mesa-Chandler, AZ",429,"Phoenix-Mesa, AZ",0,0,1,0,0,0,0,0,0,0,0,0,0,0,0,0,0,0,0,0
N030328,DESERT VISTA HIGH SCHOOL,F04013,11,AZ,38060,"Phoenix-Mesa-Chandler, AZ",429,"Phoenix-Mesa, AZ",0,0,0,0,1,0,0,0,0,0,0,0,0,0,0,0,0,0,0,0
N030348,QUEEN CREEK HIGH SCHOOL,F04013,21,AZ,38060,"Phoenix-Mesa-Chandler, AZ",429,"Phoenix-Mesa, AZ",0,0,0,0,0,0,0,0,0,0,0,0,0,0,1,0,0,0,0,0
N030517,IRONWOOD RIDGE HIGH SCHOOL,F04019,41,AZ,46060,"Tucson, AZ",536,"Tucson-Nogales, AZ",0,0,0,0,0,0,0,0,1,0,1,0,0,0,0,0,0,0,0,0
N030581,BOULDER CREEK HIGH SCHOOL,F04013,21,AZ,38060,"Phoenix-Mesa-Chandler, AZ",429,"Phoenix-Mesa, AZ",0,0,0,0,0,0,0,0,0,0,0,0,0,0,1,0,0,0,0,0
N030619,WILLIAMS FIELD HIGH SCHOOL,F04013,NA,AZ,38060,"Phoenix-Mesa-Chandler, AZ",429,"Phoenix-Mesa, AZ",0,0,0,0,0,0,0,0,0,0,0,0,2,0,0,0,0,0,0,0
N030652,BASIS PEORIA,F04013,21,AZ,38060,"Phoenix-Mesa-Chandler, AZ",429,"Phoenix-Mesa, AZ",0,0,0,0,0,0,0,0,0,0,0,0,1,0,0,0,0,0,0,0
N030660,BASIS SCOTTSDALE,F04013,12,AZ,38060,"Phoenix-Mesa-Chandler, AZ",429,"Phoenix-Mesa, AZ",1,0,0,0,0,0,0,0,0,0,0,0,0,0,0,0,0,0,0,0
N030661,NOTRE DAME PREPARATORY,F04013,12,AZ,38060,"Phoenix-Mesa-Chandler, AZ",429,"Phoenix-Mesa, AZ",0,0,0,0,0,0,0,0,0,0,0,0,0,0,0,0,1,0,0,0
N030697,GLENDALE PREPARATORY ACADEMY,F04013,NA,AZ,38060,"Phoenix-Mesa-Chandler, AZ",429,"Phoenix-Mesa, AZ",1,0,0,0,1,0,0,0,0,0,0,0,0,0,0,0,0,0,0,0
N030742,BASIS PHOENIX,F04013,11,AZ,38060,"Phoenix-Mesa-Chandler, AZ",429,"Phoenix-Mesa, AZ",0,0,0,0,1,0,0,0,0,0,0,0,0,0,0,0,0,0,0,0
N030746,UNIVERSITY HIGH SCHOOL,F04013,21,AZ,38060,"Phoenix-Mesa-Chandler, AZ",429,"Phoenix-Mesa, AZ",0,0,0,0,0,0,1,0,0,0,0,0,0,0,0,0,0,0,0,0
N030770,MADISON HIGHLAND PREPARATORY,F04013,NA,AZ,38060,"Phoenix-Mesa-Chandler, AZ",429,"Phoenix-Mesa, AZ",0,0,0,0,0,0,0,0,0,0,0,0,0,0,0,0,0,0,1,0
N040004,BENTONVILLE WEST HIGH SCHOOL,F05007,41,AR,22220,"Fayetteville-Springdale-Rogers, AR",N,N,0,0,0,0,0,0,0,0,0,0,0,0,0,0,1,0,0,0,0,0
N040175,BENTONVILLE HIGH SCHOOL,F05007,13,AR,22220,"Fayetteville-Springdale-Rogers, AR",N,N,1,0,0,0,0,0,0,0,0,0,0,0,0,0,0,0,0,0,0,0
N040277,HAAS HALL ACADEMY-BENTONVILLE,F05007,NA,AR,22220,"Fayetteville-Springdale-Rogers, AR",N,N,0,0,0,0,0,0,0,0,0,0,0,0,1,0,0,0,0,0,0,0
N040770,FAYETTEVILLE SENIOR HIGH SCHOOL,F05143,12,AR,22220,"Fayetteville-Springdale-Rogers, AR",N,N,0,0,0,0,1,0,0,0,0,0,0,0,0,0,0,0,0,0,0,0
N041422,LITTLE ROCK CENTRAL HIGH SCHOOL,F05119,12,AR,30780,"Little Rock-North Little Rock-Conway, AR",340,"Little Rock-North Little Rock, AR",0,0,0,0,0,0,0,0,0,0,0,0,1,0,0,0,0,0,0,0
N041453,LITTLE ROCK CHRISTIAN ACADEMY,F05119,NA,AR,30780,"Little Rock-North Little Rock-Conway, AR",340,"Little Rock-North Little Rock, AR",0,0,0,0,0,0,1,0,0,0,0,0,0,0,0,0,0,0,0,0
N041560,MARION SENIOR HIGH SCHOOL,F05035,21,AR,32820,"Memphis, TN-MS-AR",368,"Memphis-Clarksdale-Forrest City, TN-MS-AR",0,0,1,0,0,0,0,0,0,0,0,0,0,0,0,0,0,0,0,0
N042147,HAR-BER HIGH SCHOOL,F05143,13,AR,22220,"Fayetteville-Springdale-Rogers, AR",N,N,0,0,0,0,0,0,0,0,0,0,0,0,1,0,0,0,0,0,0,0
N042168,ROGERS HERITAGE HIGH SCHOOL,F05007,13,AR,22220,"Fayetteville-Springdale-Rogers, AR",N,N,0,0,0,0,0,0,1,0,0,0,0,0,0,0,0,0,0,0,0,0
N042280,SILOAM SPRINGS HIGH SCHOOL,F05007,41,AR,22220,"Fayetteville-Springdale-Rogers, AR",N,N,1,0,0,0,0,0,0,0,0,0,0,0,0,0,0,0,0,0,0,0
N042465,TUCKERMAN HIGH SCHOOL,F05067,42,AR,N,Non_CBSA,N,N,0,0,0,0,0,0,0,0,0,0,0,0,0,0,0,0,0,0,1,0
N042530,VILONIA HIGH SCHOOL,F05045,42,AR,30780,"Little Rock-North Little Rock-Conway, AR",340,"Little Rock-North Little Rock, AR",0,0,0,0,1,0,0,0,0,0,0,0,0,0,0,0,0,0,0,0
N050003,AGOURA HIGH SCHOOL,F06037,22,CA,31080,"Los Angeles-Long Beach-Anaheim, CA",348,"Los Angeles-Long Beach, CA",0,0,0,0,0,0,0,0,0,0,0,0,1,0,0,0,0,0,0,0
N050005,ALAMEDA HIGH SCHOOL,F06001,21,CA,41860,"San Francisco-Oakland-Fremont, CA",488,"San Jose-San Francisco-Oakland, CA",0,0,0,0,1,0,0,0,0,0,1,0,0,0,0,0,0,0,0,0
N050006,OAK PARK HIGH SCHOOL,F06111,22,CA,37100,"Oxnard-Thousand Oaks-Ventura, CA",348,"Los Angeles-Long Beach, CA",0,0,1,0,0,0,0,0,0,0,0,0,0,0,1,0,0,0,0,0
N050015,ENCINAL HIGH SCHOOL,F06001,21,CA,41860,"San Francisco-Oakland-Fremont, CA",488,"San Jose-San Francisco-Oakland, CA",0,0,0,0,0,0,0,0,0,0,0,0,0,0,0,0,0,0,1,0
N050140,LA SIERRA ACADEMY,F06065,NA,CA,40140,"Riverside-San Bernardino-Ontario, CA",348,"Los Angeles-Long Beach, CA",0,0,0,0,0,0,1,0,0,0,0,0,0,0,0,0,0,0,0,0
N050181,BUHACH COLONY HIGH SCHOOL,F06047,22,CA,32900,"Merced, CA",488,"San Jose-San Francisco-Oakland, CA",0,0,2,0,0,0,0,0,0,0,0,0,0,0,0,0,0,0,0,0
N050196,LIBERTY HS,F06029,11,CA,12540,"Bakersfield-Delano, CA",N,N,0,0,0,0,1,0,0,0,0,0,0,0,0,0,0,0,0,0,0,0
N050209,CENTENNIAL HIGH SCHOOL,F06029,11,CA,12540,"Bakersfield-Delano, CA",N,N,1,0,0,0,0,0,0,0,0,0,0,0,0,0,0,0,1,0,0,0
N050225,BALDWIN PARK HIGH SCHOOL,F06037,21,CA,31080,"Los Angeles-Long Beach-Anaheim, CA",348,"Los Angeles-Long Beach, CA",0,0,1,0,0,0,0,0,0,0,0,0,0,0,0,0,0,0,0,0
N050310,ST MARY'S COLLEGE HIGH SCHOOL,F06001,NA,CA,41860,"San Francisco-Oakland-Fremont, CA",488,"San Jose-San Francisco-Oakland, CA",0,0,0,0,0,0,0,0,0,0,0,0,0,0,1,0,0,0,0,0
N050345,BISHOP UNION HIGH SCHOOL,F06027,NA,CA,13860,"Bishop, CA",N,N,0,0,0,0,0,0,0,0,0,0,0,0,0,0,0,0,1,0,0,0
N050420,VINCENT MEMORIAL CATHOLIC HIGH SCHOOL,F06025,NA,CA,20940,"El Centro, CA",N,N,0,0,0,0,0,0,0,0,0,0,0,0,0,0,1,0,0,0,0,0
N050470,ARMY & NAVY ACADEMY,F06073,NA,CA,41740,"San Diego-Chula Vista-Carlsbad, CA",N,N,0,0,0,0,0,0,0,0,0,0,1,0,0,0,1,0,0,0,0,0
N050527,CERRITOS HIGH SCHOOL,F06037,21,CA,31080,"Los Angeles-Long Beach-Anaheim, CA",348,"Los Angeles-Long Beach, CA",0,0,0,0,0,0,0,0,0,0,0,0,0,0,0,0,1,0,0,0
N050550,SHERMAN E BURROUGHS HIGH SCHOOL,F06029,41,CA,12540,"Bakersfield-Delano, CA",N,N,0,0,0,0,0,0,0,0,0,0,0,0,1,0,0,0,0,0,0,0
N050555,CHINO HIGH SCHOOL,F06071,13,CA,40140,"Riverside-San Bernardino-Ontario, CA",348,"Los Angeles-Long Beach, CA",0,0,0,0,0,0,0,0,1,0,0,0,0,0,0,0,0,0,0,0
N050563,RUBEN S AYALA SR HIGH SCHOOL,F06071,21,CA,40140,"Riverside-San Bernardino-Ontario, CA",348,"Los Angeles-Long Beach, CA",0,0,0,0,0,0,0,0,0,0,0,0,0,0,1,0,0,0,0,0
N050700,COVINA HIGH SCHOOL,F06037,21,CA,31080,"Los Angeles-Long Beach-Anaheim, CA",348,"Los Angeles-Long Beach, CA",0,0,0,0,0,0,0,0,0,0,1,0,0,0,0,0,0,0,0,0
N050718,CUPERTINO HIGH SCHOOL,F06085,13,CA,41940,"San Jose-Sunnyvale-Santa Clara, CA",488,"San Jose-San Francisco-Oakland, CA",0,0,0,0,0,0,0,0,0,0,0,0,0,0,1,0,0,0,0,0
N050724,THE ATHENIAN SCHOOL,F06013,NA,CA,41860,"San Francisco-Oakland-Fremont, CA",488,"San Jose-San Francisco-Oakland, CA",0,0,0,0,1,0,0,0,0,0,0,0,0,0,0,0,0,0,0,0
N050725,SAN RAMON VALLEY HIGH SCHOOL,F06013,21,CA,41860,"San Francisco-Oakland-Fremont, CA",488,"San Jose-San Francisco-Oakland, CA",0,0,0,0,0,0,0,0,0,0,1,0,0,0,0,0,0,0,0,0
N050727,MONTE VISTA HIGH SCHOOL,F06013,21,CA,41860,"San Francisco-Oakland-Fremont, CA",488,"San Jose-San Francisco-Oakland, CA",0,0,0,0,0,0,0,0,0,0,1,0,0,0,0,0,0,0,0,0
N050729,DANA HILLS HIGH SCHOOL,F06059,21,CA,31080,"Los Angeles-Long Beach-Anaheim, CA",348,"Los Angeles-Long Beach, CA",1,0,0,0,0,0,0,0,0,0,0,0,0,0,0,0,0,0,0,0
N050748,DIAMOND BAR HIGH SCHOOL,F06037,21,CA,31080,"Los Angeles-Long Beach-Anaheim, CA",348,"Los Angeles-Long Beach, CA",0,0,1,0,0,0,0,0,0,0,0,0,0,0,0,0,0,0,0,0
N050765,DOS PALOS HIGH SCHOOL,F06047,32,CA,32900,"Merced, CA",488,"San Jose-San Francisco-Oakland, CA",0,0,0,0,0,0,0,0,0,0,0,0,0,0,0,0,1,0,0,0
N050784,DUBLIN HIGH SCHOOL,F06001,22,CA,41860,"San Francisco-Oakland-Fremont, CA",488,"San Jose-San Francisco-Oakland, CA",0,0,0,0,1,0,0,0,0,0,0,0,0,0,0,0,0,0,0,0
N050800,DESERT HIGH SCHOOL,F06029,42,CA,12540,"Bakersfield-Delano, CA",N,N,0,0,0,0,0,0,0,0,0,0,0,0,1,0,0,0,0,0,0,0
N050816,SOUTHWEST HIGH SCHOOL,F06025,13,CA,20940,"El Centro, CA",N,N,0,0,0,0,0,0,0,0,0,0,0,0,0,0,0,0,1,0,0,0
N050845,EL SEGUNDO HIGH SCHOOL,F06037,21,CA,31080,"Los Angeles-Long Beach-Anaheim, CA",348,"Los Angeles-Long Beach, CA",0,0,0,0,0,0,0,0,1,0,0,0,0,0,0,0,0,0,0,0
N050858,LA COSTA CANYON HIGH SCHOOL,F06073,12,CA,41740,"San Diego-Chula Vista-Carlsbad, CA",N,N,0,0,1,0,0,0,0,0,0,0,0,0,0,0,0,0,0,0,0,0
N050867,CRESPI CARMELITE HIGH SCHOOL,F06037,NA,CA,31080,"Los Angeles-Long Beach-Anaheim, CA",348,"Los Angeles-Long Beach, CA",0,0,1,0,0,0,0,0,0,0,0,0,0,0,0,0,0,0,0,0
N050880,ESCONDIDO HIGH SCHOOL,F06073,21,CA,41740,"San Diego-Chula Vista-Carlsbad, CA",N,N,1,0,0,0,0,0,0,0,0,0,0,0,0,0,0,0,0,0,0,0
N050883,SAN MARCOS HIGH SCHOOL,F06073,21,CA,41740,"San Diego-Chula Vista-Carlsbad, CA",N,N,0,0,0,0,0,0,0,0,0,0,0,0,1,0,0,0,0,0,0,0
N050893,CANYON CREST ACADEMY,F06073,11,CA,41740,"San Diego-Chula Vista-Carlsbad, CA",N,N,0,0,0,0,1,0,0,0,0,0,0,0,0,0,0,0,0,0,0,0
N050900,EUREKA SENIOR HIGH SCHOOL,F06023,33,CA,21700,"Eureka-Arcata, CA",N,N,0,0,0,0,0,0,0,0,0,0,0,0,0,0,0,0,1,0,0,0
N050915,DEL CAMPO HIGH SCHOOL,F06067,21,CA,40900,"Sacramento-Roseville-Folsom, CA",472,"Sacramento-Roseville, CA",1,0,0,0,0,0,0,0,0,0,0,0,0,0,0,0,0,0,0,0
N050968,IRVINGTON HIGH SCHOOL,F06001,12,CA,41860,"San Francisco-Oakland-Fremont, CA",488,"San Jose-San Francisco-Oakland, CA",0,0,0,0,0,0,0,0,0,0,1,0,0,0,0,0,0,0,0,0
N050970,MISSION SAN JOSE HIGH SCHOOL,F06001,12,CA,41860,"San Francisco-Oakland-Fremont, CA",488,"San Jose-San Francisco-Oakland, CA",0,0,0,0,0,0,0,0,0,0,0,0,0,0,0,0,0,0,1,0
N051110,GROSSMONT HIGH SCHOOL,F06073,21,CA,41740,"San Diego-Chula Vista-Carlsbad, CA",N,N,1,0,0,0,0,0,0,0,0,0,0,0,0,0,0,0,0,0,0,0
N051172,HESPERIA CHRISTIAN SCHOOL,F06071,NA,CA,40140,"Riverside-San Bernardino-Ontario, CA",348,"Los Angeles-Long Beach, CA",0,0,0,0,0,0,0,0,0,0,0,0,1,0,0,0,0,0,0,0
N051228,DR. TJ OWENS GILROY EARLY COLLEGE ACADEMY,F06085,41,CA,41940,"San Jose-Sunnyvale-Santa Clara, CA",488,"San Jose-San Francisco-Oakland, CA",0,0,0,0,0,0,0,0,0,0,0,0,1,0,0,0,0,0,0,0
N051269,TARBUT V TORAH CMNTY DAY SCHL,F06059,NA,CA,31080,"Los Angeles-Long Beach-Anaheim, CA",348,"Los Angeles-Long Beach, CA",0,0,0,0,0,0,0,0,0,0,0,0,1,0,0,0,0,0,0,0
N051274,WOODBRIDGE HIGH SCHOOL,F06059,11,CA,31080,"Los Angeles-Long Beach-Anaheim, CA",348,"Los Angeles-Long Beach, CA",0,0,0,0,0,0,0,0,0,0,0,0,0,0,0,0,0,0,2,0
N051283,NORTHWOOD HS,F06059,11,CA,31080,"Los Angeles-Long Beach-Anaheim, CA",348,"Los Angeles-Long Beach, CA",0,0,0,0,0,0,0,0,0,0,0,0,0,0,0,0,1,0,0,0
N051327,SONORA HIGH SCHOOL,F06059,21,CA,31080,"Los Angeles-Long Beach-Anaheim, CA",348,"Los Angeles-Long Beach, CA",0,0,0,0,0,0,0,0,0,0,0,0,0,0,0,0,1,0,1,0
N051362,BISHOP AMAT MEMORIAL HIGH SCHOOL,F06037,NA,CA,31080,"Los Angeles-Long Beach-Anaheim, CA",348,"Los Angeles-Long Beach, CA",1,0,0,0,0,0,0,0,0,0,0,0,0,0,0,0,0,0,0,0
N051450,CABRILLO HIGH SCHOOL,F06083,41,CA,42200,"Santa Maria-Santa Barbara, CA",N,N,0,0,0,0,0,0,0,0,0,0,1,0,0,0,0,0,0,0,0,0
N051508,LOS ALAMITOS HIGH SCHOOL,F06059,21,CA,31080,"Los Angeles-Long Beach-Anaheim, CA",348,"Los Angeles-Long Beach, CA",0,0,0,0,0,0,0,0,0,0,1,0,0,0,0,0,0,0,0,0
N051514,THE KING'S ACADEMY,F06085,12,CA,41940,"San Jose-Sunnyvale-Santa Clara, CA",488,"San Jose-San Francisco-Oakland, CA",0,0,0,0,0,0,0,0,1,0,0,0,0,0,1,0,0,0,0,0
N051825,UNIVERSITY HIGH SCHOOL,F06037,11,CA,31080,"Los Angeles-Long Beach-Anaheim, CA",348,"Los Angeles-Long Beach, CA",0,0,0,0,0,0,0,0,0,0,0,0,0,0,0,0,0,0,1,0
N051895,MIRA COSTA HIGH SCHOOL,F06037,21,CA,31080,"Los Angeles-Long Beach-Anaheim, CA",348,"Los Angeles-Long Beach, CA",0,0,1,0,0,0,0,0,0,0,0,0,0,0,0,0,0,0,0,0
N051974,EL TORO HIGH SCHOOL,F06059,21,CA,31080,"Los Angeles-Long Beach-Anaheim, CA",348,"Los Angeles-Long Beach, CA",1,0,0,0,0,0,0,0,0,0,0,0,0,0,0,0,0,0,0,0
N051978,MILPITAS HIGH SCHOOL,F06085,13,CA,41940,"San Jose-Sunnyvale-Santa Clara, CA",488,"San Jose-San Francisco-Oakland, CA",0,0,0,0,0,0,1,0,0,0,0,0,0,0,0,0,0,0,0,0
N051984,UNIVERSITY HIGH SCHOOL,F06059,11,CA,31080,"Los Angeles-Long Beach-Anaheim, CA",348,"Los Angeles-Long Beach, CA",0,0,0,0,1,0,1,0,0,0,1,0,0,0,0,0,0,0,0,0
N051986,FRED C BEYER HIGH SCHOOL,F06099,12,CA,33700,"Modesto, CA",488,"San Jose-San Francisco-Oakland, CA",0,0,0,0,0,0,0,0,0,0,0,0,1,0,0,0,0,0,0,0
N052117,NEWBURY PARK HIGH SCHOOL,F06111,12,CA,37100,"Oxnard-Thousand Oaks-Ventura, CA",348,"Los Angeles-Long Beach, CA",0,0,1,0,1,0,0,0,0,0,0,0,1,0,0,0,0,0,0,0
N052240,OAKLAND TECHNICAL HIGH SCHOOL,F06001,11,CA,41860,"San Francisco-Oakland-Fremont, CA",488,"San Jose-San Francisco-Oakland, CA",0,0,0,0,0,0,0,0,0,0,0,0,0,0,0,0,1,0,0,0
N052270,VILLANOVA PREPARATORY SCHOOL,F06111,NA,CA,37100,"Oxnard-Thousand Oaks-Ventura, CA",348,"Los Angeles-Long Beach, CA",0,0,0,0,1,0,0,0,0,0,0,0,0,0,0,0,0,0,0,0
N052282,MIRAMONTE HIGH SCHOOL,F06013,21,CA,41860,"San Francisco-Oakland-Fremont, CA",488,"San Jose-San Francisco-Oakland, CA",0,0,0,0,0,0,0,0,1,0,0,0,0,0,0,0,0,0,0,0
N052358,PALOS VERDES HIGH SCHOOL,F06037,21,CA,31080,"Los Angeles-Long Beach-Anaheim, CA",348,"Los Angeles-Long Beach, CA",0,0,0,0,1,0,0,0,0,0,0,0,0,0,0,0,0,0,0,0
N052460,PETALUMA HIGH SCHOOL,F06097,13,CA,42220,"Santa Rosa-Petaluma, CA",N,N,0,0,0,0,0,0,0,0,1,0,0,0,0,0,0,0,0,0,0,0
N052495,AMADOR VALLEY HIGH SCHOOL,F06001,13,CA,41860,"San Francisco-Oakland-Fremont, CA",488,"San Jose-San Francisco-Oakland, CA",0,0,1,0,0,0,0,0,0,0,0,0,0,0,0,0,0,0,0,0
N052533,POWAY HIGH SCHOOL,F06073,21,CA,41740,"San Diego-Chula Vista-Carlsbad, CA",N,N,0,0,0,0,1,0,0,0,1,0,0,0,0,0,0,0,0,0,0,0
N052536,RANCHO BERNARDO HIGH SCHOOL,F06073,11,CA,41740,"San Diego-Chula Vista-Carlsbad, CA",N,N,0,0,0,0,0,0,0,0,0,0,0,0,0,0,0,0,1,0,0,0
N052546,RANCHO CUCAMONGA HIGH SCHOOL,F06071,21,CA,40140,"Riverside-San Bernardino-Ontario, CA",348,"Los Angeles-Long Beach, CA",0,0,0,0,0,0,0,0,1,0,0,0,0,0,0,0,0,0,0,0
N052598,WOODCREEK HIGH SCHOOL,F06061,12,CA,40900,"Sacramento-Roseville-Folsom, CA",472,"Sacramento-Roseville, CA",0,0,0,0,0,0,1,0,0,0,0,0,0,0,0,0,0,0,0,0
N052600,REDONDO UNION HIGH SCHOOL,F06037,21,CA,31080,"Los Angeles-Long Beach-Anaheim, CA",348,"Los Angeles-Long Beach, CA",0,0,0,0,0,0,0,0,1,0,0,0,0,0,0,0,1,0,0,0
N052650,RIPON HIGH SCHOOL,F06077,31,CA,44700,"Stockton-Lodi, CA",488,"San Jose-San Francisco-Oakland, CA",0,0,0,0,0,0,0,0,0,0,1,0,0,0,0,0,0,0,0,0
N052658,ARLINGTON HIGH SCHOOL,F06065,11,CA,40140,"Riverside-San Bernardino-Ontario, CA",348,"Los Angeles-Long Beach, CA",0,0,0,0,0,0,0,0,0,0,0,0,0,0,0,0,1,0,0,0
N052660,RIVERDALE HIGH SCHOOL,F06019,42,CA,23420,"Fresno, CA",260,"Fresno-Hanford-Corcoran, CA",0,0,0,0,0,0,0,0,0,0,0,0,1,0,0,0,0,0,0,0
N052663,NOTRE DAME HIGH SCHOOL,F06065,11,CA,40140,"Riverside-San Bernardino-Ontario, CA",348,"Los Angeles-Long Beach, CA",0,0,0,0,1,0,0,0,0,0,0,0,0,0,0,0,0,0,0,0
N052664,NORTE VISTA SENIOR HIGH SCHOOL,F06065,11,CA,40140,"Riverside-San Bernardino-Ontario, CA",348,"Los Angeles-Long Beach, CA",0,0,0,0,0,0,0,0,1,0,0,0,0,0,0,0,0,0,0,0
N052677,WOODCREST CHRISTIAN SCHOOL SYSTEM,F06065,11,CA,40140,"Riverside-San Bernardino-Ontario, CA",348,"Los Angeles-Long Beach, CA",0,0,0,0,0,0,0,0,0,0,1,0,0,0,0,0,0,0,0,0
N052680,CHADWICK SCHOOL,F06037,NA,CA,31080,"Los Angeles-Long Beach-Anaheim, CA",348,"Los Angeles-Long Beach, CA",0,0,1,0,0,0,0,0,0,0,0,0,0,0,0,0,0,0,0,0
N052683,PALOS VERDES PENINSULA HIGH SCHOOL,F06037,21,CA,31080,"Los Angeles-Long Beach-Anaheim, CA",348,"Los Angeles-Long Beach, CA",0,0,0,0,0,0,0,0,1,0,0,0,0,0,0,0,0,0,0,0
N052686,MARANATHA HIGH SCHOOL,F06037,12,CA,31080,"Los Angeles-Long Beach-Anaheim, CA",348,"Los Angeles-Long Beach, CA",0,0,0,0,1,0,0,0,0,0,0,0,0,0,0,0,0,0,0,0
N052688,OAKMONT HIGH SCHOOL,F06061,12,CA,40900,"Sacramento-Roseville-Folsom, CA",472,"Sacramento-Roseville, CA",0,0,0,0,0,0,1,0,0,0,0,0,0,0,0,0,0,0,0,0
N052713,JOHN F KENNEDY HIGH SCHOOL,F06067,11,CA,40900,"Sacramento-Roseville-Folsom, CA",472,"Sacramento-Roseville, CA",0,0,0,0,0,0,0,0,0,0,0,0,0,0,0,0,1,0,0,0
N052746,NORTH SALINAS HIGH SCHOOL,F06053,12,CA,41500,"Salinas, CA",N,N,0,0,0,0,0,0,0,0,0,0,0,0,0,0,0,0,0,0,1,0
N052814,SAN CLEMENTE HIGH SCHOOL,F06059,21,CA,31080,"Los Angeles-Long Beach-Anaheim, CA",348,"Los Angeles-Long Beach, CA",1,0,0,0,0,0,0,0,0,0,0,0,0,0,1,0,0,0,0,0
N052837,CLAIREMONT HIGH SCHOOL,F06073,11,CA,41740,"San Diego-Chula Vista-Carlsbad, CA",N,N,0,0,0,0,0,0,0,0,0,0,1,0,0,0,0,0,0,0,0,0
N052862,MT CARMEL HIGH SCHOOL,F06073,41,CA,41740,"San Diego-Chula Vista-Carlsbad, CA",N,N,1,0,0,0,0,0,0,0,0,0,0,0,0,0,0,0,0,0,0,0
N052870,POINT LOMA HIGH SCHOOL,F06073,11,CA,41740,"San Diego-Chula Vista-Carlsbad, CA",N,N,0,0,0,0,0,0,0,0,0,0,0,0,0,0,0,0,1,0,0,0
N052949,MIDDLE COLLEGE HIGH SCHOOL,F06071,12,CA,40140,"Riverside-San Bernardino-Ontario, CA",348,"Los Angeles-Long Beach, CA",0,0,0,0,0,0,0,0,0,0,0,0,1,0,0,0,0,0,0,0
N052986,WESTVIEW HIGH SCHOOL,F06073,11,CA,41740,"San Diego-Chula Vista-Carlsbad, CA",N,N,1,0,0,0,0,0,0,0,0,0,0,0,0,0,0,0,1,0,0,0
N053010,ST IGNATIUS COLLEGE PREPARATORY,F06075,NA,CA,41860,"San Francisco-Oakland-Fremont, CA",488,"San Jose-San Francisco-Oakland, CA",1,0,0,0,0,0,0,0,0,0,0,0,0,0,0,0,0,0,0,0
N053053,DON BOSCO TECHNICAL INSTITUTE,F06037,NA,CA,31080,"Los Angeles-Long Beach-Anaheim, CA",348,"Los Angeles-Long Beach, CA",0,0,1,0,0,0,0,0,0,0,1,0,0,0,0,0,0,0,0,0
N053075,ABRAHAM LINCOLN HIGH SCHOOL,F06085,11,CA,41940,"San Jose-Sunnyvale-Santa Clara, CA",488,"San Jose-San Francisco-Oakland, CA",0,0,0,0,1,0,0,0,0,0,0,0,0,0,0,0,0,0,0,0
N053080,BELLARMINE COLLEGE PREPARATORY SCHOOL,F06085,NA,CA,41940,"San Jose-Sunnyvale-Santa Clara, CA",488,"San Jose-San Francisco-Oakland, CA",0,0,0,0,0,0,0,0,0,0,0,0,0,0,0,0,0,0,1,0
N053082,BRANHAM HIGH SCHOOL,F06085,11,CA,41940,"San Jose-Sunnyvale-Santa Clara, CA",488,"San Jose-San Francisco-Oakland, CA",0,0,0,0,0,0,0,0,0,0,0,0,0,0,0,0,1,0,0,0
N053091,LELAND HIGH SCHOOL,F06085,11,CA,41940,"San Jose-Sunnyvale-Santa Clara, CA",488,"San Jose-San Francisco-Oakland, CA",0,0,0,0,0,0,0,0,0,0,1,0,0,0,0,0,0,0,0,0
N053100,SILVER CREEK HIGH SCHOOL,F06085,11,CA,41940,"San Jose-Sunnyvale-Santa Clara, CA",488,"San Jose-San Francisco-Oakland, CA",0,0,0,0,0,0,0,0,0,0,0,0,1,0,0,0,0,0,0,0
N053106,SANTA TERESA HIGH SCHOOL,F06085,11,CA,41940,"San Jose-Sunnyvale-Santa Clara, CA",488,"San Jose-San Francisco-Oakland, CA",0,0,0,0,0,0,0,0,0,0,0,0,0,0,0,0,1,0,0,0
N053149,TESORO HIGH,F06059,21,CA,31080,"Los Angeles-Long Beach-Anaheim, CA",348,"Los Angeles-Long Beach, CA",0,0,0,0,0,0,0,0,0,0,0,0,0,0,1,0,0,0,1,0
N053169,EVERGREEN VALLEY HIGH SCHOOL,F06085,11,CA,41940,"San Jose-Sunnyvale-Santa Clara, CA",488,"San Jose-San Francisco-Oakland, CA",0,0,0,0,0,0,0,0,1,0,0,0,0,0,0,0,0,0,0,0
N053234,FOOTHILL HIGH SCHOOL,F06059,21,CA,31080,"Los Angeles-Long Beach-Anaheim, CA",348,"Los Angeles-Long Beach, CA",0,0,0,0,0,0,0,0,0,0,0,0,1,0,1,0,0,0,0,0
N053336,SAUGUS HIGH SCHOOL,F06037,21,CA,31080,"Los Angeles-Long Beach-Anaheim, CA",348,"Los Angeles-Long Beach, CA",0,0,1,0,0,0,0,0,0,0,0,0,0,0,1,0,0,0,0,0
N053338,VALLEY CHRISTIAN HIGH SCHOOL,F06085,11,CA,41940,"San Jose-Sunnyvale-Santa Clara, CA",488,"San Jose-San Francisco-Oakland, CA",0,0,0,0,0,0,0,0,1,0,0,0,0,0,0,0,1,0,0,0
N053343,SARATOGA HIGH SCHOOL,F06085,21,CA,41940,"San Jose-Sunnyvale-Santa Clara, CA",488,"San Jose-San Francisco-Oakland, CA",0,0,0,0,0,0,0,0,0,0,0,0,0,0,0,0,1,0,0,0
N053373,PONDEROSA HIGH SCHOOL,F06017,21,CA,40900,"Sacramento-Roseville-Folsom, CA",472,"Sacramento-Roseville, CA",0,0,0,0,1,0,0,0,0,0,0,0,0,0,0,0,0,0,0,1
N053381,WEST HILLS HIGH SCHOOL,F06073,21,CA,41740,"San Diego-Chula Vista-Carlsbad, CA",N,N,1,0,0,0,0,0,0,0,0,0,0,0,0,0,0,0,0,0,0,0
N053383,GRACE BRETHREN JR SR HIGH SCHOOL,F06111,22,CA,37100,"Oxnard-Thousand Oaks-Ventura, CA",348,"Los Angeles-Long Beach, CA",0,0,1,0,0,0,0,0,0,0,0,0,0,0,0,0,0,0,0,0
N053386,MARIA CARRILLO HIGH SCHOOL,F06097,12,CA,42220,"Santa Rosa-Petaluma, CA",N,N,0,0,0,0,0,0,0,0,0,1,0,0,0,0,0,0,0,0,0,0
N053435,ST MARY'S HIGH SCHOOL,F06077,NA,CA,44700,"Stockton-Lodi, CA",488,"San Jose-San Francisco-Oakland, CA",0,0,0,0,0,0,0,0,0,0,1,0,0,0,0,0,0,0,0,0
N053466,MONTA VISTA HIGH SCHOOL,F06085,13,CA,41940,"San Jose-Sunnyvale-Santa Clara, CA",488,"San Jose-San Francisco-Oakland, CA",0,0,0,0,0,0,0,0,0,0,0,0,0,0,1,0,0,0,0,0
N053499,TEMECULA VALLEY HIGH SCHOOL,F06065,12,CA,40140,"Riverside-San Bernardino-Ontario, CA",348,"Los Angeles-Long Beach, CA",0,0,1,0,0,0,0,0,0,0,0,0,0,0,0,0,0,0,0,0
N053502,THOUSAND OAKS HIGH SCHOOL,F06111,12,CA,37100,"Oxnard-Thousand Oaks-Ventura, CA",348,"Los Angeles-Long Beach, CA",0,0,0,0,0,0,1,0,0,0,0,0,1,0,0,0,0,0,0,0
N053503,WESTLAKE HIGH SCHOOL,F06111,12,CA,37100,"Oxnard-Thousand Oaks-Ventura, CA",348,"Los Angeles-Long Beach, CA",0,0,0,0,0,0,0,0,0,0,0,0,0,0,1,0,0,0,0,0
N053522,SOUTH HIGH SCHOOL,F06037,12,CA,31080,"Los Angeles-Long Beach-Anaheim, CA",348,"Los Angeles-Long Beach, CA",0,0,0,0,0,0,3,0,0,0,0,0,0,0,0,0,0,0,0,0
N053598,SCOTTS VALLEY HIGH SCHOOL,F06087,22,CA,42100,"Santa Cruz-Watsonville, CA",488,"San Jose-San Francisco-Oakland, CA",0,0,0,0,0,0,0,0,0,0,0,0,1,0,0,0,0,0,0,0
N053630,RANCHO SAN JUAN HIGH SCHOOL,F06053,NA,CA,41500,"Salinas, CA",N,N,0,0,0,0,0,0,0,0,0,0,0,0,0,0,0,0,0,0,1,0
N053647,BUENA HIGH SCHOOL,F06111,12,CA,37100,"Oxnard-Thousand Oaks-Ventura, CA",348,"Los Angeles-Long Beach, CA",0,0,0,0,1,0,0,0,0,0,0,0,0,0,0,0,0,0,0,0
N053648,EL CAMINO HIGH SCHOOL,F06111,NA,CA,37100,"Oxnard-Thousand Oaks-Ventura, CA",348,"Los Angeles-Long Beach, CA",0,0,0,0,0,0,0,0,0,0,0,0,0,0,0,0,1,0,0,0
N053650,ST BONAVENTURE HIGH SCHOOL,F06111,NA,CA,37100,"Oxnard-Thousand Oaks-Ventura, CA",348,"Los Angeles-Long Beach, CA",0,0,0,0,0,0,0,0,1,0,0,0,0,0,0,0,0,0,0,0
N053705,MONTE VISTA CHRISTIAN SCHOOL,F06087,NA,CA,42100,"Santa Cruz-Watsonville, CA",488,"San Jose-San Francisco-Oakland, CA",0,0,1,0,0,0,0,0,0,0,1,0,0,0,0,0,0,0,0,0
N053843,BENJAMIN HOLT COLLEGE PREP ACA,F06077,NA,CA,44700,"Stockton-Lodi, CA",488,"San Jose-San Francisco-Oakland, CA",0,0,0,0,1,0,0,0,0,0,0,0,0,0,0,0,0,0,0,0
N053861,PIONEER HIGH,F06113,23,CA,40900,"Sacramento-Roseville-Folsom, CA",472,"Sacramento-Roseville, CA",0,0,0,0,0,0,0,0,0,0,0,0,0,0,0,0,1,0,0,0
N053864,WEST RANCH HIGH,F06037,21,CA,31080,"Los Angeles-Long Beach-Anaheim, CA",348,"Los Angeles-Long Beach, CA",0,0,0,0,0,0,0,0,0,0,1,0,0,0,1,0,0,0,0,0
N053868,MISSION HILLS HIGH,F06073,21,CA,41740,"San Diego-Chula Vista-Carlsbad, CA",N,N,0,0,0,0,0,0,0,0,0,0,1,0,0,0,0,0,0,0,0,0
N053880,GREAT OAK HIGH,F06065,12,CA,40140,"Riverside-San Bernardino-Ontario, CA",348,"Los Angeles-Long Beach, CA",0,0,0,0,0,0,0,0,2,0,0,0,0,0,0,0,0,0,0,0
N053953,PLEASANT GROVE HIGH,F06067,21,CA,40900,"Sacramento-Roseville-Folsom, CA",472,"Sacramento-Roseville, CA",0,0,0,0,0,0,0,0,0,0,0,0,0,0,0,0,1,0,0,0
N054072,OLYMPIAN HIGH SCHOOL,F06073,NA,CA,41740,"San Diego-Chula Vista-Carlsbad, CA",N,N,0,0,0,0,0,0,0,0,0,0,0,0,1,0,0,0,0,0,0,0
N054248,MISSION OAK HIGH,F06107,23,CA,47300,"Visalia, CA",N,N,0,0,0,0,0,0,0,0,0,0,0,0,1,0,0,0,0,0,0,0
N054284,TRINITY CLASSICAL ACADEMY,F06037,NA,CA,31080,"Los Angeles-Long Beach-Anaheim, CA",348,"Los Angeles-Long Beach, CA",0,0,1,0,0,0,0,0,0,0,0,0,0,0,0,0,0,0,0,0
N054303,OAKLAND CHARTER HIGH SCHOOL AMPS,F06001,NA,CA,41860,"San Francisco-Oakland-Fremont, CA",488,"San Jose-San Francisco-Oakland, CA",0,0,1,0,0,0,0,0,0,0,0,0,0,0,0,0,0,0,0,0
N054310,CASTAIC HIGH SCHOOL,F06037,NA,CA,31080,"Los Angeles-Long Beach-Anaheim, CA",348,"Los Angeles-Long Beach, CA",0,0,0,0,0,0,0,0,0,0,0,0,0,0,0,0,0,0,1,0
N054331,CITRUS VALLEY HIGH,F06071,13,CA,40140,"Riverside-San Bernardino-Ontario, CA",348,"Los Angeles-Long Beach, CA",0,0,0,0,0,0,0,0,0,0,0,0,0,0,0,0,1,0,0,0
N054643,CALIFORNIA CONNECTIONS ACADEMY @ RIPON,F06077,31,CA,44700,"Stockton-Lodi, CA",488,"San Jose-San Francisco-Oakland, CA",0,0,1,0,0,0,0,0,0,0,0,0,0,0,0,0,0,0,0,0
N054709,SAGE CREEK HIGH,F06073,12,CA,41740,"San Diego-Chula Vista-Carlsbad, CA",N,N,0,0,0,0,1,0,0,0,0,0,0,0,0,0,0,0,0,0,0,0
N054728,VALOR ACADEMY HIGH SCHOOL,F06037,NA,CA,31080,"Los Angeles-Long Beach-Anaheim, CA",348,"Los Angeles-Long Beach, CA",0,0,0,0,0,0,0,0,0,0,0,0,0,0,1,0,0,0,0,0
N060006,PIKES PEAK EARLY COLLEGE,F08041,NA,CO,17820,"Colorado Springs, CO",N,N,0,0,0,0,0,0,0,0,0,0,0,0,0,0,0,0,0,0,1,0
N060051,RALSTON VALLEY SENIOR HIGH SCHOOL,F08059,21,CO,19740,"Denver-Aurora-Centennial, CO",216,"Denver-Aurora-Greeley, CO",1,0,0,0,0,0,0,0,0,0,0,0,0,0,0,0,0,0,0,0
N060058,POMONA HIGH SCHOOL,F08059,21,CO,19740,"Denver-Aurora-Centennial, CO",216,"Denver-Aurora-Greeley, CO",0,0,0,0,0,0,0,0,1,0,0,0,0,0,0,0,0,0,0,0
N060077,RANGEVIEW HIGH SCHOOL,F08005,11,CO,19740,"Denver-Aurora-Centennial, CO",216,"Denver-Aurora-Greeley, CO",0,0,0,0,0,0,0,0,1,0,0,0,0,0,0,0,0,0,0,0
N060081,GRANDVIEW HIGH SCHOOL,F08005,11,CO,19740,"Denver-Aurora-Centennial, CO",216,"Denver-Aurora-Greeley, CO",1,0,0,0,0,0,0,0,0,0,0,0,0,0,2,0,0,0,1,0
N060082,REGIS JESUIT HIGH SCHOOL,F08005,11,CO,19740,"Denver-Aurora-Centennial, CO",216,"Denver-Aurora-Greeley, CO",0,0,0,0,0,0,0,0,1,0,0,0,0,0,0,0,0,0,0,0
N060086,CHEROKEE TRAIL HIGH SCHOOL,F08005,11,CO,19740,"Denver-Aurora-Centennial, CO",216,"Denver-Aurora-Greeley, CO",0,0,1,0,0,0,0,0,0,0,1,0,0,0,0,0,0,0,0,0
N060095,BERTHOUD HIGH SCHOOL,F08069,21,CO,22660,"Fort Collins-Loveland, CO",N,N,0,0,0,0,0,0,0,0,0,0,0,0,0,0,1,0,0,0,0,0
N060130,MONARCH HIGH SCHOOL,F08013,41,CO,14500,"Boulder, CO",216,"Denver-Aurora-Greeley, CO",1,0,0,0,0,0,0,0,0,0,0,0,0,0,0,0,0,0,0,0
N060135,SUMMIT HIGH SCHOOL,F08117,41,CO,14720,"Breckenridge, CO",N,N,1,0,0,0,0,0,0,0,0,0,0,0,0,0,0,0,0,0,0,0
N060163,LEGACY HIGH SCHOOL,F08014,13,CO,19740,"Denver-Aurora-Centennial, CO",216,"Denver-Aurora-Greeley, CO",0,0,1,0,1,0,0,0,0,0,0,0,0,0,1,0,0,0,0,0
N060193,CASTLE VIEW HIGH SCHOOL,F08035,23,CO,19740,"Denver-Aurora-Centennial, CO",216,"Denver-Aurora-Greeley, CO",0,0,0,0,0,0,1,1,0,0,0,0,0,0,0,0,0,0,0,0
N060207,PEAK VIRTUAL ACADEMY,F08085,NA,CO,33940,"Montrose, CO",N,N,0,0,0,0,0,0,0,0,0,0,0,0,0,0,1,0,0,0,0,0
N060225,DOUGLAS COUNTY HIGH SCHOOL,F08035,23,CO,19740,"Denver-Aurora-Centennial, CO",216,"Denver-Aurora-Greeley, CO",0,0,1,0,1,0,0,0,0,0,0,0,1,0,0,0,0,0,0,0
N060247,COLORADO EARLY COLLEGE COLORADO SPRINGS,F08041,NA,CO,17820,"Colorado Springs, CO",N,N,0,0,0,0,0,0,1,0,0,0,0,0,0,0,0,0,0,0,0,0
N060259,MESA RIDGE HIGH SCHOOL,F08041,21,CO,17820,"Colorado Springs, CO",N,N,0,0,0,0,0,0,0,0,0,0,0,0,0,0,1,0,0,0,0,0
N060266,AIR ACADEMY HIGH SCHOOL,F08041,41,CO,17820,"Colorado Springs, CO",N,N,0,0,0,0,0,0,0,0,0,0,0,0,0,0,1,0,0,0,0,0
N060268,CHEYENNE MOUNTAIN HIGH SCHOOL,F08041,11,CO,17820,"Colorado Springs, CO",N,N,0,0,1,0,0,0,0,0,0,0,0,0,1,0,1,0,0,0,0,0
N060273,CORONADO HIGH SCHOOL,F08041,11,CO,17820,"Colorado Springs, CO",N,N,0,0,0,0,0,0,0,0,0,0,0,0,1,0,0,0,0,0,0,0
N060288,WILLIAM J PALMER HIGH SCHOOL,F08041,11,CO,17820,"Colorado Springs, CO",N,N,0,0,0,0,0,0,0,0,0,0,1,0,0,0,0,0,0,0,0,0
N060294,RAMPART HIGH SCHOOL,F08041,11,CO,17820,"Colorado Springs, CO",N,N,1,0,0,0,1,0,0,0,0,0,0,0,0,0,0,0,0,0,1,0
N060316,PINE CREEK HIGH SCHOOL,F08041,11,CO,17820,"Colorado Springs, CO",N,N,2,0,0,0,0,0,0,0,0,0,0,0,1,0,0,0,0,0,0,0
N060415,HOLY FAMILY HIGH SCHOOL,F08014,NA,CO,19740,"Denver-Aurora-Centennial, CO",216,"Denver-Aurora-Greeley, CO",0,0,0,0,0,0,0,0,0,0,0,0,2,0,0,0,0,0,0,0
N060417,LUTHERAN HIGH SCHOOL,F08035,NA,CO,19740,"Denver-Aurora-Centennial, CO",216,"Denver-Aurora-Greeley, CO",0,0,0,0,0,0,0,0,0,0,0,0,0,0,0,0,0,0,2,0
N060435,REGIS JESUIT HIGH SCHOOL,F08005,11,CO,19740,"Denver-Aurora-Centennial, CO",216,"Denver-Aurora-Greeley, CO",0,0,0,0,0,0,0,0,0,0,1,0,0,0,1,0,0,0,1,0
N060510,ELIZABETH HIGH SCHOOL,F08039,42,CO,19740,"Denver-Aurora-Centennial, CO",216,"Denver-Aurora-Greeley, CO",0,0,0,0,1,0,1,0,0,0,0,0,0,0,0,0,0,0,0,0
N060515,CHERRY CREEK HIGH SHOOL,F08005,21,CO,19740,"Denver-Aurora-Centennial, CO",216,"Denver-Aurora-Greeley, CO",0,0,0,0,0,0,0,0,1,0,1,0,0,0,0,0,0,0,1,0
N060530,KENT DENVER SCHOOL,F08005,NA,CO,19740,"Denver-Aurora-Centennial, CO",216,"Denver-Aurora-Greeley, CO",0,0,0,0,0,0,0,0,0,0,0,0,1,0,0,0,0,0,0,0
N060535,SAINT MARYS ACADEMY HIGH SCH,F08005,NA,CO,19740,"Denver-Aurora-Centennial, CO",216,"Denver-Aurora-Greeley, CO",0,0,1,0,0,0,0,0,0,0,0,0,0,0,0,0,0,0,0,0
N060560,EVERGREEN SENIOR HIGH SCHOOL,F08059,31,CO,19740,"Denver-Aurora-Centennial, CO",216,"Denver-Aurora-Greeley, CO",0,0,0,0,0,0,0,0,0,0,0,0,1,0,0,0,0,0,0,0
N060565,SOUTH PARK SENIOR HIGH SCHOOL,F08093,43,CO,19740,"Denver-Aurora-Centennial, CO",216,"Denver-Aurora-Greeley, CO",0,0,0,0,0,0,0,0,0,0,0,0,0,0,0,0,1,0,0,0
N060585,HERITAGE CHRISTIAN ACADEMY,F08069,NA,CO,22660,"Fort Collins-Loveland, CO",N,N,0,0,1,0,0,0,0,0,0,0,0,0,0,0,0,0,0,0,0,0
N060587,POUDRE HIGH SCHOOL,F08069,12,CO,22660,"Fort Collins-Loveland, CO",N,N,0,0,0,0,1,0,0,0,0,0,0,0,0,0,0,0,0,0,0,0
N060588,ROCKY MOUNTAIN HIGH SCHOOL,F08069,12,CO,22660,"Fort Collins-Loveland, CO",N,N,0,0,0,0,0,0,0,0,0,0,0,0,0,0,0,0,1,0,0,0
N060600,MULLEN HIGH SCHOOL,F08031,NA,CO,19740,"Denver-Aurora-Centennial, CO",216,"Denver-Aurora-Greeley, CO",0,0,0,0,0,0,0,0,0,0,0,0,0,0,1,0,0,0,0,0
N060606,FOSSIL RIDGE HIGH SCHOOL,F08069,12,CO,22660,"Fort Collins-Loveland, CO",N,N,0,0,0,0,1,0,0,0,1,0,0,0,0,0,0,0,0,0,0,0
N060607,LIBERTY COMMON CHARTER SCHOOL,F08069,12,CO,22660,"Fort Collins-Loveland, CO",N,N,0,0,0,0,0,0,1,0,0,0,0,0,0,0,0,0,0,0,0,0
N060612,COLORADO EARLY COLLEGE FORT COLLINS,F08069,12,CO,22660,"Fort Collins-Loveland, CO",N,N,0,0,0,0,1,0,0,0,0,0,0,0,0,0,0,0,0,0,0,0
N060630,FRUITA MONUMENT HIGH SCHOOL,F08077,22,CO,24300,"Grand Junction, CO",N,N,0,0,0,0,0,0,0,0,0,0,0,0,1,0,0,0,0,0,0,0
N060671,D'EVELYN JR/SR HIGH SCHOOL,F08059,21,CO,19740,"Denver-Aurora-Centennial, CO",216,"Denver-Aurora-Greeley, CO",0,0,0,0,1,0,0,0,0,0,0,0,0,0,0,0,0,0,0,0
N060711,NORTHRIDGE HIGH SCHOOL,F08123,12,CO,24540,"Greeley, CO",216,"Denver-Aurora-Greeley, CO",0,0,0,0,0,0,0,0,0,0,0,0,0,0,1,0,0,0,0,0
N060717,FRONTIER ACADEMY,F08123,NA,CO,24540,"Greeley, CO",216,"Denver-Aurora-Greeley, CO",0,0,0,0,0,0,0,0,0,0,1,0,0,0,0,0,0,0,0,0
N060741,STEM SCHOOL,F08035,21,CO,19740,"Denver-Aurora-Centennial, CO",216,"Denver-Aurora-Greeley, CO",0,0,0,0,0,0,1,0,0,0,1,0,0,0,0,0,0,0,0,0
N060742,HIGHLANDS RANCH HIGH SCHOOL,F08035,21,CO,19740,"Denver-Aurora-Centennial, CO",216,"Denver-Aurora-Greeley, CO",1,0,0,0,0,0,0,0,0,0,0,0,1,0,0,0,0,0,0,0
N060746,THUNDERRIDGE HIGH SCHOOL,F08035,21,CO,19740,"Denver-Aurora-Centennial, CO",216,"Denver-Aurora-Greeley, CO",1,0,1,0,1,0,0,0,2,0,0,0,0,0,0,0,0,0,0,0
N060747,MOUNTAIN VISTA HIGH SCHOOL,F08035,21,CO,19740,"Denver-Aurora-Centennial, CO",216,"Denver-Aurora-Greeley, CO",1,0,1,0,1,0,0,0,0,0,1,0,0,0,0,0,1,0,2,0
N060749,VALOR CHRISTIAN HIGH SCHOOL,F08035,21,CO,19740,"Denver-Aurora-Centennial, CO",216,"Denver-Aurora-Greeley, CO",0,0,0,0,0,0,0,0,0,0,1,0,0,0,0,0,0,0,0,0
N060815,ROOSEVELT HIGH SCHOOL,F08123,41,CO,24540,"Greeley, CO",216,"Denver-Aurora-Greeley, CO",0,0,0,0,0,0,0,0,0,0,0,0,0,0,0,0,0,0,0,1
N060865,CENTAURUS HIGH SCHOOL,F08013,23,CO,14500,"Boulder, CO",216,"Denver-Aurora-Greeley, CO",0,0,0,0,0,0,0,0,1,0,0,0,0,0,0,0,0,0,1,0
N060883,GREEN MOUNTAIN HIGH SCHOOL,F08059,21,CO,19740,"Denver-Aurora-Centennial, CO",216,"Denver-Aurora-Greeley, CO",0,0,0,0,0,0,0,0,1,0,0,0,0,0,0,0,0,0,0,0
N060885,LAKEWOOD HIGH SCHOOL,F08059,21,CO,19740,"Denver-Aurora-Centennial, CO",216,"Denver-Aurora-Greeley, CO",0,0,1,0,0,0,0,0,0,0,0,0,0,0,1,0,0,0,0,0
N060923,DAKOTA RIDGE HIGH SCHOOL,F08059,21,CO,19740,"Denver-Aurora-Centennial, CO",216,"Denver-Aurora-Greeley, CO",0,0,0,0,0,0,0,0,0,0,0,0,0,0,1,0,1,0,0,0
N060926,CHATFIELD SENIOR HIGH SCHOOL,F08059,21,CO,19740,"Denver-Aurora-Centennial, CO",216,"Denver-Aurora-Greeley, CO",0,0,1,0,0,0,0,0,0,0,0,0,0,0,0,0,0,0,0,0
N060929,HERITAGE HIGH SCHOOL,F08005,21,CO,19740,"Denver-Aurora-Centennial, CO",216,"Denver-Aurora-Greeley, CO",0,0,1,0,0,0,0,0,0,0,0,0,0,0,0,0,0,0,0,0
N060938,SKYLINE HIGH SCHOOL,F08013,22,CO,14500,"Boulder, CO",216,"Denver-Aurora-Greeley, CO",0,0,0,0,0,0,0,0,0,0,0,0,1,0,0,0,0,0,0,0
N060950,LOVELAND HIGH SCHOOL,F08069,13,CO,22660,"Fort Collins-Loveland, CO",N,N,0,0,0,0,0,0,0,0,0,0,0,0,0,0,0,0,1,0,1,0
N060962,MEAD HIGH SCHOOL,F08123,41,CO,24540,"Greeley, CO",216,"Denver-Aurora-Greeley, CO",0,0,0,0,0,0,0,0,0,0,0,0,0,0,0,0,0,0,1,0
N061040,LEWIS PALMER HIGH SCHOOL,F08041,21,CO,17820,"Colorado Springs, CO",N,N,0,0,0,0,0,0,0,0,0,0,0,0,0,0,1,0,0,0,1,0
N061041,PALMER RIDGE HIGH SCHOOL,F08041,21,CO,17820,"Colorado Springs, CO",N,N,0,0,0,0,0,0,0,0,0,0,0,0,1,0,0,0,0,0,0,0
N061135,PAGOSA SPRINGS HIGH SCHOOL,F08007,41,CO,N,Non_CBSA,N,N,0,0,0,0,0,0,1,0,0,0,0,0,0,0,0,0,0,0,0,0
N061152,CHAPARRAL HIGH SCHOOL,F08035,21,CO,19740,"Denver-Aurora-Centennial, CO",216,"Denver-Aurora-Greeley, CO",0,0,1,0,0,0,0,0,0,0,3,0,0,0,0,0,0,0,1,0
N061159,LEGEND HIGH SCHOOL,F08035,21,CO,19740,"Denver-Aurora-Centennial, CO",216,"Denver-Aurora-Greeley, CO",0,0,0,0,0,0,0,0,0,0,0,0,0,0,0,0,0,0,1,0
N061165,PEYTON HIGH SCHOOL,F08041,42,CO,17820,"Colorado Springs, CO",N,N,0,0,0,0,0,0,0,0,0,0,0,0,0,0,0,0,0,0,1,0
N061167,FALCON HIGH SCHOOL,F08041,41,CO,17820,"Colorado Springs, CO",N,N,0,0,0,0,0,0,0,0,0,0,0,0,0,0,0,0,1,0,0,0
N061203,PUEBLO WEST HIGH SCHOOL,F08101,31,CO,39380,"Pueblo, CO",444,"Pueblo-Cañon City, CO",0,0,0,0,0,0,0,0,0,0,0,0,1,0,0,0,0,0,0,0
N061310,STEAMBOAT SPRINGS HIGH SCHOOL,F08107,33,CO,44460,"Steamboat Springs, CO",N,N,0,0,1,0,0,0,0,0,0,0,0,0,0,0,0,0,0,0,0,0
N061470,WINDSOR HIGH SCHOOL,F08123,21,CO,24540,"Greeley, CO",216,"Denver-Aurora-Greeley, CO",0,0,1,0,0,0,1,0,0,0,0,0,0,0,0,0,0,0,0,0
N070008,AVON HIGH SCHOOL,F09110,21,CT,25540,"Hartford-West Hartford-East Hartford, CT",405,"New Haven-Hartford-Waterbury, CT",0,0,0,0,0,0,0,0,0,0,0,0,1,0,0,0,0,0,0,0
N070076,BRISTOL EASTERN HIGH SCHOOL,F09140,21,CT,47930,"Waterbury-Shelton, CT",405,"New Haven-Hartford-Waterbury, CT",0,0,0,0,0,0,1,0,0,0,0,0,0,0,0,0,0,0,0,0
N070085,BROOKFIELD HIGH SCHOOL,F09190,22,CT,14860,"Bridgeport-Stamford-Danbury, CT",408,"New York-Newark, NY-NJ-CT-PA",0,0,1,0,0,0,0,0,0,0,0,0,0,0,0,0,0,0,0,0
N070136,QUINEBAUG MIDDLE COLLEGE HIGH SCHOOL,F09150,NA,CT,39480,"Putnam, CT",405,"New Haven-Hartford-Waterbury, CT",0,0,0,0,0,0,0,0,0,0,0,0,1,0,0,0,0,0,0,0
N070170,EAST HARTFORD HIGH SCHOOL,F09110,13,CT,25540,"Hartford-West Hartford-East Hartford, CT",405,"New Haven-Hartford-Waterbury, CT",0,0,0,0,0,0,0,0,0,1,0,0,0,0,0,0,0,0,0,0
N070177,EAST LYME HIGH SCHOOL,F09180,41,CT,35980,"Norwich-New London-Willimantic, CT",405,"New Haven-Hartford-Waterbury, CT",0,0,0,0,1,0,0,0,0,0,0,0,0,0,0,0,0,0,0,0
N070186,FAIRFIELD WARDE HIGH SCHOOL,F09120,21,CT,14860,"Bridgeport-Stamford-Danbury, CT",408,"New York-Newark, NY-NJ-CT-PA",0,0,0,0,1,0,0,0,0,0,0,0,0,0,0,0,0,0,0,0
N070215,GLASTONBURY HIGH SCHOOL,F09110,21,CT,25540,"Hartford-West Hartford-East Hartford, CT",405,"New Haven-Hartford-Waterbury, CT",0,0,0,0,0,0,0,0,0,0,0,0,0,0,0,0,0,0,1,0
N070342,LEDYARD HIGH SCHOOL,F09180,41,CT,35980,"Norwich-New London-Willimantic, CT",405,"New Haven-Hartford-Waterbury, CT",0,0,0,0,0,0,1,0,1,0,0,0,1,0,0,0,0,0,0,0
N070373,EAST CATHOLIC HIGH SCHOOL,F09110,NA,CT,25540,"Hartford-West Hartford-East Hartford, CT",405,"New Haven-Hartford-Waterbury, CT",0,0,1,0,0,0,0,0,0,0,0,0,0,0,0,0,0,0,0,0
N070424,JOSEPH A FORAN HIGH SCHOOL,F09170,21,CT,35300,"New Haven, CT",405,"New Haven-Hartford-Waterbury, CT",1,0,0,0,0,0,0,0,0,0,0,0,0,0,0,0,0,0,0,0
N070465,NEW CANAAN HIGH SCHOOL,F09190,21,CT,14860,"Bridgeport-Stamford-Danbury, CT",408,"New York-Newark, NY-NJ-CT-PA",1,0,0,0,0,0,0,0,0,0,0,0,0,0,0,0,1,0,0,0
N070545,NEW MILFORD HIGH SCHOOL,F09190,22,CT,14860,"Bridgeport-Stamford-Danbury, CT",408,"New York-Newark, NY-NJ-CT-PA",1,0,0,0,0,0,0,0,0,0,0,0,0,0,0,0,0,0,0,0
N070905,NOTRE DAME HIGH SCHOOL,F09170,NA,CT,35300,"New Haven, CT",405,"New Haven-Hartford-Waterbury, CT",0,0,0,0,0,0,0,0,0,0,0,0,0,0,0,0,1,0,0,0
N070965,AMITY REGIONAL HIGH SCHOOL,F09170,41,CT,35300,"New Haven, CT",405,"New Haven-Hartford-Waterbury, CT",0,0,0,0,1,0,1,0,0,0,0,0,0,0,0,0,0,0,0,0
N080050,SUSSEX CENTRAL SENIOR HIGH SCHOOL,F10005,41,DE,42580,"Seaford, DE",N,N,0,0,0,0,0,0,0,0,0,0,0,0,0,0,1,0,0,0,0,0
N080094,APPOQUINIMINK HIGH SCHOOL,F10003,41,DE,37980,"Philadelphia-Camden-Wilmington, PA-NJ-DE-MD",428,"Philadelphia-Reading-Camden, PA-NJ-DE-MD",0,0,0,0,1,0,0,0,0,0,0,0,0,0,0,0,0,0,0,0
N080164,CHARTER SCHOOL OF WILMINGTON,F10003,13,DE,37980,"Philadelphia-Camden-Wilmington, PA-NJ-DE-MD",428,"Philadelphia-Reading-Camden, PA-NJ-DE-MD",0,0,0,0,1,0,0,0,0,0,0,0,0,0,0,0,0,0,0,0
N080195,SALESIANUM SCHOOL,F10003,NA,DE,37980,"Philadelphia-Camden-Wilmington, PA-NJ-DE-MD",428,"Philadelphia-Reading-Camden, PA-NJ-DE-MD",0,0,0,0,0,0,0,0,0,0,0,0,0,0,1,0,0,0,0,0
N090023,BALLOU STAY,F11001,11,DC,47900,"Washington-Arlington-Alexandria, DC-VA-MD-WV",548,"Washington-Baltimore-Arlington, DC-MD-VA-WV-PA",0,0,0,0,0,0,1,0,0,0,0,0,0,0,0,0,0,0,0,0
N090086,HOWARD D WOODSON SENIOR HIGH SCHOOL,F11001,11,DC,47900,"Washington-Arlington-Alexandria, DC-VA-MD-WV",548,"Washington-Baltimore-Arlington, DC-MD-VA-WV-PA",0,0,1,0,0,0,0,0,0,0,0,0,0,0,0,0,0,0,0,0
N090185,ST JOHNS COLLEGE HIGH SCHOOL,F11001,NA,DC,47900,"Washington-Arlington-Alexandria, DC-VA-MD-WV",548,"Washington-Baltimore-Arlington, DC-MD-VA-WV-PA",0,0,0,0,1,0,0,0,0,0,0,0,0,0,0,0,0,0,0,0
N100035,APOPKA HIGH SCHOOL,F12095,21,FL,36740,"Orlando-Kissimmee-Sanford, FL",422,"Orlando-Lakeland-Deltona, FL",0,0,0,0,0,0,0,0,1,0,0,0,0,0,0,0,0,0,0,0
N100179,IMG ACADEMY,F12081,21,FL,35840,"North Port-Bradenton-Sarasota, FL",412,"North Port-Bradenton, FL",0,0,0,0,0,0,0,0,0,0,0,0,0,0,0,0,0,0,1,0
N100285,CYPRESS CREEK MIDDLE HIGH SCHL,F12101,NA,FL,45300,"Tampa-St. Petersburg-Clearwater, FL",N,N,0,0,0,0,0,0,0,0,0,0,0,0,0,0,1,0,0,0,0,0
N100444,ESTERO HIGH SCHOOL,F12071,21,FL,15980,"Cape Coral-Fort Myers, FL",163,"Cape Coral-Fort Myers-Naples, FL",0,0,0,0,0,0,1,0,0,0,0,0,0,0,0,0,0,0,0,0
N100476,WESTERN HIGH SCHOOL,F12011,21,FL,33100,"Miami-Fort Lauderdale-West Palm Beach, FL",370,"Miami-Port St. Lucie-Fort Lauderdale, FL",0,0,0,0,0,0,2,0,0,0,0,0,0,0,0,0,0,0,0,0
N100508,BISHOP VEROT CATHOLIC HIGH SCHOOL,F12071,NA,FL,15980,"Cape Coral-Fort Myers, FL",163,"Cape Coral-Fort Myers-Naples, FL",0,0,0,0,0,0,0,0,0,0,0,0,0,0,1,0,0,0,0,0
N100520,FORT PIERCE CENTRAL HIGH SCHOOL,F12111,21,FL,38940,"Port St. Lucie, FL",370,"Miami-Port St. Lucie-Fort Lauderdale, FL",1,0,0,0,0,0,0,0,0,0,0,0,0,0,0,0,0,0,0,0
N100577,ARCHBISHOP MCCARTHY HIGH SCHOOL,F12011,21,FL,33100,"Miami-Fort Lauderdale-West Palm Beach, FL",370,"Miami-Port St. Lucie-Fort Lauderdale, FL",0,0,0,0,1,0,0,0,0,0,0,0,0,0,0,0,0,0,0,0
N100620,HAINES CITY SENIOR HIGH SCHOOL,F12105,21,FL,29460,"Lakeland-Winter Haven, FL",422,"Orlando-Lakeland-Deltona, FL",0,0,0,0,1,0,0,0,0,0,0,0,0,0,0,0,0,0,0,0
N100666,AMERICAN SENIOR HIGH SCHOOL,F12086,21,FL,33100,"Miami-Fort Lauderdale-West Palm Beach, FL",370,"Miami-Port St. Lucie-Fort Lauderdale, FL",0,0,0,0,0,0,0,0,0,0,0,0,0,0,0,0,0,0,1,0
N100700,SOUTH DADE HIGH SCHOOL,F12086,21,FL,33100,"Miami-Fort Lauderdale-West Palm Beach, FL",370,"Miami-Port St. Lucie-Fort Lauderdale, FL",0,0,0,0,0,0,0,0,0,0,0,0,0,0,0,0,1,0,0,0
N100957,NEWSOME HIGH SCHOOL,F12057,41,FL,45300,"Tampa-St. Petersburg-Clearwater, FL",N,N,0,0,0,0,0,0,0,0,0,0,0,0,0,0,0,0,0,0,1,0
N100980,MADISON COUNTY HIGH SCHOOL,F12079,42,FL,N,Non_CBSA,N,N,1,0,0,0,0,0,0,0,0,0,0,0,0,0,0,0,0,0,0,0
N101003,HOLY TRINITY EPISCOPAL ACADEMY,F12009,21,FL,37340,"Palm Bay-Melbourne-Titusville, FL",N,N,0,0,0,0,0,0,0,0,0,0,1,0,0,0,0,0,0,0,0,0
N101182,ROBERT MORGAN VOCATIONAL TECHNICAL INSTITUTE,F12086,21,FL,33100,"Miami-Fort Lauderdale-West Palm Beach, FL",370,"Miami-Port St. Lucie-Fort Lauderdale, FL",0,0,0,0,0,0,1,0,0,0,0,0,0,0,0,0,0,0,0,0
N101210,NAPLES HIGH SCHOOL,F12021,13,FL,34940,"Naples-Marco Island, FL",163,"Cape Coral-Fort Myers-Naples, FL",0,0,0,0,0,0,0,0,0,0,1,0,0,0,0,0,0,0,0,0
N101248,CYPRESS CREEK HIGH SCHOOL,F12095,21,FL,36740,"Orlando-Kissimmee-Sanford, FL",422,"Orlando-Lakeland-Deltona, FL",1,0,0,0,0,0,0,0,0,0,0,0,0,0,0,0,0,0,0,0
N101285,BISHOP MOORE HIGH SCHOOL,F12095,11,FL,36740,"Orlando-Kissimmee-Sanford, FL",422,"Orlando-Lakeland-Deltona, FL",0,0,1,0,0,0,0,0,0,0,0,0,0,0,0,0,0,0,0,0
N101287,COLONIAL HIGH SCHOOL,F12095,21,FL,36740,"Orlando-Kissimmee-Sanford, FL",422,"Orlando-Lakeland-Deltona, FL",0,0,0,0,0,0,0,0,0,0,0,0,0,0,0,0,0,0,1,0
N101378,NA,NA,NA,NA,NA,NA,NA,NA,0,0,0,0,0,0,0,0,0,0,0,0,1,0,0,0,0,0,0,0
N101493,ROYAL PALM BEACH COMMUNITY HIGH SCHOOL,F12099,21,FL,33100,"Miami-Fort Lauderdale-West Palm Beach, FL",370,"Miami-Port St. Lucie-Fort Lauderdale, FL",0,0,0,0,0,0,1,0,0,0,0,0,0,0,0,0,0,0,0,0
N101545,DR MICHAEL M KROP SENIOR HIGH SCHOOL,F12086,21,FL,33100,"Miami-Fort Lauderdale-West Palm Beach, FL",370,"Miami-Port St. Lucie-Fort Lauderdale, FL",1,0,0,0,0,0,0,0,0,0,0,0,0,0,0,0,0,0,0,0
N101572,CARDINAL MOONEY CATHOLIC HIGH SCHOOL,F12115,NA,FL,35840,"North Port-Bradenton-Sarasota, FL",412,"North Port-Bradenton, FL",0,0,0,0,0,0,0,0,0,0,0,0,0,0,1,0,0,0,0,0
N101585,SARASOTA HIGH SCHOOL,F12115,13,FL,35840,"North Port-Bradenton-Sarasota, FL",412,"North Port-Bradenton, FL",0,0,0,0,0,0,0,0,0,0,0,0,1,0,0,0,0,0,0,0
N101623,MIAMI PALMETTO SENIOR HIGH SCHOOL,F12086,21,FL,33100,"Miami-Fort Lauderdale-West Palm Beach, FL",370,"Miami-Port St. Lucie-Fort Lauderdale, FL",1,0,0,0,0,0,0,0,0,0,0,0,0,0,0,0,0,0,0,0
N101729,TAMPA PREPARATORY SCHOOL,F12057,11,FL,45300,"Tampa-St. Petersburg-Clearwater, FL",N,N,1,0,0,0,0,0,0,0,0,0,0,0,0,0,0,0,0,0,0,0
N101798,FLEMING ISLAND HIGH SCHOOL,F12019,21,FL,27260,"Jacksonville, FL",300,"Jacksonville-Kingsland-Palatka, FL-GA",1,0,0,0,0,0,0,0,0,0,0,0,0,0,0,0,0,0,0,0
N101842,CYPRESS BAY HIGH SCHOOL,F12011,21,FL,33100,"Miami-Fort Lauderdale-West Palm Beach, FL",370,"Miami-Port St. Lucie-Fort Lauderdale, FL",0,0,0,0,0,0,1,0,0,0,0,0,0,0,0,0,0,0,0,0
N101843,SOMERSET ACADEMY CHARTER HIGH,F12011,21,FL,33100,"Miami-Fort Lauderdale-West Palm Beach, FL",370,"Miami-Port St. Lucie-Fort Lauderdale, FL",0,0,0,0,0,0,0,0,0,0,0,0,0,0,1,0,0,0,0,0
N101902,WINTER PARK HIGH SCHOOL,F12095,21,FL,36740,"Orlando-Kissimmee-Sanford, FL",422,"Orlando-Lakeland-Deltona, FL",0,0,0,0,0,0,1,0,0,0,0,0,0,0,0,0,0,0,0,0
N102123,BROOKS DEBARTOLO COLLEGIATE HIGH SCHOOL,F12057,11,FL,45300,"Tampa-St. Petersburg-Clearwater, FL",N,N,0,0,0,0,1,0,0,0,0,0,0,0,0,0,0,0,0,0,0,0
N102288,AMERICAN HIGH SCHOOL,F12011,NA,FL,33100,"Miami-Fort Lauderdale-West Palm Beach, FL",370,"Miami-Port St. Lucie-Fort Lauderdale, FL",0,0,0,0,0,0,0,0,0,0,0,0,0,0,0,0,0,0,1,0
N102454,MOSAIC DIGITAL ACADEMY,F12111,41,FL,38940,"Port St. Lucie, FL",370,"Miami-Port St. Lucie-Fort Lauderdale, FL",0,0,0,0,1,0,0,0,0,0,0,0,0,0,0,0,0,0,0,0
N102505,INSPIRATION ACADEMY,F12081,21,FL,35840,"North Port-Bradenton-Sarasota, FL",412,"North Port-Bradenton, FL",0,0,0,0,0,0,0,0,0,0,0,0,0,0,0,0,0,0,1,0
N102538,JULE F SUMNER HIGH SCHOOL,F12057,NA,FL,45300,"Tampa-St. Petersburg-Clearwater, FL",N,N,0,0,0,0,0,0,0,0,0,0,0,0,0,0,0,0,0,0,1,0
N102581,LAKE MINNEOLA HIGH SCHOOL,F12069,41,FL,36740,"Orlando-Kissimmee-Sanford, FL",422,"Orlando-Lakeland-Deltona, FL",0,0,0,0,0,0,0,0,0,0,0,0,0,0,1,0,0,0,0,0
N110040,ALBANY HIGH SCHOOL,F13095,NA,GA,10500,"Albany, GA",N,N,0,0,0,0,0,0,0,0,0,0,0,0,0,0,0,0,1,0,0,0
N110058,ALPHARETTA HIGH SCHOOL,F13121,13,GA,12060,"Atlanta-Sandy Springs-Roswell, GA",122,"Atlanta--Athens-Clarke County--Sandy Springs, GA-AL",0,0,0,0,1,0,0,0,0,0,0,0,0,0,0,0,0,0,0,0
N110059,KING'S RIDGE CHRISTIAN SCHOOL,F13121,13,GA,12060,"Atlanta-Sandy Springs-Roswell, GA",122,"Atlanta--Athens-Clarke County--Sandy Springs, GA-AL",0,0,0,0,0,0,0,0,0,0,1,0,0,0,0,0,0,0,0,0
N110401,NORTH OCONEE HIGH SCHOOL,F13219,41,GA,12020,"Athens-Clarke County, GA",122,"Atlanta--Athens-Clarke County--Sandy Springs, GA-AL",0,0,1,0,0,0,0,0,0,0,0,0,0,0,0,0,0,0,0,0
N110460,SOUTHEAST BULLOCH COUNTY HIGH SCHOOL,F13031,42,GA,44340,"Statesboro, GA",496,"Savannah-Hinesville-Statesboro, GA",0,0,0,0,0,0,0,0,0,0,1,0,0,0,0,0,0,0,0,0
N110922,SOUTH FORSYTH HIGH SCHOOL,F13117,21,GA,12060,"Atlanta-Sandy Springs-Roswell, GA",122,"Atlanta--Athens-Clarke County--Sandy Springs, GA-AL",0,0,0,0,0,0,0,0,0,0,0,0,0,0,0,0,0,0,1,0
N110927,LAMBERT HIGH SCHOOL,F13117,21,GA,12060,"Atlanta-Sandy Springs-Roswell, GA",122,"Atlanta--Athens-Clarke County--Sandy Springs, GA-AL",0,0,0,0,0,0,0,0,0,0,0,0,0,0,1,0,0,0,0,0
N111045,DECATUR HIGH SCHOOL,F13089,21,GA,12060,"Atlanta-Sandy Springs-Roswell, GA",122,"Atlanta--Athens-Clarke County--Sandy Springs, GA-AL",0,0,0,0,0,0,0,0,0,0,1,0,0,0,0,0,0,0,0,0
N111103,HARVESTER CHRISTIAN ACADEMY,F13097,NA,GA,12060,"Atlanta-Sandy Springs-Roswell, GA",122,"Atlanta--Athens-Clarke County--Sandy Springs, GA-AL",0,0,0,0,0,0,0,0,0,0,0,0,0,0,1,0,0,0,0,0
N111258,GREENBRIER HIGH SCHOOL,F13073,41,GA,12260,"Augusta-Richmond County, GA-SC",N,N,0,0,0,0,1,0,1,0,0,0,0,0,0,0,0,0,0,0,0,0
N111528,GROVETOWN HIGH SCHOOL,F13073,NA,GA,12260,"Augusta-Richmond County, GA-SC",N,N,0,0,0,0,0,0,0,0,0,0,0,0,1,0,0,0,0,0,0,0
N111551,DUTCHTOWN HIGH SCHOOL,F13151,21,GA,12060,"Atlanta-Sandy Springs-Roswell, GA",122,"Atlanta--Athens-Clarke County--Sandy Springs, GA-AL",0,0,0,0,0,0,0,0,0,0,0,1,0,0,0,0,0,0,0,0
N111729,MUNDY'S MILL HIGH SCHOOL,F13063,21,GA,12060,"Atlanta-Sandy Springs-Roswell, GA",122,"Atlanta--Athens-Clarke County--Sandy Springs, GA-AL",0,0,1,0,0,0,0,0,0,0,0,0,0,0,0,0,0,0,0,0
N111800,MOUNTAIN VIEW HIGH SCHOOL,F13135,21,GA,12060,"Atlanta-Sandy Springs-Roswell, GA",122,"Atlanta--Athens-Clarke County--Sandy Springs, GA-AL",0,0,0,0,0,0,0,0,0,0,0,0,1,0,0,0,0,0,0,0
N112038,EAGLES LANDING HIGH SCHOOL,F13151,21,GA,12060,"Atlanta-Sandy Springs-Roswell, GA",122,"Atlanta--Athens-Clarke County--Sandy Springs, GA-AL",0,0,0,0,0,0,0,0,0,0,0,0,0,0,0,0,0,0,1,0
N112129,CAMBRIDGE HIGH SCHOOL,F13121,21,GA,12060,"Atlanta-Sandy Springs-Roswell, GA",122,"Atlanta--Athens-Clarke County--Sandy Springs, GA-AL",0,0,0,0,0,0,1,0,0,0,0,0,0,0,0,0,0,0,0,0
N113151,HOUSTON COUNTY HIGH SCHOOL,F13153,13,GA,47580,"Warner Robins, GA",356,"Macon-Bibb County--Warner Robins, GA",1,0,0,0,0,0,0,0,0,0,0,0,0,0,0,0,0,0,0,0
N120022,WAIAKEA HIGH SCHOOL,F15001,33,HI,25900,"Hilo-Kailua, HI",N,N,0,0,0,0,0,0,0,0,0,0,0,0,0,0,1,0,0,0,0,0
N120075,MID PACIFIC INSTITUTE,F15003,NA,HI,46520,"Urban Honolulu, HI",N,N,0,0,0,0,0,0,0,0,0,0,0,0,1,0,0,0,0,0,0,0
N120150,HAWAII PREPARATORY ACADEMY,F15001,33,HI,25900,"Hilo-Kailua, HI",N,N,0,0,0,0,0,0,0,0,0,0,0,0,1,0,0,0,0,0,0,0
N120200,KAU HIGH SCHOOL,F15001,43,HI,25900,"Hilo-Kailua, HI",N,N,0,0,0,0,1,0,0,0,0,0,0,0,0,0,0,0,0,0,0,0
N130054,TIMBERLINE HIGH SCHOOL,F16001,12,ID,14260,"Boise City, ID",147,"Boise City-Mountain Home-Ontario, ID-OR",0,0,0,0,0,0,0,0,0,0,0,0,0,0,0,0,0,0,1,0
N130095,CASCADE HIGH SCHOOL,F16085,43,ID,N,Non_CBSA,N,N,0,0,0,0,0,0,0,0,0,0,0,0,0,0,0,0,0,0,1,0
N130119,LAKE CITY HIGH SCHOOL,F16055,13,ID,17660,"Coeur d'Alene, ID",518,"Spokane-Spokane Valley-Coeur d'Alene, WA-ID",0,0,0,0,0,0,0,0,0,0,0,0,0,0,1,0,0,0,0,0
N130215,FRUITLAND HIGH SCHOOL,F16075,32,ID,36620,"Ontario, OR-ID",147,"Boise City-Mountain Home-Ontario, ID-OR",0,0,0,0,0,0,0,0,0,0,0,0,0,0,1,0,0,0,0,0
N130292,SKYLINE HIGH SCHOOL,F16019,13,ID,26820,"Idaho Falls, ID",292,"Idaho Falls-Rexburg-Blackfoot, ID",0,0,0,0,1,0,0,0,0,0,0,0,0,0,0,0,0,0,0,0
N130355,LEWISTON HIGH SCHOOL,F16069,41,ID,30300,"Lewiston, ID-WA",N,N,0,0,0,0,0,0,0,0,0,0,0,0,0,0,1,0,0,0,0,0
N130389,CENTENNIAL HIGH SCHOOL,F16001,12,ID,14260,"Boise City, ID",147,"Boise City-Mountain Home-Ontario, ID-OR",0,0,0,0,0,0,0,0,0,0,0,0,0,0,1,0,0,0,0,0
N130398,RENAISSANCE HIGH SCHOOL,F16001,21,ID,14260,"Boise City, ID",147,"Boise City-Mountain Home-Ontario, ID-OR",0,0,0,0,0,0,0,0,0,0,0,0,0,0,0,0,0,0,1,0
N130497,CENTURY HIGH SCHOOL,F16005,41,ID,38540,"Pocatello, ID",N,N,0,0,0,0,0,0,0,0,1,0,0,0,0,0,0,0,0,0,0,0
N140003,ADDISON TRAIL HIGH SCHOOL,F17043,21,IL,16980,"Chicago-Naperville-Elgin, IL-IN",176,"Chicago-Naperville, IL-IN-WI",0,0,0,0,0,0,0,0,0,0,1,0,0,0,0,0,0,0,3,0
N140008,MERCER COUNTY HIGH SCHOOL,F17131,42,IL,19340,"Davenport-Moline-Rock Island, IA-IL",209,"Davenport-Moline, IA-IL",0,0,0,0,0,0,0,0,0,0,0,0,0,0,0,0,0,0,1,0
N140021,ABINGDON-AVON HIGH SCHOOL,F17095,33,IL,23660,"Galesburg, IL",N,N,0,0,0,0,0,0,0,0,1,0,0,0,0,0,2,0,0,0,0,0
N140027,HARRY D. JACOBS HIGH SCHOOL,F17111,21,IL,16980,"Chicago-Naperville-Elgin, IL-IN",176,"Chicago-Naperville, IL-IN-WI",5,0,6,0,3,0,1,0,4,0,4,0,3,0,0,0,1,0,4,0
N140040,ALTON HIGH SCHOOL,F17119,23,IL,41180,"St. Louis, MO-IL",476,"St. Louis-St. Charles-Farmington, MO-IL",0,0,0,0,0,0,0,0,1,0,0,0,0,0,0,0,0,0,0,0
N140055,AMBOY HIGH SCHOOL,F17103,42,IL,19940,"Dixon, IL",221,"Dixon-Sterling, IL",0,0,1,0,0,0,0,0,0,0,0,0,0,0,0,0,0,0,0,0
N140065,ANNAWAN HIGH SCHOOL,F17073,42,IL,19340,"Davenport-Moline-Rock Island, IA-IL",209,"Davenport-Moline, IA-IL",0,0,0,0,1,0,0,0,0,0,0,0,0,0,1,0,0,0,0,0
N140070,ANTIOCH COMMUNITY HIGH SCHOOL,F17097,21,IL,16980,"Chicago-Naperville-Elgin, IL-IN",176,"Chicago-Naperville, IL-IN-WI",1,0,0,0,3,0,4,0,1,0,1,0,2,0,2,0,2,0,1,0
N140090,ARGO COMMUNITY HIGH SCHOOL,F17031,21,IL,16980,"Chicago-Naperville-Elgin, IL-IN",176,"Chicago-Naperville, IL-IN-WI",0,0,0,0,1,0,0,0,0,0,0,0,0,0,1,0,0,0,0,0
N140097,JOHN HERSEY HIGH SCHOOL,F17031,21,IL,16980,"Chicago-Naperville-Elgin, IL-IN",176,"Chicago-Naperville, IL-IN-WI",2,0,2,0,2,0,0,0,3,0,8,0,7,0,4,0,6,0,2,0
N140098,ST VIATOR HIGH SCHOOL,F17031,13,IL,16980,"Chicago-Naperville-Elgin, IL-IN",176,"Chicago-Naperville, IL-IN-WI",0,0,0,0,1,0,1,0,1,0,2,0,1,0,0,0,1,0,2,0
N140150,URBAN PREP ACADEMY BRONZEVILLE,F17031,11,IL,16980,"Chicago-Naperville-Elgin, IL-IN",176,"Chicago-Naperville, IL-IN-WI",0,0,1,0,0,0,0,0,0,0,0,0,0,0,0,0,0,0,0,0
N140175,AURORA CENTRAL CATHOLIC HIGH SCHOOL,F17089,21,IL,16980,"Chicago-Naperville-Elgin, IL-IN",176,"Chicago-Naperville, IL-IN-WI",1,0,0,0,1,0,0,0,0,0,0,0,1,0,1,0,0,0,0,0
N140176,AURORA CHRISTIAN SCHOOLS,F17089,21,IL,16980,"Chicago-Naperville-Elgin, IL-IN",176,"Chicago-Naperville, IL-IN-WI",0,0,0,0,1,0,0,0,0,0,0,0,0,0,1,0,0,0,0,0
N140177,ILLINOIS MATH AND SCIENCE ACADEMY,F17089,21,IL,16980,"Chicago-Naperville-Elgin, IL-IN",176,"Chicago-Naperville, IL-IN-WI",3,0,1,0,0,0,0,0,0,0,1,0,2,0,1,0,0,0,1,0
N140178,MARMION ACADEMY,F17043,21,IL,16980,"Chicago-Naperville-Elgin, IL-IN",176,"Chicago-Naperville, IL-IN-WI",1,0,2,0,4,0,1,0,1,0,5,0,4,0,3,0,4,0,3,0
N140182,ROSARY HIGH SCHOOL,F17089,NA,IL,16980,"Chicago-Naperville-Elgin, IL-IN",176,"Chicago-Naperville, IL-IN-WI",0,0,0,0,0,0,0,0,0,0,0,0,1,0,0,0,0,0,0,0
N140184,WAUBONSIE VALLEY HIGH SCHOOL,F17043,21,IL,16980,"Chicago-Naperville-Elgin, IL-IN",176,"Chicago-Naperville, IL-IN-WI",5,0,8,0,6,0,5,0,5,0,6,0,5,0,3,0,9,0,2,0
N140185,WEST AURORA SENIOR HIGH SCHOOL,F17089,21,IL,16980,"Chicago-Naperville-Elgin, IL-IN",176,"Chicago-Naperville, IL-IN-WI",1,0,0,0,0,0,0,0,2,0,1,0,3,0,3,0,2,0,5,0
N140187,METEA VALLEY HIGH SCHOOL,F17043,21,IL,16980,"Chicago-Naperville-Elgin, IL-IN",176,"Chicago-Naperville, IL-IN-WI",2,0,7,0,5,0,6,0,3,0,3,0,6,0,8,0,5,0,3,0
N140205,BARRINGTON COMMUNITY HIGH SCHOOL,F17097,21,IL,16980,"Chicago-Naperville-Elgin, IL-IN",176,"Chicago-Naperville, IL-IN-WI",8,0,9,0,4,0,6,0,5,0,5,0,4,0,3,0,3,0,3,0
N140212,BATAVIA HIGH SCHOOL,F17089,21,IL,16980,"Chicago-Naperville-Elgin, IL-IN",176,"Chicago-Naperville, IL-IN-WI",10,0,5,0,9,0,12,0,3,0,5,0,7,1,8,0,6,0,5,0
N140213,BARTLETT HIGH SCHOOL,F17043,21,IL,16980,"Chicago-Naperville-Elgin, IL-IN",176,"Chicago-Naperville, IL-IN-WI",3,0,14,0,14,0,5,0,6,0,6,0,4,0,2,0,1,0,5,0
N140251,ALTHOFF CATHOLIC HIGH SCHOOL,F17163,21,IL,41180,"St. Louis, MO-IL",476,"St. Louis-St. Charles-Farmington, MO-IL",0,0,0,0,1,0,0,0,0,0,0,0,0,0,0,0,0,0,0,0
N140252,BELLEVILLE HIGH SCHOOL EAST,F17163,21,IL,41180,"St. Louis, MO-IL",476,"St. Louis-St. Charles-Farmington, MO-IL",0,0,1,0,0,0,0,0,0,0,0,0,0,0,0,0,0,0,0,0
N140275,BELVIDERE HIGH SCHOOL,F17007,21,IL,40420,"Rockford, IL",466,"Rockford-Freeport-Rochelle, IL",3,0,1,0,0,0,1,0,0,0,0,0,0,0,0,0,0,0,0,0
N140279,BELVIDERE NORTH HIGH SCH,F17007,41,IL,40420,"Rockford, IL",466,"Rockford-Freeport-Rochelle, IL",3,0,0,0,0,0,1,0,1,0,1,0,1,0,1,0,0,0,0,0
N140290,FENTON HIGH SCHOOL,F17043,21,IL,16980,"Chicago-Naperville-Elgin, IL-IN",176,"Chicago-Naperville, IL-IN-WI",1,0,0,0,2,0,0,0,0,0,0,0,0,0,0,0,2,0,0,0
N140303,J S MORTON HIGH SCHOOL WEST,F17031,21,IL,16980,"Chicago-Naperville-Elgin, IL-IN",176,"Chicago-Naperville, IL-IN-WI",0,0,1,0,0,0,0,0,0,0,0,0,0,0,0,0,0,0,0,0
N140335,BLOOMINGTON HIGH SCHOOL,F17113,13,IL,14010,"Bloomington, IL",145,"Bloomington-Pontiac, IL",0,0,0,0,1,0,0,0,1,0,0,0,0,0,0,0,0,0,2,0
N140340,CENTRAL CATHOLIC HIGH SCHOOL,F17113,13,IL,14010,"Bloomington, IL",145,"Bloomington-Pontiac, IL",1,0,2,0,0,0,0,0,1,0,1,0,2,0,3,0,2,0,0,0
N140341,CORNERSTONE CHRISTIAN ACADEMY,F17113,NA,IL,14010,"Bloomington, IL",145,"Bloomington-Pontiac, IL",0,0,0,0,0,0,0,0,0,0,0,0,0,0,0,0,0,0,1,0
N140367,BOLINGBROOK HIGH SCHOOL,F17197,13,IL,16980,"Chicago-Naperville-Elgin, IL-IN",176,"Chicago-Naperville, IL-IN-WI",1,0,0,0,0,0,1,0,2,0,3,0,1,0,0,0,0,0,7,0
N140380,BRADLEY BOURBONNAIS HIGH SCHOOL,F17091,23,IL,28100,"Kankakee, IL",176,"Chicago-Naperville, IL-IN-WI",0,0,0,0,1,0,0,0,0,0,0,0,0,0,0,0,1,0,0,0
N140385,REED-CUSTER HIGH SCHOOL,F17197,31,IL,16980,"Chicago-Naperville-Elgin, IL-IN",176,"Chicago-Naperville, IL-IN-WI",0,0,1,0,0,0,0,0,0,0,2,0,0,0,0,0,1,0,1,0
N140410,BRIMFIELD HIGH SCHOOL,F17143,42,IL,37900,"Peoria, IL",427,"Peoria-Canton, IL",2,0,0,0,0,0,1,0,0,0,0,0,0,0,1,0,0,0,0,0
N140442,MARYVILLE CHRISTIAN SCHOOL,F17119,21,IL,41180,"St. Louis, MO-IL",476,"St. Louis-St. Charles-Farmington, MO-IL",0,0,0,0,0,0,1,0,0,0,0,0,0,0,1,0,0,0,0,0
N140445,TRI-CITY HIGH SCHOOL,F17167,42,IL,44100,"Springfield, IL",522,"Springfield-Jacksonville-Lincoln, IL",0,0,0,0,0,0,0,0,0,0,0,0,0,0,0,0,0,0,1,0
N140447,BUFFALO GROVE HIGH SCHOOL,F17031,21,IL,16980,"Chicago-Naperville-Elgin, IL-IN",176,"Chicago-Naperville, IL-IN-WI",2,0,0,0,3,0,1,0,5,0,4,0,1,0,4,0,3,0,6,0
N140454,CENTRAL HIGH SCHOOL,F17089,41,IL,16980,"Chicago-Naperville-Elgin, IL-IN",176,"Chicago-Naperville, IL-IN-WI",4,0,1,0,1,0,2,0,2,0,3,0,5,0,1,0,2,0,4,0
N140455,BUSHNELL PRAIRIE CITY HIGH SCHOOL,F17109,42,IL,31380,"Macomb, IL",N,N,0,0,0,0,0,0,0,0,0,0,0,0,0,0,0,0,0,0,1,0
N140460,BYRON HIGH SCHOOL,F17141,31,IL,40300,"Rochelle, IL",466,"Rockford-Freeport-Rochelle, IL",1,0,1,0,0,0,4,0,1,0,1,0,0,0,2,0,0,0,1,0
N140480,CAMBRIDGE COMMUNITY HIGH SCHOOL,F17073,42,IL,19340,"Davenport-Moline-Rock Island, IA-IL",209,"Davenport-Moline, IA-IL",0,0,1,0,1,0,0,0,0,0,0,0,0,0,0,0,0,1,0,0
N140490,CAMP POINT CENTRAL HIGH SCHOOL,F17001,43,IL,39500,"Quincy, IL-MO",448,"Quincy-Hannibal, IL-MO",0,0,0,0,0,0,0,0,0,0,2,0,0,0,1,0,0,0,0,0
N140495,CANTON HIGH SCHOOL,F17057,32,IL,15900,"Canton, IL",427,"Peoria-Canton, IL",0,0,0,0,0,0,0,0,0,0,0,0,0,0,1,0,0,0,0,0
N140510,CARBONDALE COMMUNITY HIGH SCHOOL,F17077,32,IL,16060,"Carbondale, IL",166,"Carbondale-Marion-Herrin, IL",0,0,1,0,1,0,0,0,0,0,0,0,0,0,0,0,0,0,0,0
N140525,CARLYLE HIGH SCHOOL,F17027,42,IL,41180,"St. Louis, MO-IL",476,"St. Louis-St. Charles-Farmington, MO-IL",0,0,0,0,0,0,0,0,0,0,1,0,0,0,0,0,0,0,0,0
N140529,ILLINI WEST HIGH SCHOOL,F17067,33,IL,N,Non_CBSA,N,N,0,0,0,0,0,0,1,0,0,0,0,0,0,0,0,0,0,0,1,0
N140534,GLENBARD NORTH HIGH SCHOOL,F17043,21,IL,16980,"Chicago-Naperville-Elgin, IL-IN",176,"Chicago-Naperville, IL-IN-WI",3,0,2,0,1,0,0,0,0,0,1,0,3,0,3,0,0,0,2,0
N140536,DUNDEE-CROWN HIGH SCHOOL,F17089,21,IL,16980,"Chicago-Naperville-Elgin, IL-IN",176,"Chicago-Naperville, IL-IN-WI",2,0,1,0,1,0,2,0,0,0,2,0,1,0,1,0,0,0,1,0
N140563,CARY GROVE COMMUNITY HIGH SCHOOL,F17111,21,IL,16980,"Chicago-Naperville-Elgin, IL-IN",176,"Chicago-Naperville, IL-IN-WI",9,0,8,0,5,0,6,0,3,0,7,0,7,0,3,0,4,0,6,0
N140593,CENTENNIAL HIGH SCHOOL,F17019,13,IL,16580,"Champaign-Urbana, IL",169,"Champaign-Urbana-Danville, IL",0,0,0,0,0,0,0,0,0,0,0,0,0,0,0,0,1,0,0,0
N140595,CHAMPAIGN CENTRAL HIGH SCHOOL,F17019,13,IL,16580,"Champaign-Urbana, IL",169,"Champaign-Urbana-Danville, IL",0,0,1,0,0,0,2,0,0,0,0,0,0,0,0,0,0,0,0,0
N140605,TRIOPIA JUNIOR-SENIOR HIGH SCHOOL,F17137,42,IL,27300,"Jacksonville, IL",522,"Springfield-Jacksonville-Lincoln, IL",0,0,0,0,0,0,0,0,0,0,0,0,0,0,0,0,0,0,1,0
N140610,CHARLESTON HIGH SCHOOL,F17029,33,IL,16660,"Charleston-Mattoon, IL",N,N,1,0,0,0,0,0,0,0,0,0,0,0,0,0,0,0,0,0,0,0
N140612,GLENWOOD SENIOR HIGH SCHOOL,F17167,22,IL,44100,"Springfield, IL",522,"Springfield-Jacksonville-Lincoln, IL",0,0,1,0,0,0,1,0,1,0,2,0,0,0,0,0,0,0,2,0
N140640,LANE TECHNICAL HIGH SCHOOL,F17031,11,IL,16980,"Chicago-Naperville-Elgin, IL-IN",176,"Chicago-Naperville, IL-IN-WI",0,0,4,0,1,0,2,0,0,0,1,0,0,0,3,0,4,0,7,0
N140655,AMUNDSEN HIGH SCHOOL,F17031,11,IL,16980,"Chicago-Naperville-Elgin, IL-IN",176,"Chicago-Naperville, IL-IN-WI",0,0,0,0,0,0,0,0,0,0,0,0,0,0,0,0,1,0,1,0
N140682,BR RICE HIGH SCHOOL,F17031,11,IL,16980,"Chicago-Naperville-Elgin, IL-IN",176,"Chicago-Naperville, IL-IN-WI",1,0,2,0,0,0,0,0,0,0,1,0,1,0,1,0,0,0,0,0
N140699,SOUTH SHORE INTERNATIONAL,F17031,11,IL,16980,"Chicago-Naperville-Elgin, IL-IN",176,"Chicago-Naperville, IL-IN-WI",1,0,0,0,0,0,0,0,0,0,0,0,0,0,0,0,1,0,0,0
N140720,SOUTHWEST CHICAGO CHRISTIAN SCHOOLS,F17031,21,IL,16980,"Chicago-Naperville-Elgin, IL-IN",176,"Chicago-Naperville, IL-IN-WI",0,0,0,0,0,0,0,0,0,0,0,0,0,0,1,0,0,0,1,0
N140723,CHICAGO HIGH SCHOOL AGRICULTURAL SCIENCE,F17031,11,IL,16980,"Chicago-Naperville-Elgin, IL-IN",176,"Chicago-Naperville, IL-IN-WI",0,0,0,0,0,0,1,0,0,0,0,0,1,0,0,0,0,0,0,0
N140763,CORLISS HIGH SCHOOL,F17031,11,IL,16980,"Chicago-Naperville-Elgin, IL-IN",176,"Chicago-Naperville, IL-IN-WI",0,0,0,0,1,0,0,0,0,0,0,0,0,0,0,0,0,0,0,0
N140825,MARTIN L KING JR COLLEGE PREP HIGH SCHOOL,F17031,11,IL,16980,"Chicago-Naperville-Elgin, IL-IN",176,"Chicago-Naperville, IL-IN-WI",0,0,0,0,0,0,1,0,0,0,0,0,0,0,0,0,0,0,0,0
N140827,JOHNSON COLLEGE PREP,F17031,11,IL,16980,"Chicago-Naperville-Elgin, IL-IN",176,"Chicago-Naperville, IL-IN-WI",0,0,0,0,0,0,0,0,0,0,1,0,0,0,0,0,0,0,0,0
N140850,DEPAUL COLLEGE PREP,F17031,11,IL,16980,"Chicago-Naperville-Elgin, IL-IN",176,"Chicago-Naperville, IL-IN-WI",1,0,0,0,0,0,2,0,0,0,0,0,0,0,1,0,0,0,1,0
N140897,JOHN F KENNEDY SCHOOL,F17031,11,IL,16980,"Chicago-Naperville-Elgin, IL-IN",176,"Chicago-Naperville, IL-IN-WI",0,0,0,0,0,0,0,0,0,0,0,0,1,0,0,0,0,0,0,0
N140899,HANCOCK PREPARATORY HIGH SCHOOL,F17031,11,IL,16980,"Chicago-Naperville-Elgin, IL-IN",176,"Chicago-Naperville, IL-IN-WI",0,0,0,0,0,0,0,0,0,0,0,0,1,0,0,0,0,0,0,0
N140905,JONES ACADEMIC MAGNET HIGH SCHOOL,F17031,11,IL,16980,"Chicago-Naperville-Elgin, IL-IN",176,"Chicago-Naperville, IL-IN-WI",0,0,2,0,0,0,1,0,1,0,2,0,0,0,2,0,0,0,1,0
N140917,KENWOOD ACADEMY,F17031,11,IL,16980,"Chicago-Naperville-Elgin, IL-IN",176,"Chicago-Naperville, IL-IN-WI",0,0,0,0,1,0,0,0,1,0,0,0,0,0,0,0,1,0,0,0
N140935,THE LATIN SCHOOL OF CHICAGO,F17031,NA,IL,16980,"Chicago-Naperville-Elgin, IL-IN",176,"Chicago-Naperville, IL-IN-WI",0,0,0,0,0,0,0,0,0,0,0,0,1,0,0,0,0,0,0,0
N140991,ITW DAVID SPEER ACADEMY,F17031,NA,IL,16980,"Chicago-Naperville-Elgin, IL-IN",176,"Chicago-Naperville, IL-IN-WI",0,0,0,0,0,0,0,0,0,0,0,0,0,0,1,0,0,0,0,0
N141001,GEORGE WESTINGHOUSE HIGH SCHL,F17031,NA,IL,16980,"Chicago-Naperville-Elgin, IL-IN",176,"Chicago-Naperville, IL-IN-WI",0,0,0,0,0,0,0,0,0,0,0,0,0,0,0,0,2,0,0,0
N141007,RICKOVER NAVAL ACADEMY HIGH SCHL,F17031,11,IL,16980,"Chicago-Naperville-Elgin, IL-IN",176,"Chicago-Naperville, IL-IN-WI",1,0,0,0,0,0,0,0,0,0,0,0,0,0,0,0,0,0,0,0
N141016,CURIE METROPOLITAN HIGH SCHOOL,F17031,11,IL,16980,"Chicago-Naperville-Elgin, IL-IN",176,"Chicago-Naperville, IL-IN-WI",0,0,0,0,0,0,0,0,0,0,0,0,0,0,1,0,1,0,0,0
N141017,MARIST HIGH SCHOOL,F17031,11,IL,16980,"Chicago-Naperville-Elgin, IL-IN",176,"Chicago-Naperville, IL-IN-WI",2,0,0,0,4,0,1,0,1,0,0,0,1,0,1,0,2,0,2,0
N141044,MOTHER MCAULEY HIGH SCHOOL,F17031,11,IL,16980,"Chicago-Naperville-Elgin, IL-IN",176,"Chicago-Naperville, IL-IN-WI",0,0,0,0,0,0,1,0,0,0,0,0,1,0,1,0,0,0,0,0
N141045,MOUNT CARMEL HIGH SCHOOL,F17031,11,IL,16980,"Chicago-Naperville-Elgin, IL-IN",176,"Chicago-Naperville, IL-IN-WI",0,0,0,0,1,0,0,0,0,0,1,0,1,0,0,0,0,0,0,0
N141063,NOTRE DAME HIGH SCHOOL BOYS,F17031,21,IL,16980,"Chicago-Naperville-Elgin, IL-IN",176,"Chicago-Naperville, IL-IN-WI",0,0,1,0,0,0,0,0,2,0,1,0,3,0,2,0,1,0,1,0
N141083,NOBLE ST CHTR-MUCHIN COLLEGE PREP,F17031,11,IL,16980,"Chicago-Naperville-Elgin, IL-IN",176,"Chicago-Naperville, IL-IN-WI",0,0,0,0,0,0,1,0,0,0,0,0,0,0,0,0,0,0,0,0
N141090,RESURRECTION COLLEGE PREP HIGH,F17031,NA,IL,16980,"Chicago-Naperville-Elgin, IL-IN",176,"Chicago-Naperville, IL-IN-WI",0,0,0,0,0,0,0,0,0,0,0,0,0,0,0,0,0,0,2,0
N141097,RIDGEWOOD HIGH SCHOOL,F17031,21,IL,16980,"Chicago-Naperville-Elgin, IL-IN",176,"Chicago-Naperville, IL-IN-WI",1,0,0,0,0,0,0,0,0,0,1,0,0,0,0,0,0,0,0,0
N141100,LINCOLN PARK HIGH SCHOOL,F17031,11,IL,16980,"Chicago-Naperville-Elgin, IL-IN",176,"Chicago-Naperville, IL-IN-WI",0,0,2,0,0,0,0,0,0,0,0,0,1,0,0,0,0,0,1,0
N141122,LINDBLOM MATH AND SCIENCE ACAD,F17031,11,IL,16980,"Chicago-Naperville-Elgin, IL-IN",176,"Chicago-Naperville, IL-IN-WI",0,0,0,0,0,0,1,0,0,0,0,0,0,0,0,0,0,0,2,0
N141170,ST IGNATIUS COLLEGE PREP,F17031,11,IL,16980,"Chicago-Naperville-Elgin, IL-IN",176,"Chicago-Naperville, IL-IN-WI",1,0,0,0,0,0,0,0,0,0,0,0,0,0,1,0,0,0,0,0
N141255,SAINT RITA OF CASCIA HIGH SCH,F17031,11,IL,16980,"Chicago-Naperville-Elgin, IL-IN",176,"Chicago-Naperville, IL-IN-WI",0,0,0,0,0,0,0,0,1,0,2,0,0,0,0,0,1,0,0,0
N141297,GWENDOLYN BROOKS COLLEGE PREPARATORY ACADEMY,F17031,11,IL,16980,"Chicago-Naperville-Elgin, IL-IN",176,"Chicago-Naperville, IL-IN-WI",0,0,0,0,0,0,1,0,1,0,0,0,0,0,2,0,0,0,0,0
N141315,THOMAS KELLY HIGH SCHOOL,F17031,11,IL,16980,"Chicago-Naperville-Elgin, IL-IN",176,"Chicago-Naperville, IL-IN-WI",0,0,0,0,0,0,0,0,0,0,0,0,0,0,0,0,0,0,1,0
N141321,NOBLE ACADEMY,F17031,NA,IL,16980,"Chicago-Naperville-Elgin, IL-IN",176,"Chicago-Naperville, IL-IN-WI",0,0,0,0,0,0,0,0,0,0,0,0,1,0,0,0,0,0,0,0
N141325,ROBERTO CLEMENTE COMMUNITY ACADEMY,F17031,11,IL,16980,"Chicago-Naperville-Elgin, IL-IN",176,"Chicago-Naperville, IL-IN-WI",1,0,0,0,0,0,0,0,0,0,0,0,0,0,0,0,0,0,0,0
N141342,NORTHSIDE COLLEGE PREPARATORY HIGH SCHOOL,F17031,11,IL,16980,"Chicago-Naperville-Elgin, IL-IN",176,"Chicago-Naperville, IL-IN-WI",1,0,0,0,1,0,0,0,0,0,0,0,1,0,0,0,0,0,2,0
N141345,VON STEUBEN METROPOLITAN SCIENCE CENTER,F17031,11,IL,16980,"Chicago-Naperville-Elgin, IL-IN",176,"Chicago-Naperville, IL-IN-WI",1,0,0,0,0,0,0,0,1,0,0,0,0,0,0,0,0,0,1,0
N141367,PERSPECTIVES/IIT MATH/SCI ACAD,F17031,11,IL,16980,"Chicago-Naperville-Elgin, IL-IN",176,"Chicago-Naperville, IL-IN-WI",0,0,1,0,0,0,0,0,0,0,0,0,0,0,0,0,0,0,0,0
N141374,HORIZON SCIENCE ACDMY MCKINLEY,F17031,11,IL,16980,"Chicago-Naperville-Elgin, IL-IN",176,"Chicago-Naperville, IL-IN-WI",0,0,0,0,0,0,0,0,1,0,0,0,0,0,0,0,0,0,0,0
N141380,SIMEON CAREER ACADEMY,F17031,11,IL,16980,"Chicago-Naperville-Elgin, IL-IN",176,"Chicago-Naperville, IL-IN-WI",1,0,0,0,0,0,0,0,0,0,0,0,0,0,0,0,0,0,0,0
N141382,PAYTON COLLEGE PREPARATORY HIGH SCHOOL,F17031,11,IL,16980,"Chicago-Naperville-Elgin, IL-IN",176,"Chicago-Naperville, IL-IN-WI",0,0,0,0,0,0,1,0,0,0,0,0,0,0,0,0,0,0,0,0
N141383,WHITNEY M YOUNG MAGNET HIGH SCHOOL,F17031,11,IL,16980,"Chicago-Naperville-Elgin, IL-IN",176,"Chicago-Naperville, IL-IN-WI",0,0,1,0,0,0,0,0,1,0,0,0,2,0,0,0,0,0,1,0
N141385,WILLIAM H TAFT HIGH SCHOOL,F17031,11,IL,16980,"Chicago-Naperville-Elgin, IL-IN",176,"Chicago-Naperville, IL-IN-WI",5,0,3,0,0,0,0,0,2,0,1,0,1,0,1,0,2,0,2,0
N141392,DISNEY II MAGNET HS,F17031,11,IL,16980,"Chicago-Naperville-Elgin, IL-IN",176,"Chicago-Naperville, IL-IN-WI",0,0,0,0,0,0,0,0,0,0,0,0,0,0,0,0,1,0,0,0
N141393,MARIAN CATHOLIC HIGH SCHOOL,F17031,21,IL,16980,"Chicago-Naperville-Elgin, IL-IN",176,"Chicago-Naperville, IL-IN-WI",1,0,0,0,1,0,1,0,1,0,1,0,1,0,5,0,0,0,0,0
N141395,ILLINOIS VALLEY CENTRAL HIGH SCHOOL,F17143,21,IL,37900,"Peoria, IL",427,"Peoria-Canton, IL",1,0,2,0,0,0,1,0,2,0,1,0,1,0,2,0,1,0,2,0
N141428,HINSDALE SOUTH HIGH SCHOOL,F17043,21,IL,16980,"Chicago-Naperville-Elgin, IL-IN",176,"Chicago-Naperville, IL-IN-WI",1,0,1,0,0,0,0,0,0,0,0,0,0,0,3,0,2,0,1,0
N141445,COAL CITY HIGH SCHOOL,F17063,31,IL,16980,"Chicago-Naperville-Elgin, IL-IN",176,"Chicago-Naperville, IL-IN-WI",0,0,0,0,1,0,0,0,0,0,0,0,0,0,1,0,0,0,0,0
N141470,COLUMBIA HIGH SCHOOL,F17133,21,IL,41180,"St. Louis, MO-IL",476,"St. Louis-St. Charles-Farmington, MO-IL",0,0,0,0,0,0,0,0,0,0,0,0,0,0,2,0,0,0,0,0
N141493,HILLCREST HIGH SCHOOL,F17031,21,IL,16980,"Chicago-Naperville-Elgin, IL-IN",176,"Chicago-Naperville, IL-IN-WI",0,0,0,0,0,0,0,0,0,0,0,0,0,0,0,0,0,0,1,0
N141515,CRYSTAL LAKE CENTRAL HIGH SCHOOL,F17111,21,IL,16980,"Chicago-Naperville-Elgin, IL-IN",176,"Chicago-Naperville, IL-IN-WI",11,0,5,0,5,0,6,0,6,0,1,0,2,0,4,0,4,0,1,0
N141517,CRYSTAL LAKE SOUTH HIGH SCHOOL,F17111,21,IL,16980,"Chicago-Naperville-Elgin, IL-IN",176,"Chicago-Naperville, IL-IN-WI",2,0,7,0,6,0,3,0,0,0,2,0,4,0,0,0,1,0,5,0
N141519,PRAIRIE RIDGE HIGH SCHOOL,F17111,21,IL,16980,"Chicago-Naperville-Elgin, IL-IN",176,"Chicago-Naperville, IL-IN-WI",7,0,3,0,4,0,4,0,6,0,4,0,6,0,2,0,0,0,5,0
N141565,SAINT TERESA HIGH SCHOOL,F17115,13,IL,19500,"Decatur, IL",N,N,0,0,0,0,0,0,0,0,1,0,0,0,0,0,0,0,0,0,0,0
N141570,DEERFIELD HIGH SCHOOL,F17097,21,IL,16980,"Chicago-Naperville-Elgin, IL-IN",176,"Chicago-Naperville, IL-IN-WI",1,0,2,0,1,0,0,0,0,0,0,0,0,0,1,0,1,0,1,0
N141575,DEKALB HIGH SCHOOL,F17037,41,IL,16980,"Chicago-Naperville-Elgin, IL-IN",176,"Chicago-Naperville, IL-IN-WI",1,0,1,0,0,0,0,0,0,0,0,0,3,0,1,0,0,0,0,0
N141585,DELAVAN HIGH SCHOOL,F17179,42,IL,37900,"Peoria, IL",427,"Peoria-Canton, IL",0,0,1,0,0,0,0,0,0,0,0,0,0,0,0,0,0,0,0,0
N141595,MAINE TOWNSHIP HIGH SCHOOL EAST,F17031,21,IL,16980,"Chicago-Naperville-Elgin, IL-IN",176,"Chicago-Naperville, IL-IN-WI",0,0,0,0,0,0,1,0,1,0,0,0,0,0,0,0,0,0,0,0
N141597,MAINE TOWNSHIP HIGH SCHOOL WEST,F17031,13,IL,16980,"Chicago-Naperville-Elgin, IL-IN",176,"Chicago-Naperville, IL-IN-WI",0,0,1,0,0,0,3,0,0,0,0,0,0,0,0,0,0,0,0,0
N141615,DIXON HIGH SCHOOL,F17103,32,IL,19940,"Dixon, IL",221,"Dixon-Sterling, IL",0,0,0,0,0,0,0,0,0,0,0,0,0,0,0,0,0,0,2,0
N141630,COMMUNITY HIGH SCHOOL DISTRICT 99 NORTH HIGH SCHOOL,F17043,13,IL,16980,"Chicago-Naperville-Elgin, IL-IN",176,"Chicago-Naperville, IL-IN-WI",5,0,5,0,4,0,3,0,5,0,7,0,3,0,3,0,0,0,7,0
N141631,COMMUNITY HIGH SCHOOL DISTRICT 99 SOUTH HIGH SCHOOL,F17043,13,IL,16980,"Chicago-Naperville-Elgin, IL-IN",176,"Chicago-Naperville, IL-IN-WI",1,0,14,0,4,0,4,0,4,0,3,0,5,0,5,0,7,0,6,0
N141632,MARQUETTE MANOR BAPTIST ACDMY,F17043,NA,IL,16980,"Chicago-Naperville-Elgin, IL-IN",176,"Chicago-Naperville, IL-IN-WI",0,0,0,0,0,0,0,0,0,0,0,0,0,0,1,0,0,0,0,0
N141635,TRI-VALLEY HIGH SCHOOL,F17113,41,IL,14010,"Bloomington, IL",145,"Bloomington-Pontiac, IL",2,0,3,0,3,0,1,0,0,0,0,0,1,0,0,0,1,0,0,0
N141645,DUNLAP HIGH SCHOOL,F17143,41,IL,37900,"Peoria, IL",427,"Peoria-Canton, IL",3,0,5,0,5,0,2,0,1,0,1,0,4,0,4,0,3,0,8,0
N141655,DUQUOIN HIGH SCHOOL,F17145,33,IL,N,Non_CBSA,N,N,0,0,0,0,0,0,0,0,0,0,1,0,0,0,0,0,0,0,0,0
N141665,DWIGHT TOWNSHIP HIGH SCHOOL,F17105,42,IL,38700,"Pontiac, IL",145,"Bloomington-Pontiac, IL",0,0,0,0,0,0,0,0,0,0,0,0,1,0,0,0,0,0,0,0
N141680,EAST DUBUQUE HIGH SCHOOL,F17085,41,IL,N,Non_CBSA,N,N,0,0,0,0,0,0,1,0,0,0,0,0,0,0,0,0,0,0,0,0
N141686,EAST MOLINE CHRISTIAN SCHOOL,F17161,21,IL,19340,"Davenport-Moline-Rock Island, IA-IL",209,"Davenport-Moline, IA-IL",1,0,0,0,0,0,0,0,0,0,0,0,0,0,0,0,0,0,0,0
N141690,UNITED TOWNSHIP HIGH SCHOOL,F17161,21,IL,19340,"Davenport-Moline-Rock Island, IA-IL",209,"Davenport-Moline, IA-IL",1,0,0,0,2,0,0,0,1,0,0,0,2,0,1,0,2,0,1,0
N141700,EAST PEORIA COMMUNITY HIGH SCHOOL,F17179,21,IL,37900,"Peoria, IL",427,"Peoria-Canton, IL",1,0,0,0,0,0,1,0,0,0,0,0,1,0,1,0,2,0,1,0
N141735,EDWARDSVILLE SENIOR HIGH SCHOOL,F17119,21,IL,41180,"St. Louis, MO-IL",476,"St. Louis-St. Charles-Farmington, MO-IL",0,0,3,0,1,0,3,0,1,0,2,0,3,0,0,0,0,0,0,0
N141740,EFFINGHAM HIGH SCHOOL,F17049,33,IL,20820,"Effingham, IL",N,N,0,0,0,0,0,0,0,0,1,0,0,0,0,0,0,0,0,0,0,0
N141760,ELGIN ACADEMY,F17089,12,IL,16980,"Chicago-Naperville-Elgin, IL-IN",176,"Chicago-Naperville, IL-IN-WI",1,0,1,0,1,0,0,0,0,0,0,0,0,0,0,0,0,0,0,0
N141765,ST EDWARD CENTRAL CATHOLIC HIGH SCHOOL,F17089,12,IL,16980,"Chicago-Naperville-Elgin, IL-IN",176,"Chicago-Naperville, IL-IN-WI",0,0,0,0,0,0,0,0,2,0,0,0,1,0,0,0,1,0,0,0
N141770,ELGIN HIGH SCHOOL,F17031,12,IL,16980,"Chicago-Naperville-Elgin, IL-IN",176,"Chicago-Naperville, IL-IN-WI",0,0,3,0,0,0,0,0,1,0,1,0,0,0,1,0,0,0,0,0
N141772,LARKIN HIGH SCHOOL,F17089,12,IL,16980,"Chicago-Naperville-Elgin, IL-IN",176,"Chicago-Naperville, IL-IN-WI",2,0,0,0,0,0,0,0,0,0,0,0,1,0,0,0,0,0,0,0
N141775,RIVER RIDGE HIGH SCHOOL,F17085,42,IL,N,Non_CBSA,N,N,0,0,0,0,1,0,0,0,0,0,0,0,0,0,0,0,0,0,0,0
N141778,ELK GROVE HIGH SCHOOL,F17031,21,IL,16980,"Chicago-Naperville-Elgin, IL-IN",176,"Chicago-Naperville, IL-IN-WI",3,0,1,0,5,0,0,0,1,0,0,0,0,0,3,0,0,0,0,0
N141800,IC CATHOLIC PREP,F17043,21,IL,16980,"Chicago-Naperville-Elgin, IL-IN",176,"Chicago-Naperville, IL-IN-WI",0,0,1,0,0,0,2,0,0,0,2,0,0,0,1,0,0,0,1,0
N141805,YORK COMMUNITY HIGH SCHOOL,F17043,21,IL,16980,"Chicago-Naperville-Elgin, IL-IN",176,"Chicago-Naperville, IL-IN-WI",1,0,5,0,3,0,7,0,5,0,1,0,4,0,3,0,1,0,5,0
N141815,ELMWOOD PARK HIGH SCHOOL,F17031,21,IL,16980,"Chicago-Naperville-Elgin, IL-IN",176,"Chicago-Naperville, IL-IN-WI",0,0,0,0,0,0,0,0,0,0,0,0,1,0,0,0,0,0,1,0
N141821,EL PASO-GRIDLEY HIGH SCHOOL,F17203,42,IL,37900,"Peoria, IL",427,"Peoria-Canton, IL",0,0,0,0,0,0,0,0,0,0,0,0,0,0,0,0,1,0,1,0
N141835,ERIE HIGH SCHOOL,F17195,42,IL,44580,"Sterling, IL",221,"Dixon-Sterling, IL",0,0,0,0,0,0,0,0,0,0,0,0,1,0,0,0,0,0,0,0
N141840,EUREKA HIGH SCHOOL,F17203,31,IL,37900,"Peoria, IL",427,"Peoria-Canton, IL",0,0,0,0,0,0,0,0,0,0,1,0,0,0,1,0,2,0,0,0
N141860,EVANSTON TOWNSHIP HIGH SCHOOL,F17031,13,IL,16980,"Chicago-Naperville-Elgin, IL-IN",176,"Chicago-Naperville, IL-IN-WI",0,0,1,0,0,0,1,0,1,0,0,0,2,0,1,0,3,0,0,0
N141865,EVERGREEN PARK COMMUNITY HIGH SCHOOL,F17031,21,IL,16980,"Chicago-Naperville-Elgin, IL-IN",176,"Chicago-Naperville, IL-IN-WI",0,0,0,0,0,0,0,0,0,0,0,0,1,0,0,0,0,0,0,0
N141870,PRAIRIE CENTRAL HIGH SCHOOL,F17105,42,IL,38700,"Pontiac, IL",145,"Bloomington-Pontiac, IL",0,0,0,0,0,0,0,0,1,0,1,0,0,0,0,0,0,0,0,0
N141880,SPOON RIVER VALLEY SENIOR HIGH SCHOOL,F17057,42,IL,15900,"Canton, IL",427,"Peoria-Canton, IL",0,0,0,0,0,0,0,0,0,0,0,0,1,0,0,0,0,0,0,0
N141900,FARMINGTON CENTRAL HIGH SCHOOL,F17143,42,IL,37900,"Peoria, IL",427,"Peoria-Canton, IL",0,0,0,0,1,0,0,0,1,0,0,0,0,0,0,0,0,0,0,0
N141910,FISHER JUNIOR-SENIOR HIGH SCHOOL,F17019,42,IL,16580,"Champaign-Urbana, IL",169,"Champaign-Urbana-Danville, IL",0,0,0,0,0,0,0,0,0,0,0,0,0,0,0,0,0,0,1,0
N141939,PROVISO MATH AND SCIENCE ACADEMY,F17031,21,IL,16980,"Chicago-Naperville-Elgin, IL-IN",176,"Chicago-Naperville, IL-IN-WI",0,0,0,0,0,0,0,0,0,0,0,0,0,0,0,0,0,0,1,0
N141940,FORRESTON HIGH SCHOOL,F17141,42,IL,40300,"Rochelle, IL",466,"Rockford-Freeport-Rochelle, IL",1,0,0,0,0,0,0,0,0,0,0,0,0,0,1,0,0,0,2,0
N141945,GRANT COMMUNITY HIGH SCHOOL,F17097,21,IL,16980,"Chicago-Naperville-Elgin, IL-IN",176,"Chicago-Naperville, IL-IN-WI",2,0,0,0,1,0,0,0,1,0,0,0,0,0,0,0,1,0,1,0
N141948,LINCOLN-WAY EAST HIGH SCHOOL,F17197,21,IL,16980,"Chicago-Naperville-Elgin, IL-IN",176,"Chicago-Naperville, IL-IN-WI",5,0,5,0,3,0,1,0,1,0,3,0,1,0,1,0,0,0,6,0
N141949,LINCOLN-WAY EAST HIGH SCHOOL,F17197,21,IL,16980,"Chicago-Naperville-Elgin, IL-IN",176,"Chicago-Naperville, IL-IN-WI",1,0,0,0,0,0,0,0,0,0,0,0,0,0,0,0,0,0,0,0
N141960,EAST LEYDEN HIGH SCHOOL,F17031,21,IL,16980,"Chicago-Naperville-Elgin, IL-IN",176,"Chicago-Naperville, IL-IN-WI",0,0,0,0,0,0,0,0,0,0,0,0,1,0,1,0,0,0,0,0
N141970,AQUIN CATHOLIC JR SR HIGH SCHOOL,F17177,32,IL,23300,"Freeport, IL",466,"Rockford-Freeport-Rochelle, IL",1,0,1,0,2,0,1,0,0,0,0,0,0,0,0,0,0,0,0,0
N141975,FREEPORT SENIOR HIGH SCHOOL,F17177,32,IL,23300,"Freeport, IL",466,"Rockford-Freeport-Rochelle, IL",0,0,1,0,0,0,0,0,0,0,0,0,0,0,0,0,0,0,0,0
N141980,FULTON HIGH SCHOOL,F17195,32,IL,44580,"Sterling, IL",221,"Dixon-Sterling, IL",1,0,1,0,0,0,1,0,0,0,0,0,0,0,0,0,0,0,0,0
N141983,UNITY CHRISTIAN HIGH SCHOOL,F17195,32,IL,44580,"Sterling, IL",221,"Dixon-Sterling, IL",0,0,0,0,0,0,0,0,0,0,0,0,0,0,1,0,0,0,0,0
N141990,GALENA HIGH SCHOOL,F17085,42,IL,N,Non_CBSA,N,N,0,0,0,0,0,0,1,0,0,0,0,0,0,0,0,0,1,0,1,0
N141992,TRI-STATE CHRISTIAN SCHOOL,F17085,31,IL,N,Non_CBSA,N,N,0,0,0,0,1,0,0,0,0,0,0,0,0,0,0,0,0,0,0,0
N142000,GALESBURG HIGH SCHOOL,F17095,32,IL,23660,"Galesburg, IL",N,N,1,0,1,0,1,0,0,0,1,0,1,0,1,0,0,0,3,0,1,0
N142010,GARDNER SOUTH WILMINGTON HIGH SCHOOL,F17063,42,IL,16980,"Chicago-Naperville-Elgin, IL-IN",176,"Chicago-Naperville, IL-IN-WI",0,0,1,0,0,0,0,0,0,0,0,0,0,0,0,0,0,0,0,0
N142015,GENESEO HIGH SCHOOL,F17073,31,IL,19340,"Davenport-Moline-Rock Island, IA-IL",209,"Davenport-Moline, IA-IL",2,0,11,0,6,0,3,0,1,0,4,0,2,0,6,0,1,0,3,0
N142020,GENEVA COMMUNITY HIGH SCHOOL,F17089,21,IL,16980,"Chicago-Naperville-Elgin, IL-IN",176,"Chicago-Naperville, IL-IN-WI",6,0,9,0,5,0,7,0,1,0,2,0,9,0,4,0,4,0,11,0
N142025,GENOA-KINGSTON HIGH SCHOOL,F17037,31,IL,16980,"Chicago-Naperville-Elgin, IL-IN",176,"Chicago-Naperville, IL-IN-WI",1,0,3,0,0,0,0,0,0,0,0,0,1,0,0,0,0,0,0,0
N142040,GIBSON CITY MELVIN-SIBLEY HIGH SCHOOL,F17053,42,IL,16580,"Champaign-Urbana, IL",169,"Champaign-Urbana-Danville, IL",0,0,0,0,0,0,0,0,0,0,1,0,0,0,0,0,0,0,0,0
N142065,ILLINI BLUFFS HIGH SCHOOL,F17143,42,IL,37900,"Peoria, IL",427,"Peoria-Canton, IL",0,0,0,0,0,0,0,0,1,0,0,0,0,0,0,0,0,0,0,0
N142073,GLENBARD SOUTH HIGH SCHOOL,F17043,21,IL,16980,"Chicago-Naperville-Elgin, IL-IN",176,"Chicago-Naperville, IL-IN-WI",4,0,2,0,1,0,1,0,0,0,1,0,2,0,1,0,1,0,2,0
N142075,GLENBARD WEST HIGH SCHOOL,F17043,21,IL,16980,"Chicago-Naperville-Elgin, IL-IN",176,"Chicago-Naperville, IL-IN-WI",2,0,2,0,2,0,6,0,6,0,3,0,2,0,5,0,1,0,4,0
N142078,GLENBROOK SOUTH HIGH SCHOOL,F17031,21,IL,16980,"Chicago-Naperville-Elgin, IL-IN",176,"Chicago-Naperville, IL-IN-WI",2,0,2,0,0,0,2,0,1,0,2,0,0,0,2,0,0,0,2,0
N142126,GRAYSLAKE NORTH HIGH SCHOOL,F17097,21,IL,16980,"Chicago-Naperville-Elgin, IL-IN",176,"Chicago-Naperville, IL-IN-WI",1,0,1,0,0,0,1,0,0,0,2,0,2,0,4,0,5,0,2,0
N142130,PUTNAM COUNTY HIGH SCHOOL,F17155,42,IL,36837,"Ottawa, IL",176,"Chicago-Naperville, IL-IN-WI",0,0,0,0,1,0,0,0,0,0,0,0,1,0,0,0,0,0,0,0
N142135,GRAYSLAKE COMMUNITY HIGH SCHOOL,F17097,21,IL,16980,"Chicago-Naperville-Elgin, IL-IN",176,"Chicago-Naperville, IL-IN-WI",5,0,5,0,3,0,1,0,3,0,0,0,1,0,5,0,1,0,2,0
N142175,WARREN TOWNSHIP HIGH SCHOOL,F17097,21,IL,16980,"Chicago-Naperville-Elgin, IL-IN",176,"Chicago-Naperville, IL-IN-WI",9,0,14,0,9,0,12,0,10,0,6,0,4,0,5,0,5,0,6,0
N142180,HAMILTON HIGH SCHOOL,F17067,33,IL,N,Non_CBSA,N,N,0,0,0,0,0,0,0,0,0,0,0,0,0,0,2,0,0,0,0,0
N142185,HAMPSHIRE HIGH SCHOOL,F17089,41,IL,16980,"Chicago-Naperville-Elgin, IL-IN",176,"Chicago-Naperville, IL-IN-WI",0,0,3,0,2,0,4,0,1,0,3,0,1,0,1,0,2,0,3,0
N142210,HARVARD COMMUNITY HIGH SCHOOL,F17111,32,IL,16980,"Chicago-Naperville-Elgin, IL-IN",176,"Chicago-Naperville, IL-IN-WI",0,0,0,0,0,0,0,0,0,0,0,0,0,0,0,0,1,0,0,0
N142220,HAVANA HIGH SCHOOL,F17125,42,IL,N,Non_CBSA,N,N,0,0,0,0,0,0,1,0,0,0,0,0,0,0,0,0,0,0,0,0
N142248,HARVEST CHRISTIAN ACADEMY,F17089,12,IL,16980,"Chicago-Naperville-Elgin, IL-IN",176,"Chicago-Naperville, IL-IN-WI",0,0,0,0,0,0,0,0,1,0,0,0,0,0,0,0,0,0,0,0
N142255,HERSCHER HIGH SCHOOL,F17091,42,IL,28100,"Kankakee, IL",176,"Chicago-Naperville, IL-IN-WI",2,0,2,0,0,0,0,0,1,0,0,0,0,0,0,0,0,0,1,0
N142260,HEYWORTH HIGH SCHOOL,F17113,42,IL,14010,"Bloomington, IL",145,"Bloomington-Pontiac, IL",0,0,0,0,1,0,0,0,0,0,0,0,0,0,0,0,0,0,0,0
N142265,HIGHLAND HIGH SCHOOL,F17119,31,IL,41180,"St. Louis, MO-IL",476,"St. Louis-St. Charles-Farmington, MO-IL",0,0,0,0,1,0,0,0,0,0,0,0,0,0,0,0,0,0,0,0
N142275,HIGHLAND PARK HIGH SCHOOL,F17097,21,IL,16980,"Chicago-Naperville-Elgin, IL-IN",176,"Chicago-Naperville, IL-IN-WI",1,0,2,0,0,0,0,0,4,0,0,0,1,0,2,0,0,0,2,0
N142280,HILLSBORO HIGH SCHOOL,F17135,32,IL,N,Non_CBSA,N,N,0,0,0,0,0,0,0,0,0,0,0,0,0,0,0,0,1,0,0,0
N142286,PROVISO WEST HIGH SCHOOL,F17031,21,IL,16980,"Chicago-Naperville-Elgin, IL-IN",176,"Chicago-Naperville, IL-IN-WI",0,0,0,0,0,0,0,0,0,0,0,0,0,0,0,0,1,0,0,0
N142295,HINCKLEY-BIG ROCK HIGH SCHOOL,F17037,42,IL,16980,"Chicago-Naperville-Elgin, IL-IN",176,"Chicago-Naperville, IL-IN-WI",2,0,0,0,0,0,2,0,0,0,1,0,0,0,0,0,0,0,0,0
N142300,HINSDALE TOWNSHIP HIGH SCHOOL CENTRAL,F17043,21,IL,16980,"Chicago-Naperville-Elgin, IL-IN",176,"Chicago-Naperville, IL-IN-WI",5,0,1,0,6,0,0,0,2,0,0,0,2,0,4,0,0,0,1,0
N142301,HOFFMAN ESTATES HIGH SCHOOL,F17031,21,IL,16980,"Chicago-Naperville-Elgin, IL-IN",176,"Chicago-Naperville, IL-IN-WI",1,0,1,0,1,0,0,0,1,0,0,0,1,0,2,0,0,0,1,0
N142307,HOMEWOOD-FLOSSMOOR COMMUNITY HIGH SCHOOL,F17031,21,IL,16980,"Chicago-Naperville-Elgin, IL-IN",176,"Chicago-Naperville, IL-IN-WI",3,0,4,0,1,0,0,0,0,0,3,0,0,0,1,0,2,0,1,0
N142320,HUNTLEY HIGH SCHOOL,F17111,21,IL,16980,"Chicago-Naperville-Elgin, IL-IN",176,"Chicago-Naperville, IL-IN-WI",8,0,7,0,7,0,7,0,7,0,1,0,8,0,5,0,11,0,10,0
N142350,JACKSONVILLE HIGH SCHOOL,F17137,32,IL,27300,"Jacksonville, IL",522,"Springfield-Jacksonville-Lincoln, IL",0,0,0,0,0,0,0,0,0,0,0,0,1,0,0,0,0,0,0,0
N142355,ROUTT CATHOLIC HIGH SCHOOL,F17137,32,IL,27300,"Jacksonville, IL",522,"Springfield-Jacksonville-Lincoln, IL",0,0,0,0,0,0,0,0,2,0,0,0,0,0,0,0,0,0,0,0
N142373,JOLIET TOWNSHIP HIGH SCHOOL WEST,F17197,21,IL,16980,"Chicago-Naperville-Elgin, IL-IN",176,"Chicago-Naperville, IL-IN-WI",0,0,1,0,0,0,0,0,2,0,0,0,1,0,1,0,4,0,3,0
N142375,PROVIDENCE CATHOLIC HIGH SCHOOL,F17197,21,IL,16980,"Chicago-Naperville-Elgin, IL-IN",176,"Chicago-Naperville, IL-IN-WI",2,0,1,0,0,0,1,0,1,0,2,0,1,0,0,0,1,0,0,0
N142380,JOLIET CATHOLIC ACADEMY,F17197,21,IL,16980,"Chicago-Naperville-Elgin, IL-IN",176,"Chicago-Naperville, IL-IN-WI",0,0,0,0,1,0,0,0,0,0,0,0,1,0,0,0,0,0,0,0
N142385,JOLIET CENTRAL HIGH SCHOOL,F17197,21,IL,16980,"Chicago-Naperville-Elgin, IL-IN",176,"Chicago-Naperville, IL-IN-WI",1,0,0,0,0,0,0,0,0,0,0,0,0,0,1,0,1,0,1,0
N142415,BISHOP MCNAMARA HIGH SCHOOL,F17091,13,IL,28100,"Kankakee, IL",176,"Chicago-Naperville, IL-IN-WI",0,0,0,0,0,0,0,0,0,0,0,0,1,0,0,0,0,0,0,0
N142440,KEWANEE HIGH SCHOOL,F17073,32,IL,19340,"Davenport-Moline-Rock Island, IA-IL",209,"Davenport-Moline, IA-IL",0,0,0,0,1,0,0,0,0,0,0,0,0,0,0,0,0,0,0,0
N142465,HIAWATHA HIGH SCHOOL,F17037,42,IL,16980,"Chicago-Naperville-Elgin, IL-IN",176,"Chicago-Naperville, IL-IN-WI",0,0,0,0,0,0,0,0,0,0,0,0,0,0,0,0,0,0,1,0
N142475,KNOXVILLE HIGH SCHOOL,F17095,32,IL,23660,"Galesburg, IL",N,N,0,0,0,0,0,0,0,0,0,0,0,0,0,0,0,0,1,0,0,0
N142483,LYONS TOWNSHIP HIGH SCHOOL NORTH,F17031,21,IL,16980,"Chicago-Naperville-Elgin, IL-IN",176,"Chicago-Naperville, IL-IN-WI",3,0,7,0,4,0,2,0,4,0,4,0,0,0,3,0,7,0,10,0
N142485,NAZARETH ACADEMY,F17031,NA,IL,16980,"Chicago-Naperville-Elgin, IL-IN",176,"Chicago-Naperville, IL-IN-WI",0,0,0,0,0,0,0,0,0,0,0,0,0,0,0,0,1,0,0,0
N142520,LAKE FOREST HIGH SCHOOL,F17097,21,IL,16980,"Chicago-Naperville-Elgin, IL-IN",176,"Chicago-Naperville, IL-IN-WI",0,0,2,0,1,0,1,0,2,0,0,0,0,0,3,0,0,0,0,0
N142524,LAKES COMMUNITY HIGH SCHOOL,F17097,21,IL,16980,"Chicago-Naperville-Elgin, IL-IN",176,"Chicago-Naperville, IL-IN-WI",2,0,0,0,2,0,0,0,3,0,1,0,1,0,0,0,1,0,0,0
N142530,LAKE ZURICH SENIOR HIGH SCHOOL,F17097,21,IL,16980,"Chicago-Naperville-Elgin, IL-IN",176,"Chicago-Naperville, IL-IN-WI",1,0,2,0,14,0,4,0,3,0,1,0,6,0,8,0,3,0,6,0
N142540,EASTLAND HIGH SCHOOL,F17015,43,IL,N,Non_CBSA,N,N,0,0,0,0,0,0,0,0,1,0,0,0,0,0,0,0,0,0,0,0
N142547,THORNTON FRACTIONAL SOUTH HIGH SCHOOL,F17031,21,IL,16980,"Chicago-Naperville-Elgin, IL-IN",176,"Chicago-Naperville, IL-IN-WI",0,0,1,0,1,0,0,0,0,0,0,0,0,0,0,0,0,0,0,0
N142555,LA SALLE PERU HIGH SCHOOL,F17099,32,IL,36837,"Ottawa, IL",176,"Chicago-Naperville, IL-IN-WI",1,0,0,0,1,0,2,0,1,0,0,0,0,0,0,0,0,0,0,0
N142590,LEMONT TOWNSHIP HIGH SCHOOL,F17031,21,IL,16980,"Chicago-Naperville-Elgin, IL-IN",176,"Chicago-Naperville, IL-IN-WI",5,0,1,0,10,0,0,0,1,0,4,0,0,0,6,0,4,0,4,0
N142595,LENA WINSLOW HIGH SCHOOL,F17177,42,IL,23300,"Freeport, IL",466,"Rockford-Freeport-Rochelle, IL",0,0,0,0,0,0,0,0,0,0,0,0,0,0,1,0,0,0,0,0
N142600,LE ROY HIGH SCHOOL,F17113,42,IL,14010,"Bloomington, IL",145,"Bloomington-Pontiac, IL",0,0,0,0,1,0,0,0,0,0,0,0,0,0,0,0,0,0,0,0
N142605,LEWISTOWN HIGH SCHOOL,F17057,43,IL,15900,"Canton, IL",427,"Peoria-Canton, IL",0,0,0,0,0,0,0,0,0,0,0,0,0,0,0,0,0,0,1,0
N142620,LIBERTYVILLE HIGH SCHOOL,F17097,21,IL,16980,"Chicago-Naperville-Elgin, IL-IN",176,"Chicago-Naperville, IL-IN-WI",4,0,3,0,5,0,2,0,2,0,1,0,1,0,3,0,3,0,6,0
N142625,LINCOLN COMMUNITY HIGH SCHOOL,F17107,32,IL,30660,"Lincoln, IL",522,"Springfield-Jacksonville-Lincoln, IL",0,0,0,0,1,0,0,0,0,0,0,0,0,0,0,0,0,0,0,0
N142628,LISLE HIGH SCHOOL,F17043,21,IL,16980,"Chicago-Naperville-Elgin, IL-IN",176,"Chicago-Naperville, IL-IN-WI",1,0,0,0,2,0,0,0,0,0,0,0,1,0,1,0,0,0,0,0
N142635,BENET ACADEMY,F17043,21,IL,16980,"Chicago-Naperville-Elgin, IL-IN",176,"Chicago-Naperville, IL-IN-WI",3,0,0,0,0,0,1,0,1,0,0,0,4,0,3,0,0,0,1,0
N142655,LOCKPORT TOWNSHIP HIGH SCHOOL,F17197,21,IL,16980,"Chicago-Naperville-Elgin, IL-IN",176,"Chicago-Naperville, IL-IN-WI",1,0,3,0,1,0,0,0,5,0,4,0,3,0,3,0,1,0,1,0
N142657,ROMEOVILLE HIGH SCHOOL,F17197,21,IL,16980,"Chicago-Naperville-Elgin, IL-IN",176,"Chicago-Naperville, IL-IN-WI",0,0,0,0,0,0,0,0,1,0,0,0,0,0,0,0,0,0,1,0
N142662,GLENBARD EAST HIGH SCHOOL,F17043,21,IL,16980,"Chicago-Naperville-Elgin, IL-IN",176,"Chicago-Naperville, IL-IN-WI",1,0,0,0,1,0,0,0,1,0,1,0,3,0,3,0,3,0,1,0
N142663,MONTINI CATHOLIC HIGH SCHOOL,F17043,21,IL,16980,"Chicago-Naperville-Elgin, IL-IN",176,"Chicago-Naperville, IL-IN-WI",0,0,1,0,2,0,0,0,1,0,1,0,2,0,0,0,0,0,0,0
N142665,HERITAGE HIGH SCHOOL,F17019,42,IL,16580,"Champaign-Urbana, IL",169,"Champaign-Urbana-Danville, IL",0,0,0,0,0,0,0,0,0,0,0,0,0,0,0,0,0,0,1,0
N142695,DEE-MACK HIGH SCHOOL,F17179,42,IL,37900,"Peoria, IL",427,"Peoria-Canton, IL",0,0,1,0,0,0,1,0,0,0,0,0,0,0,0,0,0,0,0,0
N142705,MACOMB HIGH SCHOOL,F17109,33,IL,31380,"Macomb, IL",N,N,0,0,2,0,0,0,0,0,0,0,0,0,0,0,1,0,1,0,0,0
N142710,MERIDIAN SENIOR HIGH SCHOOL,F17115,41,IL,19500,"Decatur, IL",N,N,0,0,0,0,0,0,0,0,0,0,0,0,0,0,0,0,1,0,0,0
N142720,MAHOMET-SEYMOUR HIGH SCHOOL,F17019,31,IL,16580,"Champaign-Urbana, IL",169,"Champaign-Urbana-Danville, IL",2,0,1,0,0,0,0,0,1,0,0,0,0,0,0,0,1,0,0,0
N142740,BUREAU VALLEY HIGH SCHOOL,F17011,43,IL,36837,"Ottawa, IL",176,"Chicago-Naperville, IL-IN-WI",0,0,0,0,1,0,0,0,0,0,0,0,0,0,0,0,3,0,0,0
N142755,MANTENO SENIOR HIGH SCHOOL,F17091,31,IL,28100,"Kankakee, IL",176,"Chicago-Naperville, IL-IN-WI",0,0,0,0,0,0,0,0,0,0,1,0,0,0,0,0,1,0,0,0
N142760,KANELAND HIGH SCHOOL,F17089,41,IL,16980,"Chicago-Naperville-Elgin, IL-IN",176,"Chicago-Naperville, IL-IN-WI",3,0,1,0,4,0,4,0,4,0,1,0,2,0,6,0,2,0,4,0
N142765,COMMUNITY HIGH SCHOOL,F17111,31,IL,16980,"Chicago-Naperville-Elgin, IL-IN",176,"Chicago-Naperville, IL-IN-WI",1,0,1,0,1,0,1,0,2,0,4,0,0,0,0,0,1,0,1,0
N142785,MAROA-FORSYTH HIGH SCHOOL,F17115,42,IL,19500,"Decatur, IL",N,N,1,0,0,0,0,0,0,0,0,0,0,0,0,0,1,0,2,0,0,0
N142805,MASCOUTAH HIGH SCHOOL,F17163,31,IL,41180,"St. Louis, MO-IL",476,"St. Louis-St. Charles-Farmington, MO-IL",0,0,0,0,1,0,0,0,0,0,0,0,1,0,1,0,0,0,1,0
N142830,MCHENRY COMMUNITY HIGH SCHOOL WEST,F17111,21,IL,16980,"Chicago-Naperville-Elgin, IL-IN",176,"Chicago-Naperville, IL-IN-WI",1,0,2,0,1,0,1,0,1,0,0,0,0,0,5,0,4,0,5,0
N142831,JOHNSBURG HIGH SCHOOL,F17111,21,IL,16980,"Chicago-Naperville-Elgin, IL-IN",176,"Chicago-Naperville, IL-IN-WI",1,0,5,0,0,0,0,0,4,0,0,0,1,0,3,0,1,0,0,0
N142834,MCHENRY COMMUNITY HIGH SCHOOL EAST,F17111,21,IL,16980,"Chicago-Naperville-Elgin, IL-IN",176,"Chicago-Naperville, IL-IN-WI",0,0,0,0,0,0,0,0,1,0,1,0,0,0,0,1,0,0,0,0
N142852,LAKE PARK HIGH SCHOOL 108,F17043,21,IL,16980,"Chicago-Naperville-Elgin, IL-IN",176,"Chicago-Naperville, IL-IN-WI",1,0,2,0,2,0,8,0,2,0,1,0,0,0,0,0,8,0,2,0
N142880,MENDOTA TOWNSHIP HIGH SCHOOL,F17099,41,IL,36837,"Ottawa, IL",176,"Chicago-Naperville, IL-IN-WI",0,0,1,0,0,0,0,0,0,0,0,0,0,0,0,0,0,0,0,0
N142890,METAMORA TOWNSHIP HIGH SCHOOL,F17203,41,IL,37900,"Peoria, IL",427,"Peoria-Canton, IL",1,0,0,0,1,0,5,0,4,0,4,0,3,0,3,0,0,0,4,0
N142912,BREMEN HIGH SCHOOL,F17031,21,IL,16980,"Chicago-Naperville-Elgin, IL-IN",176,"Chicago-Naperville, IL-IN-WI",1,0,0,0,0,0,0,0,0,0,0,0,0,0,0,0,0,0,0,0
N142920,MILLEDGEVILLE HIGH SCHOOL,F17015,42,IL,N,Non_CBSA,N,N,0,0,0,0,0,0,1,0,0,0,0,0,0,0,0,0,0,0,0,0
N142942,OLYMPIA HIGH SCHOOL,F17113,42,IL,14010,"Bloomington, IL",145,"Bloomington-Pontiac, IL",1,0,0,0,0,0,0,0,0,0,0,0,0,0,1,0,1,0,0,0
N142950,MINOOKA COMMUNITY HIGH SCHOOL,F17063,21,IL,16980,"Chicago-Naperville-Elgin, IL-IN",176,"Chicago-Naperville, IL-IN-WI",3,0,1,0,7,0,1,0,4,0,3,0,3,0,3,0,2,0,6,0
N142955,MOLINE SENIOR HIGH SCHOOL,F17161,13,IL,19340,"Davenport-Moline-Rock Island, IA-IL",209,"Davenport-Moline, IA-IL",7,0,4,0,1,0,3,0,1,0,5,0,2,0,0,0,1,0,0,0
N142970,MONMOUTH ROSEVILLE HIGH SCHOOL,F17187,NA,IL,N,Non_CBSA,N,N,0,0,0,0,0,0,0,0,0,0,0,0,0,0,1,0,0,0,0,0
N142980,MONTICELLO HIGH SCHOOL,F17147,32,IL,16580,"Champaign-Urbana, IL",169,"Champaign-Urbana-Danville, IL",0,0,0,0,0,0,0,0,0,0,0,0,0,0,1,0,0,0,0,0
N142990,MORRIS COMMUNITY HIGH SCHOOL,F17063,31,IL,16980,"Chicago-Naperville-Elgin, IL-IN",176,"Chicago-Naperville, IL-IN-WI",0,0,0,0,1,0,0,0,0,0,0,0,1,0,0,0,0,0,1,0
N143000,MORRISON COMMUNITY HIGH SCHOOL,F17195,42,IL,44580,"Sterling, IL",221,"Dixon-Sterling, IL",0,0,0,0,2,0,0,0,0,0,0,0,0,0,0,0,0,0,1,0
N143010,MORTON HIGH SCHOOL,F17179,21,IL,37900,"Peoria, IL",427,"Peoria-Canton, IL",1,0,2,0,0,0,3,0,2,0,1,0,0,0,0,0,1,0,2,0
N143062,PROSPECT HIGH SCHOOL,F17031,21,IL,16980,"Chicago-Naperville-Elgin, IL-IN",176,"Chicago-Naperville, IL-IN-WI",6,0,2,0,0,0,2,0,4,0,4,0,3,0,4,0,6,0,5,0
N143085,MOUNT ZION HIGH SCHOOL,F17115,23,IL,19500,"Decatur, IL",N,N,1,0,1,0,0,0,0,0,0,0,1,0,0,0,1,0,1,0,0,0
N143096,CARMEL CATHOLIC HIGH SCHOOL,F17097,21,IL,16980,"Chicago-Naperville-Elgin, IL-IN",176,"Chicago-Naperville, IL-IN-WI",5,0,4,0,9,0,1,0,4,0,3,0,0,0,1,0,2,0,4,0
N143097,MUNDELEIN HIGH SCHOOL,F17097,21,IL,16980,"Chicago-Naperville-Elgin, IL-IN",176,"Chicago-Naperville, IL-IN-WI",7,0,1,0,1,0,3,0,3,0,0,0,2,0,1,0,2,0,3,0
N143105,NAPERVILLE CENTRAL HIGH SCHOOL,F17043,12,IL,16980,"Chicago-Naperville-Elgin, IL-IN",176,"Chicago-Naperville, IL-IN-WI",11,0,4,0,8,0,4,0,3,0,9,0,3,0,4,0,7,0,5,0
N143106,NAPERVILLE NORTH HIGH SCHOOL,F17043,12,IL,16980,"Chicago-Naperville-Elgin, IL-IN",176,"Chicago-Naperville, IL-IN-WI",11,0,0,0,5,0,2,0,4,0,3,0,7,0,3,0,1,0,8,0
N143108,NEUQUA VALLEY HIGH SCHOOL,F17197,12,IL,16980,"Chicago-Naperville-Elgin, IL-IN",176,"Chicago-Naperville, IL-IN-WI",8,0,17,0,14,0,11,0,7,0,5,0,12,0,12,0,11,0,6,0
N143170,LINCOLN-WAY CENTRAL HIGH SCHOOL,F17197,21,IL,16980,"Chicago-Naperville-Elgin, IL-IN",176,"Chicago-Naperville, IL-IN-WI",3,0,1,0,8,0,3,0,1,0,2,0,1,0,6,0,8,0,4,0
N143171,LINCOLN WAY WEST,F17197,21,IL,16980,"Chicago-Naperville-Elgin, IL-IN",176,"Chicago-Naperville, IL-IN-WI",0,0,1,0,0,0,2,0,1,0,1,0,0,0,2,0,2,0,6,0
N143197,CALVARY BAPTIST ACADEMY,F17113,NA,IL,14010,"Bloomington, IL",145,"Bloomington-Pontiac, IL",0,0,0,0,0,0,0,0,0,0,0,0,0,0,1,0,0,0,0,0
N143200,NORMAL COMMUNITY HIGH SCHOOL,F17113,22,IL,14010,"Bloomington, IL",145,"Bloomington-Pontiac, IL",1,0,1,0,3,0,5,0,5,0,0,0,1,0,2,0,3,0,1,0
N143201,NORMAL COMMUNITY WEST HIGH SCHOOL,F17113,22,IL,14010,"Bloomington, IL",145,"Bloomington-Pontiac, IL",4,0,1,0,3,0,1,0,0,0,3,0,2,0,5,0,3,0,1,0
N143205,UNIVERSITY HIGH SCHOOL,F17113,22,IL,14010,"Bloomington, IL",145,"Bloomington-Pontiac, IL",3,0,1,0,3,0,1,0,4,0,1,0,1,0,2,0,1,0,3,0
N143215,GLENBROOK NORTH HIGH SCHOOL,F17031,21,IL,16980,"Chicago-Naperville-Elgin, IL-IN",176,"Chicago-Naperville, IL-IN-WI",2,0,3,0,1,0,1,0,1,0,1,0,1,0,5,0,0,0,2,0
N143223,WEST LEYDEN HIGH SCHOOL,F17031,21,IL,16980,"Chicago-Naperville-Elgin, IL-IN",176,"Chicago-Naperville, IL-IN-WI",0,0,0,0,0,0,0,0,0,0,2,0,0,0,0,0,0,0,0,0
N143224,OAK FOREST HIGH SCHOOL,F17031,21,IL,16980,"Chicago-Naperville-Elgin, IL-IN",176,"Chicago-Naperville, IL-IN-WI",0,0,0,0,0,0,1,0,0,0,0,0,0,0,0,0,0,0,0,0
N143228,HAROLD L RICHARDS HIGH SCHOOL,F17031,21,IL,16980,"Chicago-Naperville-Elgin, IL-IN",176,"Chicago-Naperville, IL-IN-WI",0,0,0,0,0,0,1,0,0,0,0,0,2,0,0,0,1,0,2,0
N143230,OAK LAWN COMMUNITY HIGH SCHOOL,F17031,21,IL,16980,"Chicago-Naperville-Elgin, IL-IN",176,"Chicago-Naperville, IL-IN-WI",0,0,0,0,1,0,0,0,0,0,0,0,0,0,0,0,0,0,0,0
N143235,REAVIS HIGH SCHOOL,F17031,21,IL,16980,"Chicago-Naperville-Elgin, IL-IN",176,"Chicago-Naperville, IL-IN-WI",0,0,0,0,0,0,0,0,1,0,0,0,0,0,0,0,0,0,0,0
N143237,ST LAURENCE H.S.,F17031,21,IL,16980,"Chicago-Naperville-Elgin, IL-IN",176,"Chicago-Naperville, IL-IN-WI",0,0,0,0,0,0,0,0,0,0,0,0,0,0,0,0,0,0,1,0
N143240,FENWICK HIGH SCHOOL,F17031,21,IL,16980,"Chicago-Naperville-Elgin, IL-IN",176,"Chicago-Naperville, IL-IN-WI",2,0,4,0,1,0,0,0,1,0,0,0,1,0,0,0,0,0,1,0
N143245,OAK PARK AND RIVER FOREST HIGH SCHOOL,F17031,21,IL,16980,"Chicago-Naperville-Elgin, IL-IN",176,"Chicago-Naperville, IL-IN-WI",2,0,2,0,1,0,1,0,0,0,4,0,2,0,0,0,1,0,5,0
N143270,O FALLON TOWNSHIP HIGH SCHOOL,F17163,21,IL,41180,"St. Louis, MO-IL",476,"St. Louis-St. Charles-Farmington, MO-IL",1,0,0,0,1,0,0,0,0,0,0,0,0,0,1,0,0,0,0,0
N143280,OHIO COMMUNITY HIGH SCHOOL,F17011,43,IL,36837,"Ottawa, IL",176,"Chicago-Naperville, IL-IN-WI",0,0,0,0,0,0,0,0,0,0,0,0,0,0,0,0,1,0,0,0
N143290,EAST RICHLAND HIGH SCHOOL,F17159,33,IL,N,Non_CBSA,N,N,0,0,0,0,0,0,0,0,0,0,0,0,0,0,0,0,0,0,1,0
N143293,RICH CENTRAL HIGH SCHOOL,F17031,21,IL,16980,"Chicago-Naperville-Elgin, IL-IN",176,"Chicago-Naperville, IL-IN-WI",3,0,0,0,0,0,0,0,0,0,0,0,0,0,0,0,0,0,0,0
N143315,OREGON HIGH SCHOOL,F17141,42,IL,40300,"Rochelle, IL",466,"Rockford-Freeport-Rochelle, IL",1,0,0,0,0,0,0,0,0,0,0,0,0,0,0,0,0,0,0,0
N143320,ORION HIGH SCHOOL,F17073,42,IL,19340,"Davenport-Moline-Rock Island, IA-IL",209,"Davenport-Moline, IA-IL",2,0,2,0,5,0,0,0,0,0,1,0,2,0,1,0,0,0,0,0
N143325,CARL SANDBURG HIGH SCHOOL,F17031,21,IL,16980,"Chicago-Naperville-Elgin, IL-IN",176,"Chicago-Naperville, IL-IN-WI",2,0,0,0,2,0,1,0,0,0,0,0,1,0,1,0,5,0,2,0
N143330,OSWEGO HIGH SCHOOL,F17093,21,IL,16980,"Chicago-Naperville-Elgin, IL-IN",176,"Chicago-Naperville, IL-IN-WI",6,0,4,0,7,0,3,0,2,0,7,0,2,0,9,0,7,0,5,0
N143331,OSWEGO EAST HIGH SCHOOL,F17093,21,IL,16980,"Chicago-Naperville-Elgin, IL-IN",176,"Chicago-Naperville, IL-IN-WI",3,0,3,0,1,0,4,0,3,0,5,0,10,0,4,0,8,0,9,0
N143335,MARQUETTE ACADEMY,F17099,32,IL,36837,"Ottawa, IL",176,"Chicago-Naperville, IL-IN-WI",0,0,1,0,0,0,0,0,0,0,0,0,1,0,0,0,4,0,0,0
N143340,OTTAWA TOWNSHIP HIGH SCHOOL,F17099,32,IL,36837,"Ottawa, IL",176,"Chicago-Naperville, IL-IN-WI",0,0,1,0,0,0,0,0,0,0,0,0,1,0,0,0,0,0,0,0
N143343,J B CONANT HIGH SCHOOL,F17031,21,IL,16980,"Chicago-Naperville-Elgin, IL-IN",176,"Chicago-Naperville, IL-IN-WI",6,0,5,0,5,0,3,0,4,0,1,0,4,0,1,0,5,0,4,0
N143345,PALATINE HIGH SCHOOL,F17031,21,IL,16980,"Chicago-Naperville-Elgin, IL-IN",176,"Chicago-Naperville, IL-IN-WI",2,0,4,0,2,0,4,0,0,0,1,0,4,0,4,0,5,0,1,0
N143347,WILLIAM FREMD HIGH SCHOOL,F17031,21,IL,16980,"Chicago-Naperville-Elgin, IL-IN",176,"Chicago-Naperville, IL-IN-WI",3,0,8,0,5,0,4,0,0,0,3,0,1,0,1,0,6,0,8,0
N143356,ALAN B SHEPHERD HIGH SCHOOL,F17031,21,IL,16980,"Chicago-Naperville-Elgin, IL-IN",176,"Chicago-Naperville, IL-IN-WI",1,0,0,0,0,0,0,0,0,0,0,0,0,0,1,0,0,0,0,0
N143357,AMOS ALONZO STAGG HIGH SCHOOL,F17031,21,IL,16980,"Chicago-Naperville-Elgin, IL-IN",176,"Chicago-Naperville, IL-IN-WI",1,0,1,0,0,0,2,0,0,0,1,0,0,0,0,0,0,0,1,0
N143360,PANA HIGH SCHOOL,F17021,32,IL,45380,"Taylorville, IL",522,"Springfield-Jacksonville-Lincoln, IL",0,0,1,0,0,0,0,0,0,0,0,0,0,0,0,0,0,0,0,0
N143374,RICH SOUTH HIGH SCHOOL,F17031,21,IL,16980,"Chicago-Naperville-Elgin, IL-IN",176,"Chicago-Naperville, IL-IN-WI",1,0,0,0,0,0,0,0,0,0,0,0,0,0,0,0,0,0,0,0
N143377,MAINE TOWNSHIP HIGH SCHOOL SOUTH,F17031,21,IL,16980,"Chicago-Naperville-Elgin, IL-IN",176,"Chicago-Naperville, IL-IN-WI",2,0,4,0,6,0,3,0,6,0,3,0,1,0,4,0,4,0,9,0
N143405,PEARL CITY HIGH SCHOOL,F17177,42,IL,23300,"Freeport, IL",466,"Rockford-Freeport-Rochelle, IL",1,0,0,0,0,0,0,0,0,0,0,0,1,0,0,0,0,0,0,0
N143410,PECATONICA HIGH SCHOOL,F17201,42,IL,40420,"Rockford, IL",466,"Rockford-Freeport-Rochelle, IL",2,0,0,0,0,0,0,0,1,0,1,0,1,0,0,0,1,0,0,0
N143415,PEKIN COMMUNITY HIGH SCHOOL,F17179,21,IL,37900,"Peoria, IL",427,"Peoria-Canton, IL",1,0,2,0,0,0,0,0,0,0,0,0,1,0,1,0,0,0,0,0
N143420,PEORIA NOTRE DAME HIGH SCHOOL,F17143,NA,IL,37900,"Peoria, IL",427,"Peoria-Canton, IL",0,0,0,0,0,0,0,0,0,0,0,0,0,0,0,0,1,0,0,0
N143421,PEORIA NOTRE DAME HIGH SCHOOL,F17143,12,IL,37900,"Peoria, IL",427,"Peoria-Canton, IL",1,0,1,0,3,0,4,0,1,0,1,0,0,0,1,0,0,0,1,0
N143425,LIMESTONE COMMUNITY HIGH SCHOOL,F17143,41,IL,37900,"Peoria, IL",427,"Peoria-Canton, IL",0,0,0,0,1,0,2,0,0,0,1,0,0,0,1,0,0,0,0,0
N143434,PEORIA CHRISTIAN SCHOOL,F17143,12,IL,37900,"Peoria, IL",427,"Peoria-Canton, IL",0,0,0,0,1,0,1,0,1,0,0,0,0,0,0,0,1,0,0,0
N143435,PEORIA HIGH SCHOOL,F17143,12,IL,37900,"Peoria, IL",427,"Peoria-Canton, IL",0,0,0,0,0,0,0,0,1,0,0,0,0,0,0,0,0,0,0,0
N143452,RICHWOODS HIGH SCHOOL,F17143,12,IL,37900,"Peoria, IL",427,"Peoria-Canton, IL",4,0,2,0,2,0,2,0,0,0,2,0,0,0,3,0,0,0,1,0
N143455,PEOTONE HIGH SCHOOL,F17197,41,IL,16980,"Chicago-Naperville-Elgin, IL-IN",176,"Chicago-Naperville, IL-IN-WI",1,0,2,0,1,0,0,0,0,0,0,0,0,0,0,0,0,0,0,0
N143465,ST BEDE ACADEMY,F17099,41,IL,36837,"Ottawa, IL",176,"Chicago-Naperville, IL-IN-WI",1,0,0,0,1,0,0,0,0,0,0,0,0,0,0,0,1,0,1,0
N143478,SOUTHWESTERN HIGH SCHOOL,F17117,42,IL,41180,"St. Louis, MO-IL",476,"St. Louis-St. Charles-Farmington, MO-IL",0,0,0,0,0,0,0,0,0,0,0,0,0,0,0,0,1,0,1,0
N143490,PITTSFIELD HIGH SCHOOL,F17149,43,IL,N,Non_CBSA,N,N,0,0,0,0,0,0,1,0,0,0,0,0,0,0,0,0,2,0,1,0
N143495,PLAINFIELD HIGH SCHOOL,F17197,21,IL,16980,"Chicago-Naperville-Elgin, IL-IN",176,"Chicago-Naperville, IL-IN-WI",1,0,3,0,3,0,2,0,6,0,2,0,2,0,0,0,5,0,2,0
N143496,PLAINFIELD SOUTH HIGH SCHOOL,F17093,21,IL,16980,"Chicago-Naperville-Elgin, IL-IN",176,"Chicago-Naperville, IL-IN-WI",0,0,3,0,0,0,0,0,1,0,3,0,3,0,0,0,3,0,1,0
N143497,PLAINFIELD NORTH HIGH SCHOOL,F17197,21,IL,16980,"Chicago-Naperville-Elgin, IL-IN",176,"Chicago-Naperville, IL-IN-WI",3,0,5,0,3,0,2,0,2,0,4,0,1,0,3,0,5,0,8,0
N143499,PLAINFIELD EAST HIGH SCHOOL,F17197,21,IL,16980,"Chicago-Naperville-Elgin, IL-IN",176,"Chicago-Naperville, IL-IN-WI",3,0,4,0,1,0,2,0,3,0,0,0,1,0,1,0,1,0,0,0
N143500,PLANO HIGH SCHOOL,F17093,21,IL,16980,"Chicago-Naperville-Elgin, IL-IN",176,"Chicago-Naperville, IL-IN-WI",1,0,0,0,0,0,1,0,0,0,0,0,0,0,0,0,0,0,1,0
N143515,PLEASANT PLAINS HIGH SCHOOL,F17167,42,IL,44100,"Springfield, IL",522,"Springfield-Jacksonville-Lincoln, IL",0,0,0,0,0,0,0,0,0,0,0,0,0,0,0,0,0,0,2,0
N143530,POLO COMMUNITY HIGH SCHOOL,F17141,42,IL,40300,"Rochelle, IL",466,"Rockford-Freeport-Rochelle, IL",0,0,0,0,0,0,0,0,0,0,1,0,0,0,0,0,1,0,0,0
N143535,PONTIAC TOWNSHIP HIGH SCHOOL,F17105,32,IL,38700,"Pontiac, IL",145,"Bloomington-Pontiac, IL",0,0,0,0,2,0,1,0,0,0,1,0,0,0,0,0,0,0,0,0
N143537,NORTH BOONE HIGH SCHOOL,F17007,41,IL,40420,"Rockford, IL",466,"Rockford-Freeport-Rochelle, IL",0,0,1,0,2,0,0,0,1,0,0,0,0,0,1,0,0,0,1,0
N143540,RIVERDALE SENIOR HIGH SCHOOL,F17161,41,IL,19340,"Davenport-Moline-Rock Island, IA-IL",209,"Davenport-Moline, IA-IL",0,0,2,0,0,0,0,0,1,0,0,0,2,0,0,0,2,0,2,0
N143550,ADLAI E. STEVENSON HIGH SCHOOL,F17097,21,IL,16980,"Chicago-Naperville-Elgin, IL-IN",176,"Chicago-Naperville, IL-IN-WI",7,0,4,0,5,0,1,0,2,0,2,0,8,0,3,0,7,0,8,0
N143560,PRINCETON HIGH SCHOOL,F17011,32,IL,36837,"Ottawa, IL",176,"Chicago-Naperville, IL-IN-WI",3,0,1,0,0,0,0,0,2,0,0,0,0,0,0,0,2,0,0,0
N143565,PRINCEVILLE HIGH SCHOOL,F17143,42,IL,37900,"Peoria, IL",427,"Peoria-Canton, IL",0,0,0,0,0,0,1,0,0,0,0,0,0,0,0,0,0,0,0,0
N143572,CHRISTIAN LIBERTY ACADEMY,F17031,21,IL,16980,"Chicago-Naperville-Elgin, IL-IN",176,"Chicago-Naperville, IL-IN-WI",0,0,0,0,0,0,0,0,1,0,0,0,0,0,0,0,0,0,0,0
N143575,QUINCY NOTRE DAME HIGH SCHOOL,F17001,33,IL,39500,"Quincy, IL-MO",448,"Quincy-Hannibal, IL-MO",1,0,0,0,1,0,3,0,0,0,1,0,0,0,0,0,0,0,0,0
N143585,QUINCY SENIOR HIGH SCHOOL,F17001,33,IL,39500,"Quincy, IL-MO",448,"Quincy-Hannibal, IL-MO",2,0,2,0,0,0,0,0,0,0,1,0,1,0,1,0,1,0,1,0
N143605,LINCOLNWOOD HIGH SCHOOL,F17135,42,IL,N,Non_CBSA,N,N,0,0,0,0,0,0,0,0,1,0,0,0,0,0,0,0,1,0,0,0
N143630,RICHMOND-BURTON COMMUNITY HIGH SCHOOL,F17111,41,IL,16980,"Chicago-Naperville-Elgin, IL-IN",176,"Chicago-Naperville, IL-IN-WI",4,0,3,0,2,0,2,0,0,0,0,0,0,0,0,0,1,0,0,0
N143634,SOUTHLAND COLLEGE PREP CHTR HS,F17031,21,IL,16980,"Chicago-Naperville-Elgin, IL-IN",176,"Chicago-Naperville, IL-IN-WI",0,0,0,0,0,0,0,0,0,0,0,0,1,0,0,0,0,0,0,0
N143655,RIVERSIDE-BROOKFIELD HIGH SCHOOL,F17031,21,IL,16980,"Chicago-Naperville-Elgin, IL-IN",176,"Chicago-Naperville, IL-IN-WI",0,0,0,0,0,0,0,0,2,0,0,0,1,0,2,0,0,0,2,0
N143680,ROCHELLE TOWNSHIP HIGH SCHOOL,F17141,32,IL,40300,"Rochelle, IL",466,"Rockford-Freeport-Rochelle, IL",0,0,0,0,0,0,0,0,0,0,0,0,0,0,0,0,1,0,1,0
N143685,ROCHESTER HIGH SCHOOL,F17167,22,IL,44100,"Springfield, IL",522,"Springfield-Jacksonville-Lincoln, IL",1,0,0,0,0,0,0,0,0,0,0,0,0,0,1,0,1,0,0,0
N143690,ROCK FALLS TOWNSHIP HIGH SCHOOL,F17195,32,IL,44580,"Sterling, IL",221,"Dixon-Sterling, IL",0,0,0,0,1,0,0,0,1,0,0,0,0,0,0,0,0,0,0,0
N143693,AUBURN HIGH SCHOOL,F17201,12,IL,40420,"Rockford, IL",466,"Rockford-Freeport-Rochelle, IL",0,0,1,0,0,0,0,0,0,0,0,0,1,0,1,0,1,0,0,0
N143697,ROCKFORD BOYLAN CATHOLIC HIGH SCHOOL,F17201,12,IL,40420,"Rockford, IL",466,"Rockford-Freeport-Rochelle, IL",8,0,0,0,2,0,2,0,0,0,2,0,2,0,1,0,1,0,3,0
N143700,EAST HIGH SCHOOL,F17201,12,IL,40420,"Rockford, IL",466,"Rockford-Freeport-Rochelle, IL",0,0,0,0,1,0,0,0,0,0,0,0,0,0,0,0,0,0,0,0
N143703,GUILFORD HIGH SCHOOL,F17201,12,IL,40420,"Rockford, IL",466,"Rockford-Freeport-Rochelle, IL",3,0,3,0,0,0,0,0,0,0,1,0,0,0,0,0,0,0,1,0
N143705,HARLEM SENIOR HIGH SCHOOL,F17201,21,IL,40420,"Rockford, IL",466,"Rockford-Freeport-Rochelle, IL",0,0,1,0,0,0,1,0,0,0,1,0,1,0,0,0,1,0,0,0
N143709,ROCKFORD LUTHERAN HIGH SCHOOL,F17201,12,IL,40420,"Rockford, IL",466,"Rockford-Freeport-Rochelle, IL",0,0,0,0,0,0,0,0,1,0,0,0,0,0,1,0,0,0,1,0
N143712,THOMAS JEFFERSON HIGH SCHOOL,F17201,12,IL,40420,"Rockford, IL",466,"Rockford-Freeport-Rochelle, IL",0,0,1,0,0,0,0,0,0,0,0,0,0,0,0,0,1,0,0,0
N143720,ALLEMAN HIGH SCHOOL,F17161,13,IL,19340,"Davenport-Moline-Rock Island, IA-IL",209,"Davenport-Moline, IA-IL",4,0,1,0,3,0,2,0,1,0,1,0,0,0,0,0,2,0,1,0
N143724,ROCKFORD CHRISTIAN SCHOOLS,F17201,12,IL,40420,"Rockford, IL",466,"Rockford-Freeport-Rochelle, IL",2,0,0,0,0,0,0,0,2,0,0,0,1,0,0,0,0,0,0,0
N143725,ROCK ISLAND HIGH SCHOOL,F17161,13,IL,19340,"Davenport-Moline-Rock Island, IA-IL",209,"Davenport-Moline, IA-IL",5,0,1,0,0,0,0,0,1,0,0,0,0,0,1,0,4,0,0,0
N143735,HONONEGAH COMMUNITY HIGH SCHOOL,F17201,23,IL,40420,"Rockford, IL",466,"Rockford-Freeport-Rochelle, IL",2,0,5,0,2,0,3,0,1,0,4,0,2,0,3,0,4,0,7,0
N143736,ROLLING MEADOWS HIGH SCHOOL,F17031,21,IL,16980,"Chicago-Naperville-Elgin, IL-IN",176,"Chicago-Naperville, IL-IN-WI",6,1,3,0,3,0,1,0,3,0,4,0,1,0,0,0,6,0,2,0
N143760,ROUND LAKE SENIOR HIGH SCHOOL,F17097,21,IL,16980,"Chicago-Naperville-Elgin, IL-IN",176,"Chicago-Naperville, IL-IN-WI",0,0,0,0,0,0,2,0,0,0,2,0,0,0,0,0,0,0,0,0
N143775,RUSHVILLE HIGH SCHOOL,F17169,33,IL,N,Non_CBSA,N,N,0,0,0,0,1,0,0,0,0,0,0,0,0,0,0,0,0,0,0,0
N143784,SOUTH ELGIN HIGH SCHOOL,F17089,21,IL,16980,"Chicago-Naperville-Elgin, IL-IN",176,"Chicago-Naperville, IL-IN-WI",6,0,12,0,8,0,4,0,3,0,3,0,3,0,1,0,0,0,0,0
N143795,SAINT CHARLES EAST HIGH SCHOOL,F17089,21,IL,16980,"Chicago-Naperville-Elgin, IL-IN",176,"Chicago-Naperville, IL-IN-WI",11,0,11,0,4,0,7,1,6,0,8,0,10,0,3,0,7,1,4,0
N143796,ST CHARLES NORTH HIGH SCHOOL,F17089,21,IL,16980,"Chicago-Naperville-Elgin, IL-IN",176,"Chicago-Naperville, IL-IN-WI",7,0,4,0,7,0,12,0,8,0,7,0,8,0,12,0,4,0,11,0
N143815,ST. JOSEPH-OGDEN HIGH SCHOOL,F17019,42,IL,16580,"Champaign-Urbana, IL",169,"Champaign-Urbana-Danville, IL",0,0,0,0,0,0,0,0,0,0,0,0,1,0,0,0,0,0,0,0
N143855,SCALES MOUND HIGH SCHOOL,F17085,42,IL,N,Non_CBSA,N,N,2,0,0,0,0,0,0,0,0,0,0,0,0,0,1,0,0,0,0,0
N143857,SCHAUMBURG HIGH SCHOOL,F17031,13,IL,16980,"Chicago-Naperville-Elgin, IL-IN",176,"Chicago-Naperville, IL-IN-WI",5,0,3,0,0,0,0,0,2,0,3,0,5,0,3,0,0,0,2,0
N143865,SENECA HIGH SCHOOL,F17099,42,IL,36837,"Ottawa, IL",176,"Chicago-Naperville, IL-IN-WI",0,0,0,0,0,0,0,0,0,0,0,0,0,0,0,0,0,0,1,0
N143880,INDIAN CREEK HIGH SCHOOL,F17037,42,IL,16980,"Chicago-Naperville-Elgin, IL-IN",176,"Chicago-Naperville, IL-IN-WI",0,0,0,0,1,0,0,0,0,0,0,0,1,0,1,0,0,0,0,0
N143910,SHERRARD HIGH SCHOOL,F17161,41,IL,19340,"Davenport-Moline-Rock Island, IA-IL",209,"Davenport-Moline, IA-IL",1,0,6,0,2,0,1,0,1,0,2,0,1,0,0,0,0,0,0,0
N143926,NILES TOWNSHIP WEST HIGH SCHOOL,F17031,13,IL,16980,"Chicago-Naperville-Elgin, IL-IN",176,"Chicago-Naperville, IL-IN-WI",1,0,0,0,4,0,1,0,0,0,1,0,1,0,0,0,5,0,2,0
N143927,NILES NORTH HIGH SCHOOL,F17031,13,IL,16980,"Chicago-Naperville-Elgin, IL-IN",176,"Chicago-Naperville, IL-IN-WI",0,0,0,0,0,0,2,0,3,0,0,0,1,0,1,0,2,0,3,0
N143930,SOMONAUK HIGH SCHOOL,F17037,31,IL,16980,"Chicago-Naperville-Elgin, IL-IN",176,"Chicago-Naperville, IL-IN-WI",1,0,0,0,0,0,0,0,0,0,0,0,0,0,0,0,0,0,0,0
N143939,THORNWOOD HIGH SCHOOL,F17031,21,IL,16980,"Chicago-Naperville-Elgin, IL-IN",176,"Chicago-Naperville, IL-IN-WI",0,0,1,0,0,0,0,0,0,0,0,0,0,0,0,0,0,0,0,0
N143955,SPRINGFIELD SOUTHEAST HIGH SCHOOL,F17167,12,IL,44100,"Springfield, IL",522,"Springfield-Jacksonville-Lincoln, IL",0,0,0,0,0,0,0,0,0,0,0,0,0,0,1,0,1,0,0,0
N143965,SACRED HEART GRIFFIN HIGH SCHOOL,F17167,12,IL,44100,"Springfield, IL",522,"Springfield-Jacksonville-Lincoln, IL",0,0,0,0,1,0,1,0,0,0,1,0,0,0,0,0,0,0,0,0
N143975,SPRINGFIELD HIGH SCHOOL,F17167,12,IL,44100,"Springfield, IL",522,"Springfield-Jacksonville-Lincoln, IL",0,0,0,0,1,0,0,0,0,0,0,0,0,0,0,0,1,0,0,0
N143985,HALL HIGH SCHOOL,F17011,32,IL,36837,"Ottawa, IL",176,"Chicago-Naperville, IL-IN-WI",0,0,0,0,0,0,0,0,0,0,1,0,0,0,0,0,0,0,0,0
N144005,NEWMAN CENTRAL CATHOLIC HIGH SCHOOL,F17195,32,IL,44580,"Sterling, IL",221,"Dixon-Sterling, IL",1,0,3,0,0,0,1,0,2,0,0,0,0,0,0,0,2,0,1,0
N144010,STERLING HIGH SCHOOL,F17195,32,IL,44580,"Sterling, IL",221,"Dixon-Sterling, IL",1,0,1,0,0,0,0,0,0,0,0,0,3,0,1,0,2,0,1,0
N144020,STILLMAN VALLEY HIGH SCHOOL,F17141,41,IL,40300,"Rochelle, IL",466,"Rockford-Freeport-Rochelle, IL",2,0,0,0,2,0,0,0,0,0,5,0,0,0,1,0,2,0,0,0
N144030,STOCKTON HIGH SCHOOL,F17085,43,IL,N,Non_CBSA,N,N,0,0,1,0,0,0,0,0,0,0,0,0,0,0,0,0,0,0,0,0
N144040,STREATOR TOWNSHIP HIGH SCHOOL,F17099,32,IL,36837,"Ottawa, IL",176,"Chicago-Naperville, IL-IN-WI",0,0,0,0,0,0,1,0,0,0,0,0,0,0,0,0,0,0,0,0
N144065,SYCAMORE HIGH SCHOOL,F17037,23,IL,16980,"Chicago-Naperville-Elgin, IL-IN",176,"Chicago-Naperville, IL-IN-WI",0,0,2,0,4,0,2,0,2,0,6,0,0,0,0,0,0,0,2,0
N144070,V I T SENIOR HIGH SCHOOL,F17057,43,IL,15900,"Canton, IL",427,"Peoria-Canton, IL",0,0,0,0,0,0,0,0,0,0,0,0,0,0,0,0,0,0,1,0
N144093,ROCKRIDGE HIGH SCHOOL,F17161,42,IL,19340,"Davenport-Moline-Rock Island, IA-IL",209,"Davenport-Moline, IA-IL",1,0,1,0,4,0,0,0,2,0,0,0,2,0,2,0,0,0,0,0
N144095,TAYLORVILLE HIGH SCHOOL,F17021,32,IL,45380,"Taylorville, IL",522,"Springfield-Jacksonville-Lincoln, IL",0,0,0,0,1,0,0,0,1,0,0,0,0,0,0,0,0,0,0,0
N144117,VICTOR J ANDREW HIGH SCHOOL,F17031,21,IL,16980,"Chicago-Naperville-Elgin, IL-IN",176,"Chicago-Naperville, IL-IN-WI",1,0,2,0,3,0,4,0,1,0,0,0,1,0,2,0,1,0,1,0
N144118,TINLEY PARK HIGH SCHOOL,F17031,21,IL,16980,"Chicago-Naperville-Elgin, IL-IN",176,"Chicago-Naperville, IL-IN-WI",0,0,0,0,0,0,0,0,0,0,2,0,0,0,0,0,0,0,0,0
N144130,UNITY HIGH SCHOOL,F17019,41,IL,16580,"Champaign-Urbana, IL",169,"Champaign-Urbana-Danville, IL",0,0,0,0,1,0,1,0,0,0,0,0,0,0,0,0,0,0,1,0
N144145,STARK COUNTY HIGH SCHOOL,F17175,42,IL,37900,"Peoria, IL",427,"Peoria-Canton, IL",1,0,0,0,1,0,0,0,0,0,0,0,0,0,0,0,0,0,1,0
N144155,TREMONT HIGH SCHOOL,F17179,41,IL,37900,"Peoria, IL",427,"Peoria-Canton, IL",1,0,0,0,0,0,0,0,0,0,0,0,1,0,1,0,1,0,0,0
N144170,TUSCOLA HIGH SCHOOL,F17041,32,IL,N,Non_CBSA,N,N,0,0,0,0,0,0,0,0,0,0,1,0,0,0,0,0,0,0,1,0
N144195,VALMEYER HIGH SCHOOL,F17133,42,IL,41180,"St. Louis, MO-IL",476,"St. Louis-St. Charles-Farmington, MO-IL",0,0,1,0,0,0,0,0,0,0,0,0,0,0,0,0,0,0,0,0
N144214,VERNON HILLS HIGH SCHOOL,F17097,21,IL,16980,"Chicago-Naperville-Elgin, IL-IN",176,"Chicago-Naperville, IL-IN-WI",2,0,1,0,4,0,0,0,0,0,1,0,1,0,0,0,4,0,1,0
N144232,WILLOWBROOK HIGH SCHOOL,F17043,21,IL,16980,"Chicago-Naperville-Elgin, IL-IN",176,"Chicago-Naperville, IL-IN-WI",0,0,0,0,2,0,0,0,0,0,0,0,0,0,3,0,1,0,3,0
N144270,WARRENSBURG-LATHAM HIGH SCHOOL,F17115,41,IL,19500,"Decatur, IL",N,N,0,0,1,0,0,0,0,0,1,0,0,0,1,0,0,0,0,0,0,0
N144285,WASHINGTON COMMUNITY HIGH SCHOOL,F17179,21,IL,37900,"Peoria, IL",427,"Peoria-Canton, IL",0,0,3,0,1,0,2,0,6,0,1,0,5,0,3,0,9,0,1,0
N144290,WATERLOO HIGH SCHOOL,F17133,31,IL,41180,"St. Louis, MO-IL",476,"St. Louis-St. Charles-Farmington, MO-IL",0,0,0,0,0,0,0,0,0,0,0,0,1,0,0,0,1,0,0,0
N144310,WAUCONDA HIGH SCHOOL,F17097,21,IL,16980,"Chicago-Naperville-Elgin, IL-IN",176,"Chicago-Naperville, IL-IN-WI",3,0,1,0,6,0,0,0,0,0,2,0,5,0,2,0,0,0,2,0
N144322,WAUKEGAN HIGH SCHOOL,F17097,21,IL,16980,"Chicago-Naperville-Elgin, IL-IN",176,"Chicago-Naperville, IL-IN-WI",0,0,2,0,0,0,0,0,0,0,0,0,0,0,0,0,0,0,0,0
N144350,COMMUNITY HIGH SCHOOL 94,F17043,21,IL,16980,"Chicago-Naperville-Elgin, IL-IN",176,"Chicago-Naperville, IL-IN-WI",1,0,1,0,2,0,1,0,0,0,2,0,1,0,1,0,0,0,0,0
N144363,WESTMONT HIGH SCHOOL,F17043,21,IL,16980,"Chicago-Naperville-Elgin, IL-IN",176,"Chicago-Naperville, IL-IN-WI",0,0,1,0,0,0,1,0,0,0,0,0,0,0,1,0,1,0,0,0
N144380,WHEATON-WARRENVILLE SOUTH HIGH SCHOOL,F17043,21,IL,16980,"Chicago-Naperville-Elgin, IL-IN",176,"Chicago-Naperville, IL-IN-WI",4,0,3,0,7,0,0,0,2,0,1,0,4,0,1,0,6,0,3,0
N144383,ST FRANCIS HIGH SCHOOL,F17043,21,IL,16980,"Chicago-Naperville-Elgin, IL-IN",176,"Chicago-Naperville, IL-IN-WI",0,0,0,0,5,0,0,0,3,0,3,0,0,0,0,0,1,0,1,0
N144385,WHEATON ACADEMY,F17043,21,IL,16980,"Chicago-Naperville-Elgin, IL-IN",176,"Chicago-Naperville, IL-IN-WI",0,0,0,0,0,0,0,0,2,0,0,0,0,0,0,0,0,0,2,0
N144386,WHEATON NORTH HIGH SCHOOL,F17043,21,IL,16980,"Chicago-Naperville-Elgin, IL-IN",176,"Chicago-Naperville, IL-IN-WI",2,0,6,0,3,0,2,0,0,0,2,0,1,0,2,0,1,0,1,0
N144387,WHEELING HIGH SCHOOL,F17031,21,IL,16980,"Chicago-Naperville-Elgin, IL-IN",176,"Chicago-Naperville, IL-IN-WI",1,0,0,0,0,0,0,0,0,0,2,0,0,0,0,0,1,0,0,0
N144395,WILLIAMSFIELD HIGH SCHOOL,F17095,42,IL,23660,"Galesburg, IL",N,N,0,0,1,0,0,0,0,0,0,0,0,0,0,0,0,0,0,0,0,0
N144400,WILLIAMSVILLE HIGH SCHOOL,F17167,22,IL,44100,"Springfield, IL",522,"Springfield-Jacksonville-Lincoln, IL",0,0,0,0,0,0,0,0,0,0,0,0,0,0,0,0,1,0,0,0
N144403,LOYOLA ACADEMY,F17031,21,IL,16980,"Chicago-Naperville-Elgin, IL-IN",176,"Chicago-Naperville, IL-IN-WI",0,0,2,0,1,0,1,0,0,0,0,0,1,0,0,0,3,0,1,0
N144410,WILMINGTON HIGH SCHOOL,F17197,41,IL,16980,"Chicago-Naperville-Elgin, IL-IN",176,"Chicago-Naperville, IL-IN-WI",1,0,0,0,0,0,0,0,0,0,0,0,1,0,0,0,0,0,0,0
N144425,WINNEBAGO HIGH SCHOOL,F17201,41,IL,40420,"Rockford, IL",466,"Rockford-Freeport-Rochelle, IL",1,0,1,0,0,0,0,0,0,0,1,0,0,0,0,0,1,0,4,0
N144430,NEW TRIER TOWNSHIP HIGH SCHOOL,F17031,21,IL,16980,"Chicago-Naperville-Elgin, IL-IN",176,"Chicago-Naperville, IL-IN-WI",3,0,0,0,2,0,4,0,2,0,2,0,0,0,2,0,3,0,5,0
N144455,ALWOOD HIGH SCHOOL,F17073,42,IL,19340,"Davenport-Moline-Rock Island, IA-IL",209,"Davenport-Moline, IA-IL",0,0,0,0,0,0,0,0,0,0,0,0,0,0,1,0,0,0,0,0
N144460,WOODLAWN COMMUNITY HIGH SCHOOL,F17081,42,IL,34500,"Mount Vernon, IL",N,N,0,0,0,0,1,0,0,0,0,0,0,0,0,0,0,0,0,0,0,0
N144463,METRO-EAST LUTHERAN HIGH SCHOOL,F17119,21,IL,41180,"St. Louis, MO-IL",476,"St. Louis-St. Charles-Farmington, MO-IL",0,0,0,0,0,0,0,0,0,0,1,0,0,0,0,0,0,0,0,0
N144470,WOODSTOCK HIGH SCHOOL,F17111,31,IL,16980,"Chicago-Naperville-Elgin, IL-IN",176,"Chicago-Naperville, IL-IN-WI",2,0,1,0,0,0,1,0,0,0,2,0,0,0,0,0,1,0,0,0
N144475,MARIAN CENTRAL CATHOLIC HIGH SCHOOL,F17111,31,IL,16980,"Chicago-Naperville-Elgin, IL-IN",176,"Chicago-Naperville, IL-IN-WI",0,0,1,0,5,0,0,0,0,0,4,0,1,0,0,0,1,0,0,0
N144479,WOODSTOCK NORTH HIGH SCHOOL,F17111,41,IL,16980,"Chicago-Naperville-Elgin, IL-IN",176,"Chicago-Naperville, IL-IN-WI",0,0,2,0,0,0,0,0,1,0,1,0,2,0,0,0,3,0,0,0
N144505,YORKVILLE HIGH SCHOOL,F17093,21,IL,16980,"Chicago-Naperville-Elgin, IL-IN",176,"Chicago-Naperville, IL-IN-WI",6,0,3,0,2,0,2,0,3,0,9,0,3,0,5,0,4,0,3,0
N144515,ZION-BENTON TOWNSHIP HIGH SCHOOL,F17097,21,IL,16980,"Chicago-Naperville-Elgin, IL-IN",176,"Chicago-Naperville, IL-IN-WI",0,0,0,0,1,0,0,0,0,0,0,0,0,0,0,0,0,0,0,0
N150075,HAMILTON HEIGHTS HIGH SCHOOL,F18057,21,IN,26900,"Indianapolis-Carmel-Greenwood, IN",294,"Indianapolis-Carmel-Muncie, IN",0,0,0,0,0,0,0,0,0,0,0,0,0,0,1,0,0,0,0,0
N150215,BLOOMINGTON HIGH SCHOOL SOUTH,F18105,13,IN,14020,"Bloomington, IN",144,"Bloomington-Bedford, IN",1,0,1,0,0,0,0,0,0,0,0,0,0,0,0,0,0,0,0,0
N150219,INDIANA UNIVERSITY HIGH SCHOOL,F18105,13,IN,14020,"Bloomington, IN",144,"Bloomington-Bedford, IN",0,0,0,0,1,0,0,0,0,0,0,0,0,0,0,0,0,0,0,0
N150270,TRITON JUNIOR-SENIOR HIGH SCHOOL,F18099,42,IN,38500,"Plymouth, IN",515,"South Bend-Elkhart-Mishawaka, IN-MI",0,0,0,0,0,0,0,0,0,0,0,0,0,0,0,0,0,0,2,0
N150445,CARMEL HIGH SCHOOL,F18057,12,IN,26900,"Indianapolis-Carmel-Greenwood, IN",294,"Indianapolis-Carmel-Muncie, IN",0,0,0,0,0,0,0,0,0,0,1,0,0,0,0,0,0,0,0,0
N150500,CHESTERTON HIGH SCHOOL,F18127,21,IN,16980,"Chicago-Naperville-Elgin, IL-IN",176,"Chicago-Naperville, IL-IN-WI",0,0,0,0,0,0,0,0,0,0,0,0,0,0,0,0,0,0,1,0
N150685,CROWN POINT HIGH SCHOOL,F18089,21,IN,16980,"Chicago-Naperville-Elgin, IL-IN",176,"Chicago-Naperville, IL-IN-WI",0,0,1,0,0,0,0,0,0,0,0,0,0,0,0,0,0,0,0,0
N150695,CULVER ACADEMICS,F18099,42,IN,38500,"Plymouth, IN",515,"South Bend-Elkhart-Mishawaka, IN-MI",2,0,0,0,0,0,0,0,0,0,0,0,0,0,0,0,0,0,0,0
N150740,DANVILLE COMMUNITY HIGH SCHOOL,F18063,21,IN,26900,"Indianapolis-Carmel-Greenwood, IN",294,"Indianapolis-Carmel-Muncie, IN",0,0,0,0,0,0,0,0,0,0,0,0,0,0,1,0,0,0,0,0
N151035,FOREST PARK JR-SR HIGH,F18037,42,IN,27540,"Jasper, IN",N,N,1,0,0,0,0,0,0,0,0,0,0,0,0,0,0,0,0,0,0,0
N151220,GARRETT HIGH SCHOOL,F18033,31,IN,12140,"Auburn, IN",258,"Fort Wayne-Huntington-Auburn, IN",0,0,1,0,0,0,0,0,0,0,0,0,0,0,0,0,0,0,0,0
N151390,CENTER GROVE HIGH SCHOOL,F18081,21,IN,26900,"Indianapolis-Carmel-Greenwood, IN",294,"Indianapolis-Carmel-Muncie, IN",0,0,0,0,0,0,0,0,0,0,0,0,0,0,0,0,0,0,1,0
N151440,BISHOP NOLL INSTITUTE,F18089,NA,IN,16980,"Chicago-Naperville-Elgin, IL-IN",176,"Chicago-Naperville, IL-IN-WI",0,0,0,0,0,0,0,0,0,0,0,0,0,0,1,0,0,0,0,0
N151449,HAMMOND ACADEMY SCIENCE/TECH,F18089,NA,IN,16980,"Chicago-Naperville-Elgin, IL-IN",176,"Chicago-Naperville, IL-IN-WI",0,0,0,0,0,0,0,0,0,0,0,0,0,0,1,0,0,0,0,0
N151585,CARROLL HIGH SCHOOL,F18003,41,IN,23060,"Fort Wayne, IN",258,"Fort Wayne-Huntington-Auburn, IN",0,0,1,0,0,0,0,0,0,0,0,0,0,0,0,0,0,0,0,0
N151647,AVON HIGH SCHOOL,F18063,21,IN,26900,"Indianapolis-Carmel-Greenwood, IN",294,"Indianapolis-Carmel-Muncie, IN",0,0,0,0,0,0,0,0,0,0,0,0,0,0,1,0,0,0,0,0
N151717,NORTH CENTRAL HIGH SCHOOL,F18097,11,IN,26900,"Indianapolis-Carmel-Greenwood, IN",294,"Indianapolis-Carmel-Muncie, IN",0,0,0,0,0,0,0,0,0,0,0,0,0,0,0,0,0,0,1,0
N151724,PERRY MERIDIAN HIGH SCHOOL,F18097,11,IN,26900,"Indianapolis-Carmel-Greenwood, IN",294,"Indianapolis-Carmel-Muncie, IN",0,0,0,0,1,0,0,0,0,0,0,0,0,0,0,0,0,0,0,0
N151906,CENTRAL CATHOLIC JR SR HIGH SCHOOL,F18157,13,IN,29200,"Lafayette-West Lafayette, IN",320,"Lafayette-West Lafayette-Frankfort, IN",0,0,0,0,0,0,1,0,0,0,0,0,0,0,0,0,0,0,0,0
N152225,MARTINSVILLE HIGH SCHOOL,F18109,31,IN,26900,"Indianapolis-Carmel-Greenwood, IN",294,"Indianapolis-Carmel-Muncie, IN",0,0,0,0,0,0,0,0,0,0,0,0,1,0,0,0,0,0,0,0
N152295,NORTHRIDGE HIGH SCHOOL,F18039,41,IN,21140,"Elkhart-Goshen, IN",515,"South Bend-Elkhart-Mishawaka, IN-MI",0,0,0,0,0,0,0,0,0,0,0,0,1,0,0,0,0,0,0,0
N152347,PENN HIGH SCHOOL,F18141,21,IN,43780,"South Bend-Mishawaka, IN-MI",515,"South Bend-Elkhart-Mishawaka, IN-MI",0,0,1,0,0,0,0,0,0,0,0,0,0,0,0,0,0,0,0,0
N152489,MUNSTER HIGH SCHOOL,F18089,21,IN,16980,"Chicago-Naperville-Elgin, IL-IN",176,"Chicago-Naperville, IL-IN-WI",0,0,0,0,0,0,1,1,0,0,1,0,0,0,0,0,0,0,0,0
N152510,PIKE HIGH SCHOOL,F18097,11,IN,26900,"Indianapolis-Carmel-Greenwood, IN",294,"Indianapolis-Carmel-Muncie, IN",1,0,0,0,0,0,0,0,0,0,0,0,0,0,0,0,0,0,0,0
N152520,NEW PRAIRIE HIGH SCHOOL,F18091,42,IN,33140,"Michigan City-La Porte, IN",176,"Chicago-Naperville, IL-IN-WI",0,0,0,0,1,0,0,0,0,0,0,0,0,0,0,0,0,0,0,0
N152613,ST THEODORE GUERIN HIGH SCHOOL,F18057,21,IN,26900,"Indianapolis-Carmel-Greenwood, IN",294,"Indianapolis-Carmel-Muncie, IN",0,0,0,0,0,0,0,0,0,0,0,0,0,0,0,0,0,0,1,0
N153112,LAKE CENTRAL HIGH SCHOOL,F18089,21,IN,16980,"Chicago-Naperville-Elgin, IL-IN",176,"Chicago-Naperville, IL-IN-WI",1,0,0,0,1,0,0,0,0,0,0,0,0,0,0,0,0,0,0,0
N153205,SHERIDAN HIGH SCHOOL,F18057,41,IN,26900,"Indianapolis-Carmel-Greenwood, IN",294,"Indianapolis-Carmel-Muncie, IN",0,0,0,0,0,0,0,0,0,0,0,0,1,0,0,0,0,0,0,0
N153260,JOHN ADAMS HIGH SCHOOL,F18141,12,IN,43780,"South Bend-Mishawaka, IN-MI",515,"South Bend-Elkhart-Mishawaka, IN-MI",0,0,0,0,0,0,0,0,0,0,0,0,0,0,0,0,1,0,0,0
N153566,VICTORY CHRISTIAN ACADEMY INC,F18127,21,IN,16980,"Chicago-Naperville-Elgin, IL-IN",176,"Chicago-Naperville, IL-IN-WI",0,0,0,0,0,0,0,0,0,0,1,0,0,0,0,0,0,0,0,0
N153775,WESTVILLE HIGH SCHOOL,F18091,31,IN,33140,"Michigan City-La Porte, IN",176,"Chicago-Naperville, IL-IN-WI",0,0,0,0,0,0,0,0,0,0,0,0,0,0,0,0,0,0,1,0
N153890,YORKTOWN HIGH SCHOOL,F18035,23,IN,34620,"Muncie, IN",294,"Indianapolis-Carmel-Muncie, IN",0,0,0,0,0,0,0,0,0,0,0,0,1,0,0,0,0,0,0,0
N153907,PURDUE POLYTECHNIC HIGH SCHOOL,F18097,NA,IN,26900,"Indianapolis-Carmel-Greenwood, IN",294,"Indianapolis-Carmel-Muncie, IN",0,0,0,0,0,0,0,0,0,0,0,0,0,0,0,0,1,0,0,0
N154444,ILLIANA CHRISTIAN HIGH SCHOOL,F18089,NA,IN,16980,"Chicago-Naperville-Elgin, IL-IN",176,"Chicago-Naperville, IL-IN-WI",0,0,0,0,0,0,0,0,0,0,0,0,0,0,0,0,0,0,1,0
N160000,ACKLY-GENEVA-WELLSBURG-STEAMB HIGH SCHOOL,F19083,42,IA,N,Non_CBSA,N,N,0,0,1,0,1,0,0,0,1,0,1,0,2,0,0,0,2,0,0,0
N160001,ISAAC NEWTON CHRISTIAN ACADEMY,F19113,12,IA,16300,"Cedar Rapids, IA",168,"Cedar Rapids-Iowa City, IA",0,0,0,0,0,0,0,0,1,0,1,0,0,0,0,0,0,0,0,0
N160003,DES MOINES VIRTUAL CAMPUS,F19153,NA,IA,19780,"Des Moines-West Des Moines, IA",218,"Des Moines-West Des Moines-Ames, IA",0,0,0,0,0,0,0,0,0,0,0,0,1,0,1,1,0,0,1,0
N160009,NORTHWEST HIGH SCHOOL,F19049,NA,IA,19780,"Des Moines-West Des Moines, IA",218,"Des Moines-West Des Moines-Ames, IA",0,0,0,0,0,0,0,0,0,0,0,0,10,0,9,0,13,0,14,0
N160010,ADEL-DESOTO-MINBURN HIGH SCHOOL,F19049,31,IA,19780,"Des Moines-West Des Moines, IA",218,"Des Moines-West Des Moines-Ames, IA",5,0,2,0,6,0,3,0,4,0,5,0,2,0,5,0,8,0,5,0
N160011,LIBERTY HIGH SCHOOL,F19103,41,IA,26980,"Iowa City, IA",168,"Cedar Rapids-Iowa City, IA",0,0,0,0,0,0,0,0,4,0,5,0,7,0,4,0,8,0,9,0
N160015,EAST UNION COMMUNITY SCHOOL,F19175,42,IA,N,Non_CBSA,N,N,1,0,1,0,0,0,0,0,0,0,0,0,0,0,0,0,1,0,0,0
N160030,AKRON-WESTFIELD SENIOR HIGH SCHOOL,F19149,42,IA,30180,"Le Mars, IA",512,"Sioux City-Le Mars, IA-NE-SD",0,0,2,0,0,0,1,0,1,0,1,0,0,0,1,0,2,0,4,0
N160040,ALBIA HIGH SCHOOL,F19135,43,IA,N,Non_CBSA,N,N,2,0,1,0,2,0,2,0,3,0,3,0,2,0,1,0,2,0,0,0
N160055,ALBURNETT JUNIOR-SENIOR HIGH SCHOOL,F19113,41,IA,16300,"Cedar Rapids, IA",168,"Cedar Rapids-Iowa City, IA",0,0,2,0,1,0,1,0,1,0,0,0,0,0,2,0,4,0,2,0
N160068,ALGONA HIGH SCHOOL,F19109,41,IA,N,Non_CBSA,N,N,3,0,0,0,1,0,1,0,2,0,1,0,2,0,5,0,5,0,1,0
N160070,BISHOP GARRIGAN HIGH SCHOOL,F19109,33,IA,N,Non_CBSA,N,N,0,0,0,0,0,0,3,0,0,0,1,0,0,0,0,0,0,0,3,0
N160080,NORTH POLK JUNIOR-SENIOR HIGH SCHOOL,F19153,41,IA,19780,"Des Moines-West Des Moines, IA",218,"Des Moines-West Des Moines-Ames, IA",3,0,5,0,4,0,4,0,8,0,6,0,6,0,0,0,8,0,9,0
N160105,ALTA SENIOR HIGH SCHOOL,F19021,42,IA,44740,"Storm Lake, IA",N,N,1,0,1,0,0,0,1,0,0,0,0,0,0,0,1,0,0,0,1,0
N160140,AMES HIGH SCHOOL,F19169,13,IA,11180,"Ames, IA",218,"Des Moines-West Des Moines-Ames, IA",17,1,21,2,24,0,26,0,22,1,15,0,10,1,15,1,24,0,20,0
N160145,ANAMOSA HIGH SCHOOL,F19105,32,IA,16300,"Cedar Rapids, IA",168,"Cedar Rapids-Iowa City, IA",3,0,0,0,2,0,0,0,2,0,2,0,1,0,1,0,1,0,2,0
N160156,IOWA CONNECTIONS ACADEMY,F19029,NA,IA,N,Non_CBSA,N,N,0,0,0,0,0,0,0,0,0,0,0,0,0,0,0,0,1,0,1,0
N160157,CAM HIGH SCHOOL,F19029,43,IA,N,Non_CBSA,N,N,1,0,1,0,0,0,0,0,0,0,0,0,0,0,2,0,0,0,0,0
N160159,ANKENY CHRISTIAN ACADEMY,F19153,21,IA,19780,"Des Moines-West Des Moines, IA",218,"Des Moines-West Des Moines-Ames, IA",2,0,0,0,4,0,1,0,1,0,1,0,2,0,2,0,0,0,0,0
N160160,ANKENY HIGH SCHOOL,F19153,21,IA,19780,"Des Moines-West Des Moines, IA",218,"Des Moines-West Des Moines-Ames, IA",15,0,20,0,17,0,17,0,9,1,17,0,18,0,17,0,27,0,20,0
N160162,ANKENY CENTENNIAL HIGH SCHOOL,F19153,21,IA,19780,"Des Moines-West Des Moines, IA",218,"Des Moines-West Des Moines-Ames, IA",28,0,15,0,23,0,13,0,19,0,10,0,22,0,25,0,20,0,25,0
N160185,CENTRAL LEE HIGH SCHOOL,F19111,42,IA,22800,"Fort Madison, IA",161,"Burlington-Fort Madison, IA-IL",0,0,1,0,5,0,1,0,2,0,0,0,2,0,0,0,1,0,1,0
N160200,ARMSTRONG-RINGSTED HIGH SCHOOL,F19063,43,IA,N,Non_CBSA,N,N,1,0,0,0,0,0,0,0,0,0,1,0,0,0,0,0,1,0,2,0
N160235,ATLANTIC HIGH SCHOOL,F19029,33,IA,N,Non_CBSA,N,N,0,0,1,0,0,0,0,0,4,0,3,0,3,0,1,0,3,1,1,0
N160250,AUDUBON HIGH SCHOOL,F19009,43,IA,N,Non_CBSA,N,N,2,0,0,0,0,0,0,0,1,0,0,0,1,0,1,0,3,0,1,0
N160265,A-H-S-T HIGH SCHOOL,F19155,43,IA,36540,"Omaha, NE-IA",420,"Omaha-Fremont, NE-IA",0,0,1,0,5,0,0,0,1,0,3,0,3,0,1,0,0,0,1,0
N160315,BAXTER HIGH SCHOOL,F19099,42,IA,19780,"Des Moines-West Des Moines, IA",218,"Des Moines-West Des Moines-Ames, IA",0,0,0,0,1,0,0,0,1,0,0,0,0,0,1,0,0,0,1,0
N160335,BEDFORD HIGH SCHOOL,F19173,43,IA,N,Non_CBSA,N,N,1,0,1,0,0,0,1,0,0,0,2,0,0,0,1,0,0,0,0,0
N160345,BELLE PLAINE JUNIOR-SENIOR HIGH SCHOOL,F19011,42,IA,16300,"Cedar Rapids, IA",168,"Cedar Rapids-Iowa City, IA",1,0,0,0,1,0,0,0,0,0,0,0,0,0,0,0,1,0,0,0
N160350,BELLEVUE HIGH SCHOOL,F19097,42,IA,N,Non_CBSA,N,N,0,0,0,0,0,0,0,0,0,0,0,0,0,0,0,0,1,0,0,0
N160352,MARQUETTE CATHOLIC SCHOOLS PK-12,F19097,32,IA,N,Non_CBSA,N,N,0,0,0,0,1,0,0,0,0,0,0,0,0,0,1,0,0,0,1,0
N160360,BELMOND-KLEMME HIGH SCHOOL,F19197,43,IA,N,Non_CBSA,N,N,1,0,0,0,1,0,0,0,0,0,1,0,1,0,1,0,1,0,1,0
N160385,BETTENDORF HIGH SCHOOL,F19163,21,IA,19340,"Davenport-Moline-Rock Island, IA-IL",209,"Davenport-Moline, IA-IL",2,0,8,0,14,0,7,0,9,0,14,0,4,0,11,0,2,0,7,0
N160386,MORNING STAR ACADEMY,F19163,21,IA,19340,"Davenport-Moline-Rock Island, IA-IL",209,"Davenport-Moline, IA-IL",0,0,0,0,0,0,1,0,0,0,0,0,1,0,1,0,2,0,1,0
N160387,PLEASANT VALLEY COMMUNITY HIGH SCHOOL,F19163,21,IA,19340,"Davenport-Moline-Rock Island, IA-IL",209,"Davenport-Moline, IA-IL",10,0,9,0,17,0,14,0,10,0,14,0,20,0,19,0,27,0,22,0
N160425,DAVIS COUNTY HIGH SCHOOL,F19051,43,IA,N,Non_CBSA,N,N,4,0,2,0,1,0,1,0,0,0,0,0,1,0,1,0,1,0,0,0
N160445,BONDURANT-FARRAR COMMUNITY HIGH SCHOOL,F19153,41,IA,19780,"Des Moines-West Des Moines, IA",218,"Des Moines-West Des Moines-Ames, IA",5,0,3,0,4,0,4,0,4,0,5,0,4,0,3,0,3,0,5,0
N160450,BOONE HIGH SCHOOL,F19015,31,IA,11180,"Ames, IA",218,"Des Moines-West Des Moines-Ames, IA",2,0,1,0,6,0,4,0,4,0,2,0,4,0,2,0,4,0,5,0
N160510,WEST HANCOCK HIGH SCHOOL,F19081,43,IA,N,Non_CBSA,N,N,0,0,0,0,0,0,1,0,0,0,0,0,1,0,1,0,0,0,0,0
N160520,BROOKLYN-GUERNSEY-MALCOLM JUNIOR-SENIOR HIGH SCHOOL,F19157,43,IA,N,Non_CBSA,N,N,1,0,2,0,0,0,0,0,1,0,0,0,1,0,0,0,0,0,0,0
N160535,NORTH IOWA HIGH SCHOOL,F19189,43,IA,N,Non_CBSA,N,N,0,0,2,0,0,0,0,0,0,0,0,0,0,0,0,0,1,0,1,0
N160540,BURLINGTON NOTRE DAME,F19057,33,IA,15460,"Burlington, IA-IL",161,"Burlington-Fort Madison, IA-IL",0,0,1,0,2,0,0,0,0,0,2,0,1,0,0,0,1,0,1,0
N160545,BURLINGTON COMMUNITY HIGH SCHOOL,F19057,33,IA,15460,"Burlington, IA-IL",161,"Burlington-Fort Madison, IA-IL",2,0,4,0,1,0,0,0,0,0,2,0,4,0,1,0,2,0,0,0
N160560,TWIN CEDARS JUNIOR-SENIOR HIGH SCHOOL,F19125,43,IA,37800,"Pella, IA",218,"Des Moines-West Des Moines-Ames, IA",0,0,1,0,0,0,0,0,0,0,0,0,0,0,0,0,1,0,0,0
N160575,SOUTH WINNESHIEK HIGH SCHOOL,F19191,42,IA,N,Non_CBSA,N,N,1,0,0,0,1,0,1,0,0,0,1,0,0,0,0,0,2,0,3,0
N160583,CAMANCHE HIGH SCHOOL,F19045,32,IA,17540,"Clinton, IA",209,"Davenport-Moline, IA-IL",2,0,1,0,0,0,0,0,0,0,0,0,1,0,2,0,1,0,2,0
N160600,CARLISLE HIGH SCHOOL,F19181,41,IA,19780,"Des Moines-West Des Moines, IA",218,"Des Moines-West Des Moines-Ames, IA",5,0,3,0,5,0,10,0,5,0,8,0,1,0,1,0,7,0,4,0
N160608,CARROLL HIGH SCHOOL,F19027,41,IA,16140,"Carroll, IA",N,N,6,0,1,0,4,0,3,0,2,0,2,0,1,0,7,0,1,0,3,0
N160610,KUEMPER CATHOLIC SCHOOL SYSTEM,F19027,33,IA,16140,"Carroll, IA",N,N,7,0,1,0,3,0,1,0,1,0,2,0,2,0,2,0,1,0,1,0
N160632,CASCADE JUNIOR-SENIOR HIGH SCHOOL,F19061,42,IA,20220,"Dubuque, IA",N,N,1,0,1,0,1,0,1,0,0,0,0,0,0,0,3,0,0,0,4,0
N160660,CEDAR FALLS HIGH SCHOOL,F19013,13,IA,47940,"Waterloo-Cedar Falls, IA",N,N,21,0,8,0,18,0,18,0,23,0,14,0,23,0,16,0,16,0,9,0
N160666,CEDAR VALLEY CHRISTIAN SCHOOL,F19113,12,IA,16300,"Cedar Rapids, IA",168,"Cedar Rapids-Iowa City, IA",0,0,0,0,0,0,0,0,0,0,0,0,0,0,0,0,1,0,0,0
N160672,THOMAS JEFFERSON HIGH SCHOOL,F19113,12,IA,16300,"Cedar Rapids, IA",168,"Cedar Rapids-Iowa City, IA",8,0,7,0,11,0,8,0,6,0,12,0,7,0,3,0,3,0,4,0
N160673,JOHN F KENNEDY SENIOR HIGH SCHOOL,F19113,12,IA,16300,"Cedar Rapids, IA",168,"Cedar Rapids-Iowa City, IA",21,0,20,0,13,0,25,0,12,0,6,0,10,0,20,0,22,0,14,0
N160686,PRAIRIE HIGH SCHOOL,F19113,12,IA,16300,"Cedar Rapids, IA",168,"Cedar Rapids-Iowa City, IA",21,0,12,0,18,0,7,0,14,0,6,0,16,0,9,0,15,0,11,0
N160689,XAVIER HIGH SCHOOL,F19113,12,IA,16300,"Cedar Rapids, IA",168,"Cedar Rapids-Iowa City, IA",7,0,6,0,9,0,11,0,10,0,11,0,4,0,14,0,11,0,1,0
N160703,GEORGE WASHINGTON HIGH SCHOOL,F19113,12,IA,16300,"Cedar Rapids, IA",168,"Cedar Rapids-Iowa City, IA",6,0,4,0,4,0,10,0,5,0,4,0,3,0,2,0,1,0,5,0
N160704,VALLEY LUTHERAN SCHOOL,F19013,13,IA,47940,"Waterloo-Cedar Falls, IA",N,N,0,0,0,0,0,0,2,0,0,0,1,0,0,0,0,0,0,0,0,0
N160710,CENTER POINT-URBANA HIGH SCHOOL,F19113,42,IA,16300,"Cedar Rapids, IA",168,"Cedar Rapids-Iowa City, IA",9,0,1,0,4,0,6,0,2,0,5,0,4,0,5,0,6,0,2,0
N160715,CENTERVILLE HIGH SCHOOL,F19007,33,IA,N,Non_CBSA,N,N,2,0,2,0,1,0,0,0,4,0,3,0,1,0,0,0,0,0,2,0
N160720,CENTRAL CITY HIGH SCHOOL,F19113,42,IA,16300,"Cedar Rapids, IA",168,"Cedar Rapids-Iowa City, IA",0,0,1,0,1,0,0,0,0,0,1,0,0,0,0,0,0,0,0,0
N160730,CHARITON HIGH SCHOOL,F19117,43,IA,N,Non_CBSA,N,N,2,0,2,0,1,0,2,0,0,0,1,0,1,0,0,0,1,0,1,0
N160735,CHARLES CITY HIGH SCHOOL,F19067,33,IA,N,Non_CBSA,N,N,4,0,0,0,2,0,5,0,0,0,4,0,1,0,2,0,0,0,0,0
N160750,CHARTER OAK-UTE HIGH SCHOOL,F19047,43,IA,N,Non_CBSA,N,N,0,0,1,0,0,0,0,0,0,0,0,0,0,0,0,0,0,0,0,0
N160765,WASHINGTON HIGH SCHOOL,F19035,41,IA,N,Non_CBSA,N,N,3,0,1,0,1,0,0,0,0,0,0,0,0,0,0,0,2,0,1,0
N160780,PATON-CHURDAN HIGH SCHOOL,F19073,43,IA,N,Non_CBSA,N,N,0,0,0,0,0,0,0,0,0,0,0,0,1,0,0,0,0,0,0,0
N160800,CLARINDA HIGH SCHOOL,F19145,41,IA,N,Non_CBSA,N,N,1,0,1,0,2,0,0,0,0,0,1,0,0,0,1,0,2,0,1,0
N160805,CLARION GOLDFIELD COMMUNITY SCHOOL,F19197,43,IA,N,Non_CBSA,N,N,1,0,1,0,1,0,2,0,0,0,0,0,1,0,0,0,2,0,1,0
N160810,CLARKSVILLE HIGH SCHOOL,F19023,42,IA,N,Non_CBSA,N,N,1,0,0,0,0,0,0,0,0,0,0,0,0,0,1,0,2,0,0,0
N160820,CLEAR LAKE HIGH SCHOOL,F19033,33,IA,32380,"Mason City, IA",N,N,1,0,3,0,7,0,1,0,0,0,7,0,1,0,5,0,2,0,1,0
N160845,CLINTON HIGH SCHOOL,F19045,32,IA,17540,"Clinton, IA",209,"Davenport-Moline, IA-IL",4,0,1,1,1,0,2,0,2,0,1,0,2,0,0,0,2,0,3,0
N160865,PRINCE OF PEACE CATHOLIC SCHOOL,F19045,32,IA,17540,"Clinton, IA",209,"Davenport-Moline, IA-IL",0,0,1,0,1,0,1,0,1,0,1,0,1,0,0,0,0,0,1,0
N160880,NORTH-LINN HIGH SCHOOL,F19113,42,IA,16300,"Cedar Rapids, IA",168,"Cedar Rapids-Iowa City, IA",1,0,1,0,0,0,0,0,1,0,0,0,0,0,1,0,0,0,1,0
N160895,COLFAX-MINGO HIGH SCHOOL,F19099,42,IA,19780,"Des Moines-West Des Moines, IA",218,"Des Moines-West Des Moines-Ames, IA",2,0,1,0,0,0,0,0,0,0,1,0,0,0,0,0,0,0,1,0
N160910,COLO-NESCO SENIOR HIGH SCHOOL,F19169,42,IA,11180,"Ames, IA",218,"Des Moines-West Des Moines-Ames, IA",0,0,1,0,0,0,0,0,2,0,0,0,1,0,1,0,0,0,0,0
N160915,COLUMBUS COMMUNITY HIGH SCHOOL,F19115,42,IA,N,Non_CBSA,N,N,2,0,1,0,2,0,0,0,1,0,1,0,1,0,0,0,2,0,0,0
N160930,BCLUW HIGH SCHOOL,F19075,42,IA,47940,"Waterloo-Cedar Falls, IA",N,N,1,0,0,0,2,0,2,0,0,0,1,0,1,0,3,0,0,0,2,0
N160945,COON RAPIDS-BAYARD HIGH SCHOOL,F19027,43,IA,16140,"Carroll, IA",N,N,1,0,0,0,0,0,0,0,2,0,0,0,2,0,0,0,0,0,0,0
N160960,CORNING HIGH SCHOOL,F19003,43,IA,N,Non_CBSA,N,N,1,0,0,0,0,0,1,0,0,0,0,0,0,0,0,0,0,0,0,0
N160965,RIVER VALLEY HIGH SCHOOL,F19193,43,IA,43580,"Sioux City, IA-NE-SD",512,"Sioux City-Le Mars, IA-NE-SD",0,0,0,0,1,0,0,0,0,0,0,0,0,0,0,0,0,0,0,0
N160975,WAYNE COMMUNITY HIGH SCHOOL,F19185,43,IA,N,Non_CBSA,N,N,0,1,0,0,1,0,0,0,1,0,0,0,1,0,1,0,0,0,0,0
N160985,ABRAHAM LINCOLN HIGH SCHOOL,F19155,21,IA,36540,"Omaha, NE-IA",420,"Omaha-Fremont, NE-IA",7,0,5,0,4,0,2,0,5,0,1,0,0,0,3,0,1,0,6,0
N160993,LEWIS CENTRAL HIGH SCHOOL,F19155,21,IA,36540,"Omaha, NE-IA",420,"Omaha-Fremont, NE-IA",4,0,5,0,11,0,4,0,6,0,3,0,1,0,6,0,10,0,5,0
N160997,SAINT ALBERT CENTRAL HIGH SCH,F19155,13,IA,36540,"Omaha, NE-IA",420,"Omaha-Fremont, NE-IA",1,0,4,0,1,0,1,0,3,0,0,0,0,0,1,0,1,0,0,0
N161005,THOMAS JEFFERSON HIGH SCHOOL,F19155,21,IA,36540,"Omaha, NE-IA",420,"Omaha-Fremont, NE-IA",2,0,1,0,5,0,0,0,0,0,1,0,0,0,1,0,1,0,1,0
N161020,CRESTWOOD HIGH SCHOOL,F19089,43,IA,N,Non_CBSA,N,N,3,0,2,0,0,0,0,0,4,0,1,0,3,0,1,0,3,0,1,0
N161025,CRESTON HIGH SCHOOL,F19175,33,IA,N,Non_CBSA,N,N,0,0,0,0,0,0,2,0,1,0,0,0,1,0,0,0,3,0,1,0
N161065,DALLAS CENTER - GRIMES,F19049,41,IA,19780,"Des Moines-West Des Moines, IA",218,"Des Moines-West Des Moines-Ames, IA",5,0,7,0,8,0,3,0,8,0,6,0,4,0,3,0,5,0,10,0
N161085,DANVILLE COMMUNITY HIGH SCHOOL,F19057,42,IA,15460,"Burlington, IA-IL",161,"Burlington-Fort Madison, IA-IL",0,0,0,0,2,0,0,0,0,0,0,0,0,0,1,0,0,0,0,0
N161089,ASSUMPTION HIGH SCHOOL,F19163,12,IA,19340,"Davenport-Moline-Rock Island, IA-IL",209,"Davenport-Moline, IA-IL",4,0,4,0,4,0,3,0,2,0,6,0,3,0,3,0,1,0,2,0
N161100,KIMBERLY CENTER EAST,F19163,12,IA,19340,"Davenport-Moline-Rock Island, IA-IL",209,"Davenport-Moline, IA-IL",0,0,0,0,0,0,0,0,0,0,0,0,0,0,1,0,0,0,0,0
N161105,RIVERMONT COLLEGIATE,F19163,21,IA,19340,"Davenport-Moline-Rock Island, IA-IL",209,"Davenport-Moline, IA-IL",0,0,2,0,0,0,0,0,0,0,0,0,1,0,0,0,0,0,0,0
N161110,DAVENPORT CENTRAL HIGH SCHOOL,F19163,12,IA,19340,"Davenport-Moline-Rock Island, IA-IL",209,"Davenport-Moline, IA-IL",10,0,8,0,1,0,10,0,3,0,5,0,3,0,5,0,9,0,5,0
N161111,NORTH HIGH SCHOOL,F19163,12,IA,19340,"Davenport-Moline-Rock Island, IA-IL",209,"Davenport-Moline, IA-IL",2,0,2,0,5,0,3,0,2,0,4,0,5,0,3,0,1,0,4,0
N161113,WEST HIGH SCHOOL,F19163,12,IA,19340,"Davenport-Moline-Rock Island, IA-IL",209,"Davenport-Moline, IA-IL",9,0,5,0,5,0,16,0,4,0,5,0,3,0,2,0,4,0,3,0
N161125,DECORAH HIGH SCHOOL,F19191,41,IA,N,Non_CBSA,N,N,2,0,2,0,3,0,3,0,6,0,0,0,6,0,7,0,3,0,5,0
N161143,MAQUOKETA VALLEY SENIOR HIGH SCHOOL,F19055,42,IA,N,Non_CBSA,N,N,2,0,2,0,2,0,2,0,1,0,0,0,2,0,0,0,0,0,0,0
N161160,DENISON HIGH SCHOOL,F19047,33,IA,N,Non_CBSA,N,N,9,0,1,2,5,0,0,0,4,0,3,0,3,0,8,0,4,0,4,0
N161170,DENVER SENIOR HIGH SCHOOL,F19017,42,IA,47940,"Waterloo-Cedar Falls, IA",N,N,2,0,2,0,3,0,3,0,0,0,3,0,1,0,2,0,3,0,0,0
N161180,ABRAHAM LINCOLN HIGH SCHOOL,F19153,12,IA,19780,"Des Moines-West Des Moines, IA",218,"Des Moines-West Des Moines-Ames, IA",7,0,4,0,12,0,17,0,5,0,13,0,12,0,6,0,11,0,3,0
N161184,DES MOINES CHRISTIAN SCHOOL,F19049,41,IA,19780,"Des Moines-West Des Moines, IA",218,"Des Moines-West Des Moines-Ames, IA",1,0,1,0,2,0,4,0,2,0,3,0,6,0,10,0,4,1,3,0
N161185,DES MOINES PUBLIC SCHOOLS-CENTRAL CAMPUS,F19153,12,IA,19780,"Des Moines-West Des Moines, IA",218,"Des Moines-West Des Moines-Ames, IA",0,0,0,0,0,0,0,0,1,0,0,0,0,0,1,0,0,0,1,0
N161190,DOWLING CATHOLIC HIGH SCHOOL,F19153,13,IA,19780,"Des Moines-West Des Moines, IA",218,"Des Moines-West Des Moines-Ames, IA",22,1,10,0,23,0,23,0,19,0,10,0,31,0,17,0,23,0,23,0
N161195,EAST HIGH SCHOOL,F19153,12,IA,19780,"Des Moines-West Des Moines, IA",218,"Des Moines-West Des Moines-Ames, IA",10,0,8,0,10,1,13,0,2,0,6,0,5,0,5,0,9,1,11,0
N161199,GRAND VIEW CHRISTIAN SCHOOL,F19153,21,IA,19780,"Des Moines-West Des Moines, IA",218,"Des Moines-West Des Moines-Ames, IA",0,0,0,0,0,0,5,0,0,0,1,0,0,0,0,0,1,0,1,0
N161203,HERBERT HOOVER HIGH SCHOOL,F19153,12,IA,19780,"Des Moines-West Des Moines, IA",218,"Des Moines-West Des Moines-Ames, IA",6,0,5,0,3,0,3,0,8,0,5,0,8,0,5,0,4,0,5,0
N161205,NORTH HIGH SCHOOL,F19153,12,IA,19780,"Des Moines-West Des Moines, IA",218,"Des Moines-West Des Moines-Ames, IA",4,0,6,0,5,0,2,0,5,0,5,0,0,0,3,0,6,0,3,0
N161212,SAYDEL HIGH SCHOOL,F19153,21,IA,19780,"Des Moines-West Des Moines, IA",218,"Des Moines-West Des Moines-Ames, IA",2,0,2,0,2,0,0,0,1,0,0,0,0,0,2,0,0,0,1,0
N161215,THEODORE ROOSEVELT HIGH SCHOOL,F19153,12,IA,19780,"Des Moines-West Des Moines, IA",218,"Des Moines-West Des Moines-Ames, IA",14,0,12,0,13,0,9,1,11,1,9,0,16,0,12,1,15,0,20,0
N161220,URBANDALE HIGH SCHOOL,F19153,21,IA,19780,"Des Moines-West Des Moines, IA",218,"Des Moines-West Des Moines-Ames, IA",13,0,17,0,13,0,8,0,8,0,12,0,15,0,9,0,16,0,12,0
N161235,CENTRAL-CLINTON HIGH SCHOOL,F19045,32,IA,17540,"Clinton, IA",209,"Davenport-Moline, IA-IL",2,0,2,0,4,0,1,0,1,0,4,0,6,0,1,0,1,0,4,0
N161250,DIAGONAL JUNIOR-SENIOR HIGH SCHOOL,F19159,43,IA,N,Non_CBSA,N,N,0,0,0,0,1,0,0,0,1,0,0,0,0,0,0,0,2,0,0,0
N161260,DIKE-NEW HARTFORD HIGH SCHOOL,F19075,42,IA,47940,"Waterloo-Cedar Falls, IA",N,N,5,0,2,0,2,0,1,0,1,0,1,0,2,0,2,0,1,0,4,0
N161307,WAHLERT CATHOLIC HIGH SCHOOL,F19061,13,IA,20220,"Dubuque, IA",N,N,6,0,4,0,5,0,2,0,2,0,1,0,4,0,6,0,3,0,2,0
N161330,DUBUQUE SENIOR HIGH SCHOOL,F19061,13,IA,20220,"Dubuque, IA",N,N,12,0,5,0,8,0,10,0,6,0,7,0,2,0,5,0,6,0,4,0
N161333,HEMPSTEAD HIGH SCHOOL,F19061,13,IA,20220,"Dubuque, IA",N,N,4,0,8,0,9,0,11,0,3,1,13,0,5,0,8,0,8,0,9,0
N161355,DUNKERTON HIGH SCHOOL,F19013,42,IA,47940,"Waterloo-Cedar Falls, IA",N,N,0,0,1,0,0,0,0,0,1,0,1,0,0,0,0,0,0,0,0,0
N161360,BOYER VALLEY COMMUNITY SCHOOL,F19085,43,IA,36540,"Omaha, NE-IA",420,"Omaha-Fremont, NE-IA",0,0,0,0,0,0,0,0,0,0,0,0,0,0,1,0,0,0,0,0
N161370,DURANT HIGH SCHOOL,F19031,42,IA,N,Non_CBSA,N,N,1,0,0,0,1,0,0,0,0,0,1,0,2,0,2,0,1,0,0,0
N161375,BECKMAN CATHOLIC JR-SR HIGH SCHOOL,F19061,32,IA,20220,"Dubuque, IA",N,N,2,0,0,0,6,0,2,0,4,0,1,0,2,0,3,0,1,0,9,0
N161385,EAGLE GROVE HIGH SCHOOL,F19197,43,IA,N,Non_CBSA,N,N,2,0,0,0,1,0,0,0,0,0,0,0,0,0,1,0,1,1,0,0
N161390,EARLHAM JUNIOR-SENIOR HIGH SCHOOL,F19121,42,IA,19780,"Des Moines-West Des Moines, IA",218,"Des Moines-West Des Moines-Ames, IA",0,0,1,0,1,0,0,0,0,0,0,0,2,0,2,0,2,0,0,0
N161415,EDDYVILLE-BLAKESBURG HIGH SCHOOL,F19179,42,IA,36900,"Ottumwa, IA",N,N,0,0,0,0,2,0,1,0,1,0,0,0,1,0,0,0,4,0,2,0
N161420,EDGEWOOD-COLESBURG HIGH SCHOOL,F19043,42,IA,N,Non_CBSA,N,N,2,0,0,0,0,0,1,0,0,0,0,0,1,0,0,0,0,0,0,0
N161425,CARDINAL SENIOR HIGH SCHOOL,F19179,42,IA,36900,"Ottumwa, IA",N,N,1,0,2,0,0,0,0,0,0,0,0,0,0,0,0,0,0,0,1,0
N161430,ELDORA-NEW PROVIDENCE HIGH SCHOOL,F19083,43,IA,N,Non_CBSA,N,N,1,0,0,0,2,0,1,0,1,0,2,0,1,0,1,0,1,0,0,0
N161432,NORTH SCOTT HIGH SCHOOL,F19163,21,IA,19340,"Davenport-Moline-Rock Island, IA-IL",209,"Davenport-Moline, IA-IL",7,0,8,0,9,0,15,0,12,0,6,0,5,0,10,0,7,0,7,0
N161440,CENTRAL COMMUNITY HIGH SCHOOL,F19043,43,IA,N,Non_CBSA,N,N,2,0,0,0,1,0,0,0,0,0,0,0,0,0,1,0,0,0,0,0
N161450,ELK HORN-KIMBALLTON HIGH SCHOOL,F19165,43,IA,N,Non_CBSA,N,N,1,0,1,0,0,0,0,0,0,0,0,0,2,0,0,0,1,0,0,0
N161500,EMMETSBURG HIGH SCHOOL,F19147,43,IA,N,Non_CBSA,N,N,2,0,1,0,0,0,1,0,0,0,0,0,1,0,2,0,1,0,2,0
N161505,WESTERN DUBUQUE HIGH SCHOOL,F19061,42,IA,20220,"Dubuque, IA",N,N,3,0,6,0,7,0,1,0,4,0,2,0,2,0,5,0,4,0,2,0
N161515,ESSEX JUNIOR-SENIOR HIGH SCHOOL,F19145,42,IA,N,Non_CBSA,N,N,0,0,0,0,0,0,0,0,0,0,0,0,0,0,0,0,1,0,0,0
N161520,ESTHERVILLE LINCOLN CENTRAL HIGH SCHOOL,F19063,33,IA,N,Non_CBSA,N,N,0,0,0,0,0,0,0,0,0,0,1,0,2,0,2,0,0,0,2,0
N161525,CLAY CENTRAL/EVERLY HIGH SCHOOL,F19041,42,IA,43980,"Spencer, IA",517,"Spencer-Spirit Lake, IA",1,0,0,0,0,0,0,0,0,0,0,0,0,0,0,0,0,0,0,0
N161535,WAPSIE VALLEY HIGH SCHOOL,F19017,42,IA,47940,"Waterloo-Cedar Falls, IA",N,N,1,0,0,0,0,0,0,0,1,0,0,0,0,0,0,0,2,0,1,0
N161550,FAIRFIELD COMMUNITY HIGH SCHOOL,F19101,33,IA,N,Non_CBSA,N,N,5,0,2,0,2,0,3,0,1,0,3,0,1,0,0,0,0,0,1,0
N161553,MAHARISHI SCH AGE ENLIGHTENMNT,F19101,33,IA,N,Non_CBSA,N,N,0,0,0,0,1,0,0,0,1,0,0,0,0,0,0,0,0,0,0,0
N161640,FOREST CITY HIGH SCHOOL,F19189,43,IA,N,Non_CBSA,N,N,3,0,2,0,5,0,3,0,4,0,3,0,1,0,2,0,3,0,1,0
N161657,ST EDMOND CATHOLIC SCHOOL,F19187,33,IA,22700,"Fort Dodge, IA",N,N,1,0,0,0,1,0,1,0,2,0,0,0,0,0,3,0,1,0,0,0
N161662,HOLY TRINITY CATHOLIC SCHOOLS,F19111,33,IA,22800,"Fort Madison, IA",161,"Burlington-Fort Madison, IA-IL",2,0,1,0,1,0,0,0,1,0,0,0,0,0,0,0,1,0,0,0
N161665,FORT DODGE HIGH SCHOOL,F19187,33,IA,22700,"Fort Dodge, IA",N,N,2,0,2,0,3,0,1,0,4,0,2,0,0,0,3,0,1,0,7,0
N161675,FORT MADISON SENIOR HIGH SCHOOL,F19111,33,IA,22800,"Fort Madison, IA",161,"Burlington-Fort Madison, IA-IL",0,0,1,0,1,0,2,0,3,0,0,0,1,0,0,0,1,0,1,0
N161710,GARNER-HAYFIELD HIGH SCHOOL,F19081,42,IA,N,Non_CBSA,N,N,1,0,1,0,2,0,0,0,1,0,0,0,3,0,1,0,1,0,0,0
N161720,GMG SECONDARY SCHOOL,F19171,42,IA,N,Non_CBSA,N,N,1,0,2,0,2,0,0,0,1,0,1,0,0,0,0,0,0,0,0,0
N161745,GILBERT HIGH SCHOOL,F19169,41,IA,11180,"Ames, IA",218,"Des Moines-West Des Moines-Ames, IA",7,0,13,0,10,0,11,0,5,0,8,0,5,0,6,0,7,0,7,0
N161748,BOSCO CATHOLIC SCHOOL SYSTEM,F19013,41,IA,47940,"Waterloo-Cedar Falls, IA",N,N,1,0,2,0,2,0,3,0,0,0,0,0,2,0,1,0,0,0,1,0
N161775,GLENWOOD HIGH SCHOOL,F19129,31,IA,36540,"Omaha, NE-IA",420,"Omaha-Fremont, NE-IA",2,0,6,0,7,0,6,0,6,0,4,0,0,0,4,0,1,0,2,0
N161780,GLIDDEN-RALSTON JUNIOR-SENIOR HIGH SCHOOL,F19027,42,IA,16140,"Carroll, IA",N,N,0,0,0,0,0,0,0,0,0,0,0,0,0,0,1,0,1,0,0,0
N161790,NORTHEAST MIDDLE-HIGH SCHOOL,F19045,42,IA,17540,"Clinton, IA",209,"Davenport-Moline, IA-IL",1,0,2,0,1,0,2,0,1,0,1,0,1,0,0,0,2,0,0,0
N161795,PRAIRIE VALLEY HIGH SCHOOL,F19187,43,IA,22700,"Fort Dodge, IA",N,N,1,0,0,0,0,0,1,0,0,0,0,0,2,0,2,0,2,0,0,0
N161800,GRAETTINGER/TERRIL HIGH SCHOOL,F19147,43,IA,N,Non_CBSA,N,N,1,0,0,0,0,0,0,0,0,0,0,0,0,0,1,0,0,0,0,0
N161825,LOUISA-MUSCATINE HIGH SCHOOL,F19115,42,IA,N,Non_CBSA,N,N,0,0,1,0,1,0,0,0,0,0,0,0,3,0,0,0,0,0,0,0
N161865,NORTH BUTLER HIGH SCHOOL,F19023,43,IA,N,Non_CBSA,N,N,0,0,1,0,0,0,0,0,0,0,0,0,1,0,0,0,0,0,0,0
N161870,NODAWAY VALLEY HIGH SCHOOL,F19001,43,IA,N,Non_CBSA,N,N,1,0,0,0,2,0,0,0,0,0,1,0,0,0,1,0,2,0,0,0
N161890,GRINNELL COMMUNITY SENIOR HIGH SCHOOL,F19157,33,IA,N,Non_CBSA,N,N,2,0,1,0,2,0,0,0,4,0,2,0,1,0,1,0,1,0,0,0
N161895,GRISWOLD HIGH SCHOOL,F19029,43,IA,N,Non_CBSA,N,N,0,0,0,0,0,0,1,0,0,0,0,0,1,0,0,0,0,0,0,0
N161900,GRUNDY CENTER HIGH SCHOOL,F19075,42,IA,47940,"Waterloo-Cedar Falls, IA",N,N,0,0,1,0,1,0,0,0,3,0,1,0,2,0,5,0,1,0,2,0
N161915,GUTHRIE CENTER HIGH SCHOOL,F19077,43,IA,19780,"Des Moines-West Des Moines, IA",218,"Des Moines-West Des Moines-Ames, IA",0,0,0,0,4,0,0,0,0,0,0,0,0,0,0,0,0,0,1,0
N161920,CLAYTON RIDGE HIGH SCHOOL,F19043,42,IA,N,Non_CBSA,N,N,3,0,0,0,0,0,1,0,0,0,0,0,0,0,0,0,0,0,0,0
N161935,HAMPTON DUMONT HIGH SCHOOL,F19069,43,IA,N,Non_CBSA,N,N,2,0,1,0,2,0,1,0,2,0,2,0,4,0,1,0,2,0,2,0
N161960,HARLAN COMMUNITY HIGH SCHOOL,F19165,32,IA,N,Non_CBSA,N,N,6,0,2,0,7,0,4,0,1,0,1,0,3,0,3,0,2,0,0,0
N161985,HARTLEY-MELVIN-SANBORN SENIOR HIGH SCHOOL,F19141,43,IA,N,Non_CBSA,N,N,1,0,0,0,0,0,1,0,1,0,0,0,0,0,0,0,1,0,1,0
N162005,WEST SIOUX HIGH SCHOOL,F19167,43,IA,N,Non_CBSA,N,N,0,0,0,0,0,0,0,0,0,0,1,0,0,0,0,0,0,0,1,0
N162040,HINTON HIGH SCHOOL,F19149,41,IA,30180,"Le Mars, IA",512,"Sioux City-Le Mars, IA-NE-SD",4,0,0,0,1,0,1,0,1,0,0,0,2,0,0,0,2,0,1,0
N162045,GALVA-HOLSTEIN HIGH SCHOOL,F19093,43,IA,N,Non_CBSA,N,N,0,0,2,0,0,0,1,0,0,0,1,0,0,0,0,0,0,0,0,0
N162085,HUDSON HIGH SCHOOL,F19013,22,IA,47940,"Waterloo-Cedar Falls, IA",N,N,2,0,0,0,2,0,0,0,3,0,1,0,1,0,0,0,4,0,5,0
N162090,BOYDEN HULL HIGH SCHOOL,F19167,42,IA,N,Non_CBSA,N,N,0,0,0,0,0,0,1,0,0,0,0,0,0,0,0,0,0,0,1,0
N162095,WESTERN CHRISTIAN HIGH SCHOOL,F19167,42,IA,N,Non_CBSA,N,N,0,0,0,0,0,0,0,0,1,0,0,0,0,0,0,0,0,0,1,0
N162100,HUMBOLDT HIGH SCHOOL,F19091,41,IA,N,Non_CBSA,N,N,1,0,2,0,1,0,2,0,0,0,2,0,0,0,1,0,2,0,1,0
N162110,BALLARD HIGH SCHOOL,F19169,42,IA,11180,"Ames, IA",218,"Des Moines-West Des Moines-Ames, IA",6,0,8,0,7,0,9,0,6,0,3,0,7,0,5,0,7,0,9,1
N162129,OABCIG SR HIGH SCHOOL,F19093,43,IA,N,Non_CBSA,N,N,1,0,0,0,2,0,2,0,1,0,1,0,2,0,1,0,1,0,1,0
N162130,INDEPENDENCE SENIOR HIGH SCHOOL,F19019,32,IA,N,Non_CBSA,N,N,1,0,2,0,1,0,1,0,4,0,0,0,8,0,0,0,0,0,1,0
N162135,INDIANOLA HIGH SCHOOL,F19181,31,IA,19780,"Des Moines-West Des Moines, IA",218,"Des Moines-West Des Moines-Ames, IA",6,0,6,0,2,0,4,0,2,0,5,0,6,0,5,0,3,0,2,0
N162140,WEST LYON HIGH SCHOOL,F19119,42,IA,N,Non_CBSA,N,N,0,0,2,0,0,0,0,0,1,0,0,0,0,0,0,0,0,0,1,0
N162155,CITY HIGH SCHOOL,F19103,13,IA,26980,"Iowa City, IA",168,"Cedar Rapids-Iowa City, IA",12,0,11,0,7,0,6,0,6,0,6,0,10,0,7,0,6,0,3,0
N162158,REGINA CATHOLIC EDUCATION CENTER,F19103,13,IA,26980,"Iowa City, IA",168,"Cedar Rapids-Iowa City, IA",5,0,2,0,2,0,2,0,1,0,0,0,0,0,1,0,1,0,1,0
N162172,WEST HIGH SCHOOL,F19103,13,IA,26980,"Iowa City, IA",168,"Cedar Rapids-Iowa City, IA",11,0,20,0,13,0,15,0,8,0,3,0,9,0,4,0,9,0,8,0
N162175,IOWA FALLS-ALDEN HIGH SCHOOL,F19083,33,IA,N,Non_CBSA,N,N,0,0,1,0,0,0,3,0,0,0,0,0,3,0,1,0,1,0,3,0
N162200,JANESVILLE JUNIOR-SENIOR HIGH SCHOOL,F19017,42,IA,47940,"Waterloo-Cedar Falls, IA",N,N,0,0,0,0,1,0,1,0,2,0,0,0,1,0,3,0,0,0,1,0
N162205,JEFFERSON SCRANTON SENIOR HIGH SCHOOL,F19073,43,IA,N,Non_CBSA,N,N,0,0,1,0,0,0,0,0,0,0,0,0,3,0,1,0,5,0,5,0
N162210,JESUP HIGH SCHOOL,F19019,42,IA,N,Non_CBSA,N,N,1,0,0,0,0,0,0,0,0,0,0,0,3,0,0,0,2,0,0,0
N162215,SOUTH HAMILTON HIGH SCHOOL,F19079,42,IA,N,Non_CBSA,N,N,1,0,2,0,1,0,1,0,1,0,0,0,1,0,2,0,2,0,1,0
N162220,JOHNSTON HIGH SCHOOL,F19153,21,IA,19780,"Des Moines-West Des Moines, IA",218,"Des Moines-West Des Moines-Ames, IA",21,0,19,1,14,0,23,0,21,0,25,0,26,0,13,0,17,0,27,0
N162237,IOWA MENNONITE SCHOOL,F19183,42,IA,26980,"Iowa City, IA",168,"Cedar Rapids-Iowa City, IA",0,0,2,0,0,0,0,0,0,0,0,0,0,0,0,0,0,0,1,0
N162254,EAST SAC COUNTY HIGH SCHOOL,F19161,43,IA,N,Non_CBSA,N,N,0,0,0,0,1,0,1,0,1,0,0,0,0,0,0,0,0,0,0,0
N162270,KEOKUK HIGH SCHOOL,F19111,33,IA,22800,"Fort Madison, IA",161,"Burlington-Fort Madison, IA-IL",4,0,1,0,0,0,0,0,1,0,0,0,1,0,0,0,0,0,1,0
N162275,VAN BUREN COMMUNITY HIGH SCHOOL,F19177,43,IA,N,Non_CBSA,N,N,0,0,0,0,0,0,0,0,2,0,0,0,0,0,1,0,0,0,0,0
N162277,KEOTA HIGH SCHOOL,F19107,43,IA,N,Non_CBSA,N,N,2,0,1,0,2,0,0,0,0,0,0,0,0,0,0,0,1,0,0,0
N162290,KINGSLEY-PIERSON HIGH SCHOOL,F19149,42,IA,30180,"Le Mars, IA",512,"Sioux City-Le Mars, IA-NE-SD",1,0,0,0,0,0,0,0,0,0,0,0,2,0,3,0,1,0,1,0
N162310,KNOXVILLE SENIOR HIGH SCHOOL,F19125,32,IA,37800,"Pella, IA",218,"Des Moines-West Des Moines-Ames, IA",4,0,0,0,5,0,1,0,1,0,1,0,7,0,2,0,0,0,1,0
N162325,SOUTHERN CAL JUNIOR-SENIOR HIGH SCHOOL,F19025,43,IA,N,Non_CBSA,N,N,0,0,0,0,0,0,0,0,0,0,0,0,0,0,0,0,0,0,2,0
N162330,LAKE MILLS SENIOR HIGH SCHOOL,F19189,43,IA,N,Non_CBSA,N,N,1,0,2,0,1,0,0,0,3,0,2,0,0,0,1,0,0,0,0,0
N162365,LAMONI COMMUNITY SCHOOL,F19053,43,IA,N,Non_CBSA,N,N,1,0,1,0,0,0,0,0,1,0,0,0,0,0,0,0,0,0,0,0
N162385,KEE HIGH SCHOOL,F19005,42,IA,N,Non_CBSA,N,N,0,0,0,0,0,0,0,0,1,0,0,0,0,0,1,0,0,0,0,0
N162400,UNION HIGH SCHOOL,F19013,42,IA,47940,"Waterloo-Cedar Falls, IA",N,N,4,0,2,0,2,0,4,0,0,0,0,0,4,0,0,0,1,0,1,0
N162435,TURKEY VALLEY JUNIOR-SENIOR HIGH SCHOOL,F19191,43,IA,N,Non_CBSA,N,N,0,0,0,0,0,0,0,0,0,0,0,0,0,0,0,0,1,0,0,0
N162440,LAWTON JUNIOR-SENIOR HIGH SCHOOL,F19193,42,IA,43580,"Sioux City, IA-NE-SD",512,"Sioux City-Le Mars, IA-NE-SD",3,0,3,0,1,0,0,0,0,0,2,0,0,0,0,0,0,0,2,0
N162460,EAST MARSHALL SENIOR HIGH SCHOOL,F19127,42,IA,32260,"Marshalltown, IA",N,N,0,0,3,0,1,0,0,0,1,0,0,0,0,0,2,0,2,0,0,0
N162470,GEHLEN CATHOLIC HIGH SCHOOL,F19149,32,IA,30180,"Le Mars, IA",512,"Sioux City-Le Mars, IA-NE-SD",1,0,0,0,2,0,1,0,0,0,1,0,1,0,0,0,0,0,2,0
N162475,LE MARS HIGH SCHOOL,F19149,32,IA,30180,"Le Mars, IA",512,"Sioux City-Le Mars, IA-NE-SD",5,0,2,0,8,0,1,0,3,0,5,0,5,0,2,0,4,0,3,0
N162485,LENOX HIGH SCHOOL,F19173,43,IA,N,Non_CBSA,N,N,1,0,0,0,0,0,0,0,0,0,0,0,0,0,1,0,0,0,0,0
N162490,CENTRAL DECATUR JUNIOR-SENIOR HIGH SCHOOL,F19053,43,IA,N,Non_CBSA,N,N,1,0,1,0,0,0,0,0,1,0,0,0,0,0,0,0,1,0,0,0
N162515,SOUTHEAST WARREN JUNIOR-SENIOR HIGH SCHOOL,F19181,42,IA,19780,"Des Moines-West Des Moines, IA",218,"Des Moines-West Des Moines-Ames, IA",0,0,0,0,0,0,1,0,0,0,1,0,1,0,0,0,0,0,0,0
N162550,LISBON HIGH SCHOOL,F19113,31,IA,16300,"Cedar Rapids, IA",168,"Cedar Rapids-Iowa City, IA",0,0,0,0,2,0,0,0,0,0,0,0,0,0,2,0,4,0,1,0
N162590,LOGAN-MAGNOLIA HIGH SCHOOL,F19085,42,IA,36540,"Omaha, NE-IA",420,"Omaha-Fremont, NE-IA",1,0,1,0,1,0,1,0,3,0,0,0,4,0,1,0,0,0,0,0
N162605,LONE TREE HIGH SCHOOL,F19103,42,IA,26980,"Iowa City, IA",168,"Cedar Rapids-Iowa City, IA",2,0,0,0,0,0,0,0,0,0,1,0,1,0,3,0,0,0,0,0
N162655,LYNVILLE-SULLY HIGH SCHOOL,F19099,43,IA,19780,"Des Moines-West Des Moines, IA",218,"Des Moines-West Des Moines-Ames, IA",2,0,2,0,0,0,1,0,0,0,1,0,1,0,1,0,0,0,0,0
N162675,MADRID HIGH SCHOOL,F19015,42,IA,11180,"Ames, IA",218,"Des Moines-West Des Moines-Ames, IA",3,0,4,0,2,0,2,0,1,0,2,0,1,0,1,0,2,0,2,0
N162695,MALVERN JUNIOR-SENIOR HIGH SCHOOL,F19129,42,IA,36540,"Omaha, NE-IA",420,"Omaha-Fremont, NE-IA",0,0,0,0,0,0,0,0,2,0,0,0,0,0,0,0,1,0,0,0
N162700,WEST DELAWARE HIGH SCHOOL,F19055,32,IA,N,Non_CBSA,N,N,2,0,0,0,1,0,1,0,1,0,3,0,0,0,4,0,0,0,4,0
N162711,IKM-MANNING HIGH SCHOOL,F19027,43,IA,16140,"Carroll, IA",N,N,4,0,1,0,0,0,2,0,1,0,0,0,1,0,0,0,0,0,0,0
N162719,CENTRAL SPRINGS HIGH SCHOOL,F19195,42,IA,32380,"Mason City, IA",N,N,0,0,0,0,0,0,1,0,0,0,0,0,1,0,1,0,2,0,0,0
N162720,MANSON NORTHWEST WEBSTER HIGH SCHOOL,F19025,43,IA,N,Non_CBSA,N,N,3,0,0,0,2,0,2,0,0,0,1,0,1,0,1,0,0,0,0,0
N162730,MAPLE VALLEY-ANTHON-OTO HIGH SCHOOL,F19133,43,IA,N,Non_CBSA,N,N,0,0,1,0,1,0,1,0,1,0,0,0,2,0,1,0,1,0,0,0
N162735,MAQUOKETA HIGH SCHOOL,F19097,32,IA,N,Non_CBSA,N,N,0,0,2,0,0,0,1,0,0,0,0,0,2,0,2,0,0,0,0,0
N162750,MARCUS-MERIDEN-CLEGHORN HIGH SCHOOL,F19035,43,IA,N,Non_CBSA,N,N,1,0,0,0,0,0,1,0,0,0,0,0,0,0,0,0,1,0,0,0
N162760,IOWA VALLEY HIGH SCHOOL,F19095,42,IA,N,Non_CBSA,N,N,0,0,1,0,0,0,2,0,1,0,0,0,0,0,1,0,1,0,0,0
N162763,LINN MAR HIGH SCHOOL,F19113,22,IA,16300,"Cedar Rapids, IA",168,"Cedar Rapids-Iowa City, IA",31,0,20,0,18,0,26,0,17,0,24,0,19,1,26,0,24,0,30,0
N162765,MARION HIGH SCHOOL,F19113,22,IA,16300,"Cedar Rapids, IA",168,"Cedar Rapids-Iowa City, IA",4,0,6,0,3,0,1,0,5,0,2,0,6,0,3,0,2,0,3,0
N162766,MARION HOME SCHOOL,F19113,22,IA,16300,"Cedar Rapids, IA",168,"Cedar Rapids-Iowa City, IA",0,0,1,0,0,0,0,0,0,0,0,0,0,0,0,0,0,0,0,0
N162775,MARSHALLTOWN SENIOR HIGH SCHOOL,F19127,32,IA,32260,"Marshalltown, IA",N,N,11,0,4,0,3,0,12,0,12,0,9,1,8,0,11,0,3,0,9,0
N162785,MARTENSDALE SAINT MARYS COMMUNITY SCHOOL,F19181,42,IA,19780,"Des Moines-West Des Moines, IA",218,"Des Moines-West Des Moines-Ames, IA",0,0,1,0,0,0,0,0,0,0,0,0,0,0,1,0,0,0,1,0
N162790,NEWMAN CATHOLIC,F19033,33,IA,32380,"Mason City, IA",N,N,1,0,3,0,1,0,3,0,2,0,0,0,1,0,1,0,1,0,2,0
N162800,MASON CITY HIGH SCHOOL,F19033,33,IA,32380,"Mason City, IA",N,N,6,0,3,0,8,0,3,0,2,0,2,0,2,0,5,0,0,0,3,0
N162815,COLLINS-MAXWELL MIDDLE-HIGH SCHOOL,F19169,42,IA,11180,"Ames, IA",218,"Des Moines-West Des Moines-Ames, IA",2,0,0,0,0,0,0,0,0,0,0,0,0,0,4,0,1,0,2,0
N162820,WEST CENTRAL JUNIOR-SENIOR HIGH SCHOOL,F19065,42,IA,N,Non_CBSA,N,N,0,0,0,0,1,0,1,0,0,0,0,0,0,0,2,0,1,0,0,0
N162845,MEDIAPOLIS HIGH SCHOOL,F19057,43,IA,15460,"Burlington, IA-IL",161,"Burlington-Fort Madison, IA-IL",2,0,2,0,1,0,1,0,3,0,1,0,1,0,2,0,1,0,0,0
N162860,MELCHER-DALLAS HIGH SCHOOL,F19125,42,IA,37800,"Pella, IA",218,"Des Moines-West Des Moines-Ames, IA",0,0,0,0,0,0,0,0,0,0,1,0,1,0,0,0,0,0,0,0
N162905,OKOBOJI HIGH SCHOOL,F19059,33,IA,44020,"Spirit Lake, IA",517,"Spencer-Spirit Lake, IA",1,0,1,0,1,0,2,0,0,0,1,0,1,0,2,0,1,0,1,0
N162950,MISSOURI VALLEY HIGH SCHOOL,F19085,42,IA,36540,"Omaha, NE-IA",420,"Omaha-Fremont, NE-IA",1,0,1,0,1,0,1,0,1,0,0,0,0,0,0,0,2,0,0,0
N162970,WEST HARRISON HIGH SCHOOL,F19085,42,IA,36540,"Omaha, NE-IA",420,"Omaha-Fremont, NE-IA",0,0,0,0,2,0,0,0,2,0,0,0,0,0,0,0,0,0,0,0
N162985,M F L/MAR-MAC HIGH SCHOOL,F19043,43,IA,N,Non_CBSA,N,N,3,0,0,0,0,0,0,0,0,0,0,0,0,0,0,0,0,0,1,0
N162990,PCM HIGH SCHOOL,F19099,42,IA,19780,"Des Moines-West Des Moines, IA",218,"Des Moines-West Des Moines-Ames, IA",0,0,1,0,3,0,0,0,0,0,0,0,2,0,2,0,2,0,2,0
N162995,MONTEZUMA HIGH SCHOOL,F19157,43,IA,N,Non_CBSA,N,N,0,0,0,0,0,0,0,0,1,0,1,0,0,0,0,0,0,0,0,0
N163000,MONTICELLO HIGH SCHOOL,F19105,42,IA,16300,"Cedar Rapids, IA",168,"Cedar Rapids-Iowa City, IA",1,0,1,0,1,0,1,0,1,0,0,0,1,0,1,0,2,0,2,0
N163030,MORAVIA HIGH SCHOOL,F19007,42,IA,N,Non_CBSA,N,N,0,0,0,0,0,0,1,0,0,0,0,0,0,0,0,0,0,0,1,0
N163045,MOULTON-UDELL HIGH SCHOOL,F19007,42,IA,N,Non_CBSA,N,N,1,0,1,0,0,0,0,0,0,0,0,0,0,0,0,0,1,0,0,0
N163050,MOUNT AYR COMMUNITY HIGH SCHOOL,F19159,43,IA,N,Non_CBSA,N,N,1,0,0,0,2,0,1,0,0,0,0,0,2,0,0,0,0,0,1,0
N163054,MOUNT PLEASANT CHRISTIAN SCH,F19087,33,IA,N,Non_CBSA,N,N,0,0,0,0,0,0,0,0,1,0,0,0,0,0,0,0,0,0,0,0
N163055,MOUNT PLEASANT HIGH SCHOOL,F19087,33,IA,N,Non_CBSA,N,N,5,0,4,0,4,0,1,0,4,0,1,0,4,0,5,0,1,0,2,0
N163065,MOUNT VERNON HIGH SCHOOL,F19113,31,IA,16300,"Cedar Rapids, IA",168,"Cedar Rapids-Iowa City, IA",4,0,4,0,4,0,7,0,0,0,3,0,3,0,3,0,2,0,3,0
N163070,WOODBURY CENTRAL HIGH SCHOOL,F19193,42,IA,43580,"Sioux City, IA-NE-SD",512,"Sioux City-Le Mars, IA-NE-SD",0,0,0,0,0,0,1,0,0,0,1,0,0,0,1,0,0,0,0,0
N163075,MURRAY JUNIOR-SENIOR HIGH SCHOOL,F19039,42,IA,N,Non_CBSA,N,N,0,0,0,0,0,0,1,0,0,0,0,0,0,0,0,0,0,0,0,0
N163085,MUSCATINE HIGH SCHOOL,F19139,32,IA,34700,"Muscatine, IA",209,"Davenport-Moline, IA-IL",5,1,9,0,3,0,10,0,8,0,12,0,8,0,6,0,7,0,9,0
N163095,NASHUA-PLAINFIELD HIGH SCHOOL,F19037,42,IA,N,Non_CBSA,N,N,1,0,2,0,0,0,1,0,1,0,0,0,0,0,2,0,0,0,0,0
N163105,TRI CENTER HIGH SCHOOL,F19155,42,IA,36540,"Omaha, NE-IA",420,"Omaha-Fremont, NE-IA",2,0,1,0,1,0,1,0,0,0,0,0,2,0,0,0,0,0,1,0
N163125,NEVADA HIGH SCHOOL,F19169,31,IA,11180,"Ames, IA",218,"Des Moines-West Des Moines-Ames, IA",4,0,1,0,4,0,5,1,1,0,1,0,1,0,3,0,7,0,1,0
N163145,NEWELL-FONDA HIGH SCHOOL,F19021,42,IA,44740,"Storm Lake, IA",N,N,1,0,0,0,0,0,0,0,0,0,1,0,0,0,0,0,0,0,0,0
N163155,NEW HAMPTON HIGH SCHOOL,F19037,43,IA,N,Non_CBSA,N,N,2,0,3,0,2,0,2,0,1,0,3,0,1,0,1,0,0,0,1,0
N163165,NEW LONDON JUNIOR-SENIOR HIGH SCHOOL,F19087,42,IA,N,Non_CBSA,N,N,0,0,0,0,1,0,0,0,0,0,1,0,0,0,0,0,0,0,0,0
N163180,NORTH MAHASKA JUNIOR-SENIOR HIGH SCHOOL,F19123,42,IA,36820,"Oskaloosa, IA",218,"Des Moines-West Des Moines-Ames, IA",4,0,0,0,2,0,1,0,0,0,0,0,0,0,0,0,1,0,0,0
N163190,NEWTON HIGH SCHOOL,F19099,32,IA,19780,"Des Moines-West Des Moines, IA",218,"Des Moines-West Des Moines-Ames, IA",5,0,4,0,0,0,1,0,1,0,0,0,2,0,1,0,2,0,0,0
N163230,ENGLISH VALLEYS JUNIOR-SENIOR HIGH SCHOOL,F19095,42,IA,N,Non_CBSA,N,N,0,0,0,0,0,0,0,0,1,0,0,0,0,0,0,0,1,0,0,0
N163240,NORTHWOOD-KENSETT JUNIOR-SENIOR HIGH SCHOOL,F19195,43,IA,32380,"Mason City, IA",N,N,0,0,2,0,3,0,1,0,0,0,0,0,1,0,0,0,1,0,0,0
N163245,NORWALK COMMUNITY HIGH SCHOOL,F19181,21,IA,19780,"Des Moines-West Des Moines, IA",218,"Des Moines-West Des Moines-Ames, IA",2,0,4,0,1,0,7,0,6,0,9,0,6,0,11,0,12,0,8,0
N163260,RIVERSIDE HIGH SCHOOL,F19155,42,IA,36540,"Omaha, NE-IA",420,"Omaha-Fremont, NE-IA",1,0,0,0,2,0,0,0,2,0,2,0,0,0,0,0,0,0,0,0
N163290,OELWEIN HIGH SCHOOL,F19065,32,IA,N,Non_CBSA,N,N,1,0,0,0,3,0,1,0,1,0,0,0,0,0,0,0,3,0,2,0
N163295,OGDEN HIGH SCHOOL,F19015,42,IA,11180,"Ames, IA",218,"Des Moines-West Des Moines-Ames, IA",3,0,1,0,3,0,2,0,1,0,2,0,1,0,1,0,1,0,3,0
N163300,WACO HIGH SCHOOL,F19087,42,IA,N,Non_CBSA,N,N,2,0,2,0,1,0,1,0,0,0,0,0,4,0,0,0,1,0,0,0
N163315,WEST MONONA HIGH SCHOOL,F19133,43,IA,N,Non_CBSA,N,N,2,0,0,0,0,0,0,0,1,0,0,0,2,0,0,0,1,0,0,0
N163335,MOC-FLOYD VALLEY HIGH SCHOOL,F19167,32,IA,N,Non_CBSA,N,N,3,0,0,0,2,0,0,0,2,0,0,0,1,0,1,0,2,0,2,0
N163345,UNITY CHRISTIAN HIGH SCHOOL,F19167,41,IA,N,Non_CBSA,N,N,1,0,0,0,0,0,0,0,0,0,0,0,0,0,1,0,0,0,0,0
N163350,ORIENT-MACKSBURG SENIOR HIGH SCHOOL,F19001,42,IA,N,Non_CBSA,N,N,0,0,0,0,0,0,0,0,0,0,0,0,0,0,1,0,0,0,0,0
N163365,OSAGE COMMUNITY HIGH SCHOOL,F19131,43,IA,N,Non_CBSA,N,N,5,0,2,0,4,1,1,1,2,0,0,0,2,0,0,0,1,0,0,0
N163375,CLARKE COMMUNITY,F19039,41,IA,N,Non_CBSA,N,N,2,0,0,0,1,0,1,0,0,0,2,0,4,0,0,0,0,0,1,0
N163380,OSKALOOSA COMMUNITY SENIOR HIGH SCHOOL,F19123,33,IA,36820,"Oskaloosa, IA",218,"Des Moines-West Des Moines-Ames, IA",1,0,4,0,0,0,3,0,3,0,1,0,2,0,2,0,1,0,1,0
N163415,OTTUMWA HIGH SCHOOL,F19179,33,IA,36900,"Ottumwa, IA",N,N,0,0,3,0,4,0,2,0,1,0,4,0,1,0,5,0,3,0,6,0
N163430,CLEAR CREEK/AMANA HIGH SCHOOL,F19103,22,IA,26980,"Iowa City, IA",168,"Cedar Rapids-Iowa City, IA",3,0,3,0,1,0,4,0,4,0,0,0,2,0,1,0,0,0,2,0
N163445,PEKIN COMMUNITY HIGH SCHOOL,F19101,43,IA,N,Non_CBSA,N,N,0,0,1,0,0,0,1,0,0,0,0,0,1,0,1,0,0,0,1,0
N163465,PANORAMA HIGH SCHOOL,F19077,43,IA,19780,"Des Moines-West Des Moines, IA",218,"Des Moines-West Des Moines-Ames, IA",1,0,1,0,1,0,0,0,0,0,0,0,1,0,2,0,0,0,3,0
N163470,APLINGTON PARKERSBURG HIGH SCHOOL,F19023,42,IA,N,Non_CBSA,N,N,3,0,0,0,1,0,2,0,2,0,0,0,2,0,0,0,1,0,1,0
N163485,SOUTH O'BRIEN SECONDARY SCHOOL,F19141,43,IA,N,Non_CBSA,N,N,0,0,0,0,1,0,0,0,0,0,0,0,0,0,1,0,0,0,0,0
N163488,PELLA CHRISTIAN HIGH SCHOOL,F19125,41,IA,37800,"Pella, IA",218,"Des Moines-West Des Moines-Ames, IA",2,0,0,0,0,0,2,0,0,0,2,0,1,0,0,0,0,0,1,0
N163490,PELLA COMMUNITY HIGH SCHOOL,F19125,32,IA,37800,"Pella, IA",218,"Des Moines-West Des Moines-Ames, IA",7,0,4,0,3,0,7,0,4,0,3,0,6,0,3,0,9,0,4,0
N163505,PERRY HIGH SCHOOL,F19049,32,IA,19780,"Des Moines-West Des Moines, IA",218,"Des Moines-West Des Moines-Ames, IA",3,0,4,0,4,0,0,0,1,0,0,0,0,0,2,0,1,0,2,0
N163555,PLEASANTVILLE HIGH SCHOOL,F19125,42,IA,37800,"Pella, IA",218,"Des Moines-West Des Moines-Ames, IA",2,0,1,0,0,0,1,0,1,0,0,0,0,0,1,0,0,0,2,0
N163570,POCAHONTAS AREA SCHOOL,F19151,43,IA,N,Non_CBSA,N,N,1,0,0,0,0,0,1,0,1,0,0,0,1,0,0,0,0,0,0,0
N163600,JOHN R MOTT HIGH SCHOOL,F19005,43,IA,N,Non_CBSA,N,N,0,0,0,0,0,0,0,0,0,0,2,0,0,0,0,0,0,0,0,0
N163615,PRESTON HIGH SCHOOL,F19097,43,IA,N,Non_CBSA,N,N,1,0,1,0,0,0,0,0,0,0,0,0,0,0,0,0,0,0,0,0
N163685,RED OAK COMMUNITY HIGH SCHOOL,F19137,32,IA,N,Non_CBSA,N,N,1,0,3,0,1,0,1,0,0,0,0,0,0,0,0,0,0,0,2,0
N163695,GLADBROOK REINBECK HIGH SCHOOL,F19075,42,IA,47940,"Waterloo-Cedar Falls, IA",N,N,1,0,0,0,2,0,0,0,0,0,0,0,3,0,0,0,0,0,1,0
N163710,ST MARY S HIGH SCHOOL,F19149,42,IA,30180,"Le Mars, IA",512,"Sioux City-Le Mars, IA-NE-SD",1,0,1,0,2,0,1,0,0,0,0,0,1,0,0,0,1,0,0,0
N163730,RICEVILLE HIGH SCHOOL,F19089,43,IA,N,Non_CBSA,N,N,0,0,1,0,0,0,0,0,0,0,0,0,0,0,0,0,0,0,0,0
N163755,HIGHLAND HIGH SCHOOL,F19183,42,IA,26980,"Iowa City, IA",168,"Cedar Rapids-Iowa City, IA",0,0,1,0,1,0,0,0,1,0,0,0,0,0,0,0,0,0,0,0
N163775,ROCKFORD JUNIOR-SENIOR HIGH SCHOOL,F19067,43,IA,N,Non_CBSA,N,N,1,0,0,0,0,0,0,0,0,0,0,0,0,0,0,0,1,0,0,0
N163780,CENTRAL LYON COMMUNITY SCHOOL,F19119,42,IA,N,Non_CBSA,N,N,1,0,0,0,0,0,0,0,0,0,1,0,0,0,1,0,2,0,1,0
N163785,ROCK VALLEY JUNIOR-SENIOR HIGH SCHOOL,F19167,42,IA,N,Non_CBSA,N,N,1,0,1,0,0,0,0,0,1,0,1,0,0,0,0,0,0,0,1,0
N163800,ROCKWELL CITY-LYTTON HIGH SCHOOL,F19025,NA,IA,N,Non_CBSA,N,N,2,0,2,0,3,0,1,0,0,0,0,0,1,0,0,0,0,0,0,0
N163850,SOUTHEAST POLK HIGH SCHOOL,F19153,41,IA,19780,"Des Moines-West Des Moines, IA",218,"Des Moines-West Des Moines-Ames, IA",2,0,11,1,12,0,18,0,8,0,3,0,10,0,6,0,23,0,30,0
N163885,SAINT ANSGAR HIGH SCHOOL,F19131,43,IA,N,Non_CBSA,N,N,2,0,1,0,4,0,0,0,0,0,1,0,0,0,0,0,1,0,1,0
N163955,SERGEANT BLUFF-LUTON HIGH SCHOOL,F19193,22,IA,43580,"Sioux City, IA-NE-SD",512,"Sioux City-Le Mars, IA-NE-SD",4,0,2,0,3,0,4,0,5,0,4,0,3,0,1,0,2,0,2,0
N163965,SEYMOUR HIGH SCHOOL,F19185,43,IA,N,Non_CBSA,N,N,0,0,0,0,0,0,0,0,0,0,0,0,0,0,0,0,1,0,0,0
N163980,SHEFFIELD CHAPIN MESERVEY THORNTON,F19069,43,IA,N,Non_CBSA,N,N,0,0,1,0,1,0,0,0,0,0,0,0,0,0,0,0,0,0,1,0
N163995,SHELDON HIGH SCHOOL,F19141,33,IA,N,Non_CBSA,N,N,1,0,1,0,0,0,1,0,0,0,1,0,2,0,0,0,0,0,0,0
N164010,SHENANDOAH HIGH SCHOOL,F19145,33,IA,N,Non_CBSA,N,N,2,0,0,0,1,0,0,0,1,0,1,0,1,0,0,0,0,0,1,0
N164015,SIBLEY-OCHEYEDAN HIGH SCHOOL,F19143,43,IA,N,Non_CBSA,N,N,2,0,0,0,4,0,1,0,0,0,0,0,0,0,0,0,0,0,1,0
N164025,SIGOURNEY JUNIOR-SENIOR HIGH SCHOOL,F19107,43,IA,N,Non_CBSA,N,N,0,0,1,0,0,0,0,0,0,0,0,0,2,0,0,0,0,0,0,0
N164035,SIOUX CENTER COMMUNITY HIGH SCHOOL,F19167,33,IA,N,Non_CBSA,N,N,2,0,1,0,1,1,1,0,1,0,0,0,0,0,1,0,2,0,0,0
N164040,WEST HIGH SCHOOL,F19193,41,IA,43580,"Sioux City, IA-NE-SD",512,"Sioux City-Le Mars, IA-NE-SD",2,0,1,0,3,0,5,0,0,0,3,0,3,0,2,0,2,0,2,0
N164045,EAST HIGH SCHOOL,F19193,13,IA,43580,"Sioux City, IA-NE-SD",512,"Sioux City-Le Mars, IA-NE-SD",4,0,8,0,1,0,6,0,1,0,4,0,3,0,2,0,5,0,3,0
N164050,HEELAN HIGH SCHOOL,F19193,13,IA,43580,"Sioux City, IA-NE-SD",512,"Sioux City-Le Mars, IA-NE-SD",6,0,4,0,2,0,3,0,9,0,4,0,5,0,5,0,4,0,5,0
N164056,NORTH HIGH SCHOOL,F19193,13,IA,43580,"Sioux City, IA-NE-SD",512,"Sioux City-Le Mars, IA-NE-SD",5,0,3,0,5,0,6,0,5,0,0,0,6,0,3,0,5,0,2,0
N164060,SIOUX CENTRAL HIGH,F19021,43,IA,44740,"Storm Lake, IA",N,N,0,0,1,0,1,0,0,0,1,0,0,0,0,0,0,0,1,0,0,0
N164070,WESTWOOD HIGH SCHOOL,F19193,42,IA,43580,"Sioux City, IA-NE-SD",512,"Sioux City-Le Mars, IA-NE-SD",0,0,1,0,1,0,0,0,1,0,0,0,0,0,0,0,0,0,1,0
N164085,SOLON HIGH SCHOOL,F19103,41,IA,26980,"Iowa City, IA",168,"Cedar Rapids-Iowa City, IA",6,0,5,0,5,0,4,0,0,0,2,0,5,0,2,0,6,0,2,0
N164095,SPENCER HIGH SCHOOL,F19041,33,IA,43980,"Spencer, IA",517,"Spencer-Spirit Lake, IA",8,0,2,0,3,0,5,0,2,0,6,0,4,0,3,0,1,0,8,0
N164105,SPIRIT LAKE HIGH SCHOOL,F19059,33,IA,44020,"Spirit Lake, IA",517,"Spencer-Spirit Lake, IA",1,0,2,0,7,0,2,0,3,0,0,0,3,0,5,0,0,0,2,0
N164115,SPRINGVILLE SECONDARY SCHOOL,F19113,41,IA,16300,"Cedar Rapids, IA",168,"Cedar Rapids-Iowa City, IA",0,0,1,0,0,0,1,0,0,0,2,0,1,0,0,0,0,0,0,0
N164135,STANTON HIGH SCHOOL,F19137,42,IA,N,Non_CBSA,N,N,0,0,1,0,0,0,1,0,0,0,0,0,0,0,0,0,1,0,0,0
N164140,NORTH CEDAR COMMUNITY SCHOOLS,F19031,42,IA,N,Non_CBSA,N,N,0,0,0,0,0,0,0,0,0,0,1,0,1,0,1,0,0,0,0,0
N164145,WEST MARSHALL COMMUNITY SCHOOL,F19127,42,IA,32260,"Marshalltown, IA",N,N,2,0,2,0,2,0,1,0,1,0,3,0,0,0,8,0,0,0,1,0
N164165,SAINT MARYS SCHOOL,F19021,33,IA,44740,"Storm Lake, IA",N,N,1,0,1,0,0,0,1,0,1,0,0,0,0,0,0,0,0,0,1,0
N164170,STORM LAKE SENIOR HIGH SCHOOL,F19021,33,IA,44740,"Storm Lake, IA",N,N,2,0,1,0,2,0,0,0,0,0,6,0,3,0,2,0,0,0,0,0
N164175,ROLAND-STORY HIGH SCHOOL,F19169,42,IA,11180,"Ames, IA",218,"Des Moines-West Des Moines-Ames, IA",2,0,1,0,3,0,1,0,2,0,2,0,1,0,2,0,3,0,2,0
N164190,STARMONT HIGH SCHOOL,F19065,43,IA,N,Non_CBSA,N,N,2,0,0,0,1,0,1,0,1,0,0,0,2,0,0,0,0,0,0,0
N164195,WEST CENTRAL VALLEY HIGH SCHOOL,F19077,42,IA,19780,"Des Moines-West Des Moines, IA",218,"Des Moines-West Des Moines-Ames, IA",1,0,0,0,0,0,0,0,0,0,0,0,0,0,1,0,2,0,0,0
N164211,SUMNER-FREDERICKSBURG HS,F19017,42,IA,47940,"Waterloo-Cedar Falls, IA",N,N,2,0,0,0,4,0,1,0,0,0,0,0,1,0,1,0,3,0,1,0
N164235,FREMONT MILLS JUNIOR-SENIOR HIGH SCHOOL,F19071,42,IA,N,Non_CBSA,N,N,2,0,0,0,0,0,0,0,0,0,0,0,0,0,0,0,1,0,0,0
N164240,SOUTH TAMA COUNTY HIGH SCHOOL,F19171,32,IA,N,Non_CBSA,N,N,0,0,0,0,1,0,1,0,1,0,3,0,0,0,1,0,2,0,1,0
N164241,MESKWAKI SETTLEMENT SCHOOL,F19171,41,IA,N,Non_CBSA,N,N,0,0,0,0,0,0,0,0,0,0,0,0,1,0,0,0,0,0,0,0
N164270,TRI COUNTY HIGH SCHOOL,F19107,43,IA,N,Non_CBSA,N,N,0,0,0,0,0,0,0,0,0,0,0,0,0,0,1,0,0,0,0,0
N164295,TIPTON COMMUNITY HIGH SCHOOL,F19031,42,IA,N,Non_CBSA,N,N,1,0,3,0,0,0,1,1,3,0,4,0,1,0,0,0,0,0,1,0
N164315,NORTH TAMA HIGH SCHOOL,F19171,42,IA,N,Non_CBSA,N,N,1,0,3,0,1,0,1,0,1,0,1,0,0,0,1,0,0,0,1,0
N164320,TREYNOR JUNIOR-SENIOR HIGH SCHOOL,F19155,42,IA,36540,"Omaha, NE-IA",420,"Omaha-Fremont, NE-IA",1,0,3,0,2,0,1,0,5,0,1,0,1,0,5,0,1,0,3,0
N164325,TRIPOLI COMMUNITY SCHOOL,F19017,42,IA,47940,"Waterloo-Cedar Falls, IA",N,N,0,0,1,0,1,0,0,0,1,0,0,0,1,0,1,0,0,0,0,0
N164345,INTERSTATE 35 COMMUNITY HIGH SCHOOL,F19121,42,IA,19780,"Des Moines-West Des Moines, IA",218,"Des Moines-West Des Moines-Ames, IA",2,0,0,0,0,0,2,0,0,0,1,0,0,0,0,0,0,0,1,0
N164355,UNDERWOOD HIGH SCHOOL,F19155,42,IA,36540,"Omaha, NE-IA",420,"Omaha-Fremont, NE-IA",0,0,2,0,3,0,4,0,0,0,2,0,4,0,1,0,2,0,1,0
N164385,BENTON COMMUNITY HIGH SCHOOL,F19011,42,IA,16300,"Cedar Rapids, IA",168,"Cedar Rapids-Iowa City, IA",3,0,0,0,4,0,3,0,0,0,2,0,5,0,4,0,5,0,2,0
N164390,VAN METER JUNIOR-SENIOR HIGH SCHOOL,F19049,41,IA,19780,"Des Moines-West Des Moines, IA",218,"Des Moines-West Des Moines-Ames, IA",2,0,0,0,3,0,1,0,3,0,5,0,4,0,3,0,1,0,2,0
N164410,HLV JUNIOR-SENIOR HIGH SCHOOL,F19095,43,IA,N,Non_CBSA,N,N,1,0,2,0,1,0,1,0,1,0,0,0,2,0,0,0,0,0,0,0
N164430,WASHINGTON HIGH SCHOOL,F19011,41,IA,16300,"Cedar Rapids, IA",168,"Cedar Rapids-Iowa City, IA",1,0,1,0,3,0,0,0,4,0,3,0,0,0,3,0,3,0,2,0
N164470,WAPELLO SENIOR HIGH SCHOOL,F19115,43,IA,N,Non_CBSA,N,N,0,0,2,0,0,0,2,0,0,0,0,0,0,0,1,0,1,0,0,0
N164475,WASHINGTON HIGH SCHOOL,F19183,32,IA,26980,"Iowa City, IA",168,"Cedar Rapids-Iowa City, IA",1,0,1,0,2,0,2,0,2,0,2,0,2,0,0,0,2,0,1,0
N164492,COLUMBUS HIGH SCHOOL,F19013,13,IA,47940,"Waterloo-Cedar Falls, IA",N,N,2,0,2,0,1,0,3,0,4,0,2,0,3,0,1,0,3,0,2,0
N164495,EAST HIGH SCHOOL,F19013,13,IA,47940,"Waterloo-Cedar Falls, IA",N,N,2,0,4,0,6,0,1,0,4,0,2,0,3,0,4,0,3,0,2,0
N164515,WATERLOO CHRISTIAN SCHOOL,F19013,13,IA,47940,"Waterloo-Cedar Falls, IA",N,N,0,0,1,0,0,0,0,0,0,0,0,0,0,0,0,0,0,0,0,0
N164520,WEST HIGH SCHOOL,F19013,13,IA,47940,"Waterloo-Cedar Falls, IA",N,N,8,0,12,0,4,0,4,0,4,0,2,0,7,0,4,0,4,0,6,0
N164535,WAUKEE COMMUNITY HIGH SCHOOL,F19049,21,IA,19780,"Des Moines-West Des Moines, IA",218,"Des Moines-West Des Moines-Ames, IA",22,0,21,0,30,0,36,1,20,2,31,0,22,0,27,0,15,0,28,0
N164540,WAUKON HIGH SCHOOL,F19005,43,IA,N,Non_CBSA,N,N,1,0,1,0,0,0,1,0,0,0,1,0,0,0,0,0,2,0,2,0
N164550,WAVERLY-SHELL ROCK HIGH SCHOOL,F19017,32,IA,47940,"Waterloo-Cedar Falls, IA",N,N,4,0,3,0,2,1,7,0,3,0,9,0,5,0,5,0,2,0,4,0
N164570,WEBSTER CITY COMMUNITY SCHOOL,F19079,32,IA,N,Non_CBSA,N,N,1,0,2,0,1,0,5,0,1,0,1,0,2,0,1,0,2,0,1,0
N164580,MID-PRAIRIE HIGH SCHOOL,F19183,42,IA,26980,"Iowa City, IA",168,"Cedar Rapids-Iowa City, IA",3,0,1,0,1,0,2,0,2,0,0,0,1,0,6,0,1,0,0,0
N164600,WEST BEND MALLARD HIGH SCHOOL,F19147,43,IA,N,Non_CBSA,N,N,0,0,0,0,0,0,2,0,2,0,0,0,0,0,1,0,1,0,0,0
N164605,WEST BRANCH HIGH SCHOOL,F19031,41,IA,N,Non_CBSA,N,N,0,0,1,0,1,0,2,0,0,0,1,0,2,0,2,0,0,0,1,0
N164615,WEST BURLINGTON HIGH SCHOOL,F19057,33,IA,15460,"Burlington, IA-IL",161,"Burlington-Fort Madison, IA-IL",0,0,0,0,1,0,0,0,1,0,0,0,0,0,0,0,1,0,1,0
N164625,VALLEY HIGH SCHOOL,F19153,13,IA,19780,"Des Moines-West Des Moines, IA",218,"Des Moines-West Des Moines-Ames, IA",26,1,23,0,23,0,21,0,17,1,22,1,17,0,24,0,21,0,18,0
N164635,WEST LIBERTY HIGH SCHOOL,F19139,42,IA,34700,"Muscatine, IA",209,"Davenport-Moline, IA-IL",1,0,1,0,0,0,2,0,4,0,1,0,1,0,4,0,1,0,0,0
N164660,WESTSIDE JUNIOR-SENIOR HIGH SCHOOL,F19047,43,IA,N,Non_CBSA,N,N,0,0,0,0,2,0,0,0,0,0,0,0,2,0,0,0,0,0,1,0
N164665,NORTH FAYETTE HIGH SCHOOL,F19065,43,IA,N,Non_CBSA,N,N,1,0,2,0,0,0,0,0,1,0,1,0,2,0,2,0,1,0,1,0
N164675,CALAMUS-WHEATLAND SECONDARY ATTENDANCE CENTER,F19045,42,IA,17540,"Clinton, IA",209,"Davenport-Moline, IA-IL",1,0,0,0,0,0,1,0,1,0,1,0,0,0,0,0,0,0,0,0
N164680,WHITING HIGH SCHOOL,F19133,42,IA,N,Non_CBSA,N,N,0,0,0,0,1,0,0,0,0,0,0,0,0,0,0,0,0,0,0,0
N164700,WILLIAMSBURG JUNIOR-SENIOR HIGH SCHOOL,F19095,42,IA,N,Non_CBSA,N,N,2,0,1,0,3,0,0,0,4,0,3,0,5,0,1,0,3,0,1,0
N164705,WILTON JUNIOR-SENIOR HIGH SCHOOL,F19139,42,IA,34700,"Muscatine, IA",209,"Davenport-Moline, IA-IL",0,0,0,0,0,0,1,0,0,0,0,0,1,0,2,0,1,0,1,0
N164715,WINTERSET HIGH SCHOOL,F19121,41,IA,19780,"Des Moines-West Des Moines, IA",218,"Des Moines-West Des Moines-Ames, IA",1,0,5,0,6,0,1,0,2,0,3,0,4,0,0,0,2,0,2,0
N164720,EAST BUCHANAN COMMUNITY HIGH SCHOOL,F19019,42,IA,N,Non_CBSA,N,N,0,0,0,0,1,0,0,0,0,0,0,0,0,0,1,0,0,0,1,0
N164735,WOODBINE HIGH SCHOOL,F19085,43,IA,36540,"Omaha, NE-IA",420,"Omaha-Fremont, NE-IA",1,0,0,0,0,0,0,0,0,0,0,0,0,0,0,0,0,0,2,0
N164745,WOODWARD-GRANGER HIGH SCHOOL,F19049,42,IA,19780,"Des Moines-West Des Moines, IA",218,"Des Moines-West Des Moines-Ames, IA",1,0,1,0,2,0,0,0,3,0,2,0,2,0,2,0,1,0,2,0
N164765,MIDLAND COMMUNITY HIGH SCHOOL,F19105,43,IA,16300,"Cedar Rapids, IA",168,"Cedar Rapids-Iowa City, IA",0,0,0,0,0,0,0,0,0,0,1,0,0,0,0,0,0,0,1,0
N170010,OLATHE WEST HIGH SCHOOL,F20091,NA,KS,28140,"Kansas City, MO-KS",312,"Kansas City-Overland Park-Kansas City, MO-KS",0,0,0,0,0,0,0,0,0,0,0,0,0,0,0,0,1,0,0,0
N170060,LABETTE COUNTY HIGH SCHOOL,F20099,42,KS,N,Non_CBSA,N,N,0,0,0,0,0,1,0,0,0,0,0,0,0,0,0,0,0,0,0,0
N170089,ANDOVER CENTRAL HIGH SCHOOL,F20015,21,KS,48620,"Wichita, KS",556,"Wichita-Arkansas City-Winfield, KS",0,0,0,0,0,0,0,0,1,0,0,0,0,0,0,0,0,0,0,0
N170215,BASEHOR-LINWOOD HIGH SCHOOL,F20103,41,KS,28140,"Kansas City, MO-KS",312,"Kansas City-Overland Park-Kansas City, MO-KS",0,0,0,0,0,0,0,0,0,0,0,0,0,0,0,0,0,0,2,0
N170770,DE SOTO HIGH SCHOOL,F20091,41,KS,28140,"Kansas City, MO-KS",312,"Kansas City-Overland Park-Kansas City, MO-KS",0,0,0,0,0,0,0,0,0,0,0,0,0,0,3,0,0,1,0,0
N170970,EUDORA HIGH SCHOOL,F20045,41,KS,29940,"Lawrence, KS",312,"Kansas City-Overland Park-Kansas City, MO-KS",1,0,0,0,0,0,0,0,0,0,0,0,0,0,0,0,0,0,0,0
N171040,FRONTENAC JUNIOR-SENIOR HIGH SCHOOL,F20037,NA,KS,38260,"Pittsburg, KS",N,N,0,0,0,0,0,0,0,0,0,0,0,0,1,0,0,0,0,0,0,0
N171075,GARDNER EDGERTON HIGH SCHOOL,F20091,21,KS,28140,"Kansas City, MO-KS",312,"Kansas City-Overland Park-Kansas City, MO-KS",0,0,0,0,0,0,0,0,1,0,0,0,0,0,0,0,0,0,0,0
N171120,EISENHOWER HIGH SCHOOL,F20173,11,KS,48620,"Wichita, KS",556,"Wichita-Arkansas City-Winfield, KS",0,0,0,0,0,0,0,0,0,0,0,0,0,0,0,0,0,0,1,0
N171335,HIAWATHA HIGH SCHOOL,F20013,43,KS,N,Non_CBSA,N,N,0,0,0,0,0,0,0,0,0,0,1,0,0,0,0,0,0,0,0,0
N171537,F L SCHLAGLE HIGH SCHOOL,F20209,12,KS,28140,"Kansas City, MO-KS",312,"Kansas City-Overland Park-Kansas City, MO-KS",0,0,0,0,0,0,0,0,0,0,0,0,1,0,0,0,0,0,0,0
N171645,LAKIN HIGH SCHOOL,F20093,43,KS,N,Non_CBSA,N,N,0,0,0,0,0,0,0,0,0,0,0,0,0,0,0,0,0,0,1,0
N171665,LANSING HIGH SCHOOL,F20103,41,KS,28140,"Kansas City, MO-KS",312,"Kansas City-Overland Park-Kansas City, MO-KS",0,0,0,0,0,0,1,0,0,0,0,0,0,0,0,0,0,0,1,0
N171680,BISHOP SEABURY ACADEMY,F20045,13,KS,29940,"Lawrence, KS",312,"Kansas City-Overland Park-Kansas City, MO-KS",0,0,0,0,0,0,1,0,0,0,0,0,0,0,0,0,0,0,0,0
N171691,LAWRENCE FREE STATE HIGH SCHOOL,F20045,13,KS,29940,"Lawrence, KS",312,"Kansas City-Overland Park-Kansas City, MO-KS",0,0,0,0,0,0,2,0,0,0,1,0,1,0,0,0,0,0,0,0
N171700,LEAVENWORTH SENIOR HIGH SCHOOL,F20103,31,KS,28140,"Kansas City, MO-KS",312,"Kansas City-Overland Park-Kansas City, MO-KS",1,0,0,0,0,0,0,0,0,0,0,0,0,0,1,0,0,0,3,0
N171720,ST JAMES ACADEMY,F20091,41,KS,28140,"Kansas City, MO-KS",312,"Kansas City-Overland Park-Kansas City, MO-KS",0,0,0,0,0,0,0,0,1,0,0,0,1,0,1,0,1,0,1,0
N171840,LOUISBURG HIGH SCHOOL,F20121,42,KS,28140,"Kansas City, MO-KS",312,"Kansas City-Overland Park-Kansas City, MO-KS",0,0,0,0,0,0,0,0,0,0,0,0,1,0,0,0,0,0,0,0
N171895,MANHATTAN HIGH SCHOOL,F20161,13,KS,31740,"Manhattan, KS",N,N,0,0,0,0,1,0,0,0,0,0,0,0,1,0,0,0,0,0,0,0
N172000,SHAWNEE MISSION NORTH HIGH SCHOOL,F20091,12,KS,28140,"Kansas City, MO-KS",312,"Kansas City-Overland Park-Kansas City, MO-KS",0,0,1,0,0,0,0,0,0,0,0,0,1,0,0,0,0,0,0,0
N172216,HERITAGE CHRISTIAN ACADEMY,F20091,21,KS,28140,"Kansas City, MO-KS",312,"Kansas City-Overland Park-Kansas City, MO-KS",0,0,0,0,0,0,0,0,1,0,0,0,0,0,0,0,0,0,0,0
N172220,OLATHE NORTH HIGH SCHOOL,F20091,21,KS,28140,"Kansas City, MO-KS",312,"Kansas City-Overland Park-Kansas City, MO-KS",1,0,0,0,0,0,0,0,1,0,2,0,2,0,1,0,0,0,0,0
N172222,OLATHE SOUTH HIGH SCHOOL,F20091,21,KS,28140,"Kansas City, MO-KS",312,"Kansas City-Overland Park-Kansas City, MO-KS",0,0,1,0,1,0,1,0,0,0,1,0,1,0,0,0,0,0,0,0
N172225,OLATHE NORTHWEST HIGH SCHOOL,F20091,21,KS,28140,"Kansas City, MO-KS",312,"Kansas City-Overland Park-Kansas City, MO-KS",2,0,0,0,0,0,2,0,1,0,0,0,2,0,1,0,0,0,2,0
N172294,BLUE VALLEY NORTH HIGH SCHOOL,F20091,12,KS,28140,"Kansas City, MO-KS",312,"Kansas City-Overland Park-Kansas City, MO-KS",2,0,0,0,2,0,1,0,1,0,4,0,0,0,0,0,3,0,1,0
N172296,BLUE VALLEY NORTHWEST HIGH SCHOOL,F20091,12,KS,28140,"Kansas City, MO-KS",312,"Kansas City-Overland Park-Kansas City, MO-KS",4,0,1,0,0,0,1,0,2,0,2,0,2,0,2,0,1,0,1,0
N172302,BLUE VALLEY SOUTHWEST HIGH SCHOOL,F20091,12,KS,28140,"Kansas City, MO-KS",312,"Kansas City-Overland Park-Kansas City, MO-KS",0,0,0,0,1,0,0,0,4,0,0,0,0,0,0,0,1,0,2,0
N172400,PIPER HIGH SCHOOL,F20209,41,KS,28140,"Kansas City, MO-KS",312,"Kansas City-Overland Park-Kansas City, MO-KS",0,0,0,0,0,0,0,0,0,0,0,0,0,0,0,0,0,0,1,0
N172473,SHAWNEE MISSION EAST HIGH SCHOOL,F20091,21,KS,28140,"Kansas City, MO-KS",312,"Kansas City-Overland Park-Kansas City, MO-KS",0,0,0,0,0,0,1,0,0,0,3,0,1,0,0,0,0,0,2,0
N172771,SHAWNEE MISSION NORTHWEST HIGH SCHOOL,F20091,21,KS,28140,"Kansas City, MO-KS",312,"Kansas City-Overland Park-Kansas City, MO-KS",0,0,0,0,1,0,1,0,1,0,0,0,0,0,3,0,2,0,0,0
N172772,SHAWNEE MISSION SOUTH HIGH SCHOOL,F20091,12,KS,28140,"Kansas City, MO-KS",312,"Kansas City-Overland Park-Kansas City, MO-KS",0,0,1,0,1,0,1,0,0,0,2,0,0,0,2,0,0,0,0,0
N172773,SHAWNEE MISSION WEST HIGH SCHOOL,F20091,12,KS,28140,"Kansas City, MO-KS",312,"Kansas City-Overland Park-Kansas City, MO-KS",0,0,1,0,0,0,0,0,0,0,0,0,1,0,2,0,0,0,0,0
N172776,ST THOMAS AQUINAS HS,F20091,12,KS,28140,"Kansas City, MO-KS",312,"Kansas City-Overland Park-Kansas City, MO-KS",0,0,2,0,0,0,0,0,0,0,0,0,0,0,2,0,1,0,0,0
N172777,MILL VALLEY HIGH SCHOOL,F20091,21,KS,28140,"Kansas City, MO-KS",312,"Kansas City-Overland Park-Kansas City, MO-KS",0,0,1,0,1,0,4,0,1,0,0,0,2,0,0,0,0,0,0,0
N172810,SPRING HILL HIGH SCHOOL,F20091,41,KS,28140,"Kansas City, MO-KS",312,"Kansas City-Overland Park-Kansas City, MO-KS",0,0,1,0,0,0,1,0,0,0,0,0,1,0,2,0,0,0,0,0
N172820,BLUE VALLEY HIGH SCHOOL,F20091,12,KS,28140,"Kansas City, MO-KS",312,"Kansas City-Overland Park-Kansas City, MO-KS",0,0,1,0,0,0,1,0,0,0,1,0,0,0,0,0,1,0,1,0
N172821,BLUE VALLEY WEST HIGH SCHOOL,F20091,12,KS,28140,"Kansas City, MO-KS",312,"Kansas City-Overland Park-Kansas City, MO-KS",2,0,3,0,3,0,0,0,0,0,4,0,0,0,2,0,1,0,2,0
N172883,SHAWNEE HEIGHTS SENIOR HIGH SCHOOL,F20177,41,KS,45820,"Topeka, KS",N,N,0,0,0,0,0,0,0,0,1,0,0,0,0,0,0,0,0,0,0,0
N172900,TONGANOXIE HIGH SCHOOL,F20103,31,KS,28140,"Kansas City, MO-KS",312,"Kansas City-Overland Park-Kansas City, MO-KS",0,0,0,0,0,0,0,0,0,0,0,0,0,0,0,0,0,0,1,0
N172930,WASHBURN RURAL HIGH SCHOOL,F20177,41,KS,45820,"Topeka, KS",N,N,0,0,1,0,0,0,1,0,0,0,0,0,0,0,0,0,0,0,0,0
N172990,VALLEY CENTER HIGH SCHOOL,F20173,41,KS,48620,"Wichita, KS",556,"Wichita-Arkansas City-Winfield, KS",0,0,0,0,0,0,0,0,0,0,0,0,0,0,0,0,1,0,0,0
N173212,WICHITA HIGH SCHOOL HEIGHTS,F20173,11,KS,48620,"Wichita, KS",556,"Wichita-Arkansas City-Winfield, KS",0,0,0,0,0,0,0,0,0,0,0,0,0,0,0,0,1,0,0,0
N173252,WINFIELD HIGH SCHOOL,F20035,32,KS,11680,"Arkansas City-Winfield, KS",556,"Wichita-Arkansas City-Winfield, KS",0,0,0,0,0,0,1,0,0,0,0,0,0,0,0,0,0,0,0,0
N180252,GREAT CROSSING HIGH SCHOOL,F21209,NA,KY,30460,"Lexington-Fayette, KY",336,"Lexington-Fayette--Richmond--Frankfort, KY",0,0,0,0,0,0,0,0,0,0,0,0,0,0,1,0,0,0,0,0
N180275,MEADE COUNTY HIGH SCHOOL,F21163,42,KY,31140,"Louisville/Jefferson County, KY-IN",350,"Louisville/Jefferson County--Elizabethtown, KY-IN",0,0,1,0,0,0,0,0,0,0,0,0,0,0,0,0,0,0,0,0
N180951,NORTH OLDHAM HIGH SCHOOL,F21185,21,KY,31140,"Louisville/Jefferson County, KY-IN",350,"Louisville/Jefferson County--Elizabethtown, KY-IN",0,0,0,0,0,0,0,0,0,0,1,0,0,0,0,0,0,0,0,0
N181545,J M ATHERTON HIGH SCHOOL,F21111,11,KY,31140,"Louisville/Jefferson County, KY-IN",350,"Louisville/Jefferson County--Elizabethtown, KY-IN",0,0,0,0,0,0,0,0,0,0,0,0,0,0,0,0,1,0,0,0
N181810,EASTERN HIGH SCHOOL,F21111,21,KY,31140,"Louisville/Jefferson County, KY-IN",350,"Louisville/Jefferson County--Elizabethtown, KY-IN",0,0,0,0,0,0,0,0,0,0,0,0,0,0,1,0,0,0,0,0
N182560,LARRY RYLE HIGH SCHOOL,F21015,21,KY,17140,"Cincinnati, OH-KY-IN",178,"Cincinnati-Wilmington, OH-KY-IN",0,0,1,0,0,0,0,0,0,0,0,0,0,0,0,0,0,0,0,0
N190270,BENTON HIGH SCHOOL,F22015,41,LA,43340,"Shreveport-Bossier City, LA",508,"Shreveport-Bossier City-Minden, LA",0,0,0,0,0,0,0,0,0,0,0,0,0,0,0,0,1,0,0,0
N190680,DERIDDER HIGH SCHOOL,F22011,32,LA,19760,"DeRidder, LA",324,"Lake Charles-DeRidder, LA",0,0,0,0,0,0,1,0,0,0,0,0,0,0,0,0,0,0,0,0
N192105,MOUNT CARMEL ACADEMY,F22071,11,LA,35380,"New Orleans-Metairie, LA",406,"New Orleans-Metairie-Slidell, LA-MS",0,0,0,0,1,0,0,0,0,0,0,0,0,0,0,0,0,0,0,0
N192679,CADDO PARISH MAGNET HIGH SCHOOL,F22017,12,LA,43340,"Shreveport-Bossier City, LA",508,"Shreveport-Bossier City-Minden, LA",0,0,0,0,0,0,0,0,0,0,0,0,0,0,0,0,0,0,1,0
N200574,MAINE SCHOOL FOR SCIENCE AND MATHEMATICS,F23003,43,ME,N,Non_CBSA,N,N,0,0,0,0,0,0,0,0,0,0,0,0,0,0,0,0,0,0,1,0
N201060,WASHBURN DISTRICT HIGH SCHOOL,F23003,42,ME,N,Non_CBSA,N,N,0,0,0,0,0,0,0,0,0,0,0,0,1,0,0,0,0,0,0,0
N201143,YARMOUTH HIGH SCHOOL,F23005,22,ME,38860,"Portland-South Portland, ME",438,"Portland-Lewiston-South Portland, ME",0,0,0,0,0,0,0,0,1,0,0,0,0,0,0,0,0,0,0,0
N210015,ST MARYS HIGH SCHOOL,F24003,NA,MD,12580,"Baltimore-Columbia-Towson, MD",548,"Washington-Baltimore-Arlington, DC-MD-VA-WV-PA",0,0,0,0,0,0,0,0,0,0,0,0,0,0,1,0,0,0,0,0
N210130,CROFTON HIGH SCHOOL,F24003,NA,MD,12580,"Baltimore-Columbia-Towson, MD",548,"Washington-Baltimore-Arlington, DC-MD-VA-WV-PA",0,0,0,0,0,0,0,0,0,0,0,0,0,0,1,0,1,0,1,0
N210325,CROSSLAND HIGH SCHOOL,F24033,21,MD,47900,"Washington-Arlington-Alexandria, DC-VA-MD-WV",548,"Washington-Baltimore-Arlington, DC-MD-VA-WV-PA",0,0,0,0,0,0,0,0,0,0,0,0,0,0,0,0,1,0,0,0
N210402,RIVER HILL HIGH SCHOOL,F24027,12,MD,12580,"Baltimore-Columbia-Towson, MD",548,"Washington-Baltimore-Arlington, DC-MD-VA-WV-PA",0,0,0,0,1,0,0,0,0,0,0,0,0,0,0,0,0,0,0,0
N210412,WILDE LAKE HIGH SCHOOL,F24027,12,MD,12580,"Baltimore-Columbia-Towson, MD",548,"Washington-Baltimore-Arlington, DC-MD-VA-WV-PA",0,0,0,0,1,0,0,0,0,0,0,0,0,0,0,0,0,0,0,0
N210531,MEADE SENIOR HIGH SCHOOL,F24003,21,MD,12580,"Baltimore-Columbia-Towson, MD",548,"Washington-Baltimore-Arlington, DC-MD-VA-WV-PA",0,0,0,0,0,0,0,0,1,0,0,0,0,0,0,0,0,0,0,0
N210545,ST JOHN'S CATHOLIC PREP,F24021,22,MD,47900,"Washington-Arlington-Alexandria, DC-VA-MD-WV",548,"Washington-Baltimore-Arlington, DC-MD-VA-WV-PA",1,0,0,0,0,0,0,0,0,0,0,0,0,0,0,0,0,0,0,0
N210597,ELEANOR ROOSEVELT HIGH SCHOOL,F24033,21,MD,47900,"Washington-Arlington-Alexandria, DC-VA-MD-WV",548,"Washington-Baltimore-Arlington, DC-MD-VA-WV-PA",0,0,0,0,0,0,0,0,0,0,0,0,0,0,0,0,0,0,1,0
N210615,NORTH HAGERSTOWN HIGH SCHOOL,F24043,13,MD,25180,"Hagerstown-Martinsburg, MD-WV",548,"Washington-Baltimore-Arlington, DC-MD-VA-WV-PA",0,0,0,0,1,0,0,0,0,0,0,0,0,0,0,0,0,0,0,0
N210651,HUNTINGTOWN HIGH SCHOOL,F24009,42,MD,30500,"Lexington Park, MD",548,"Washington-Baltimore-Arlington, DC-MD-VA-WV-PA",0,0,0,0,0,0,0,0,0,0,0,0,1,0,0,0,1,0,0,0
N210671,URBANA HIGH SCHOOL,F24021,41,MD,47900,"Washington-Arlington-Alexandria, DC-VA-MD-WV",548,"Washington-Baltimore-Arlington, DC-MD-VA-WV-PA",0,0,0,0,0,0,0,0,0,0,0,0,0,0,0,0,1,0,0,0
N210700,LEONARDTOWN HIGH SCHOOL,F24037,41,MD,30500,"Lexington Park, MD",548,"Washington-Baltimore-Arlington, DC-MD-VA-WV-PA",0,0,1,0,0,0,0,0,0,0,0,0,0,0,0,0,0,0,0,0
N210703,ST MARY S RYKEN HIGH SCHOOL,F24037,NA,MD,30500,"Lexington Park, MD",548,"Washington-Baltimore-Arlington, DC-MD-VA-WV-PA",1,0,0,0,0,0,0,0,0,0,0,0,0,0,0,0,0,0,0,0
N210745,MARRIOTTS RIDGE HIGH,F24027,41,MD,12580,"Baltimore-Columbia-Towson, MD",548,"Washington-Baltimore-Arlington, DC-MD-VA-WV-PA",0,0,1,0,0,0,0,0,0,0,0,0,0,0,0,0,0,0,0,0
N210799,NORTHERN HIGH SCHOOL,F24009,41,MD,30500,"Lexington Park, MD",548,"Washington-Baltimore-Arlington, DC-MD-VA-WV-PA",0,0,0,0,0,0,0,0,0,0,0,0,0,0,0,0,1,0,0,0
N210909,THOMAS SPRIGG WOOTTON HIGH SCHOOL,F24031,13,MD,47900,"Washington-Arlington-Alexandria, DC-VA-MD-WV",548,"Washington-Baltimore-Arlington, DC-MD-VA-WV-PA",0,0,0,0,0,0,0,0,1,0,0,0,0,0,0,0,0,0,0,0
N210925,SAINT MICHAELS SENIOR HIGH SCHOOL,F24041,42,MD,20660,"Easton, MD",548,"Washington-Baltimore-Arlington, DC-MD-VA-WV-PA",0,0,0,0,0,0,1,0,0,0,0,0,0,0,0,0,0,0,0,0
N210975,SNOW HILL HIGH SCHOOL,F24047,42,MD,36180,"Ocean Pines, MD",480,"Salisbury-Ocean Pines, MD",1,0,0,0,0,0,0,0,0,0,0,0,0,0,0,0,0,0,0,0
N211042,FRANCIS SCOTT KEY HIGH SCHOOL,F24013,42,MD,12580,"Baltimore-Columbia-Towson, MD",548,"Washington-Baltimore-Arlington, DC-MD-VA-WV-PA",0,0,0,0,0,0,1,0,0,0,0,0,0,0,0,0,0,0,0,0
N220033,ARLINGTON HIGH SCHOOL,F25017,21,MA,14460,"Boston-Cambridge-Newton, MA-NH",148,"Boston-Worcester-Providence, MA-RI-NH",0,0,0,0,0,0,0,0,0,0,0,0,0,0,1,0,0,0,0,0
N220163,NOTRE DAME ACADEMY,F25023,21,MA,14460,"Boston-Cambridge-Newton, MA-NH",148,"Boston-Worcester-Providence, MA-RI-NH",0,0,0,0,0,0,0,0,1,0,0,0,0,0,0,0,0,0,0,0
N220730,NORTHFIELD MOUNT HERMON SCHOOL,F25011,42,MA,24640,"Greenfield, MA",521,"Springfield-Amherst Town-Northampton, MA",0,0,0,0,0,0,0,0,1,0,0,0,0,0,0,0,0,0,0,0
N220895,GRAFTON HIGH SCHOOL,F25027,21,MA,49340,"Worcester, MA",148,"Boston-Worcester-Providence, MA-RI-NH",0,0,0,0,0,0,0,0,0,0,0,0,1,0,0,0,0,0,0,0
N220928,GROTON-DUNSTABLE REGIONAL HIGH SCHOOL,F25017,41,MA,14460,"Boston-Cambridge-Newton, MA-NH",148,"Boston-Worcester-Providence, MA-RI-NH",0,0,0,0,1,0,0,0,0,0,0,0,0,0,0,0,0,0,0,0
N221060,HOPKINTON HIGH SCHOOL,F25017,21,MA,14460,"Boston-Cambridge-Newton, MA-NH",148,"Boston-Worcester-Providence, MA-RI-NH",0,0,0,0,0,0,0,0,0,0,0,0,0,0,0,0,0,0,1,0
N221178,LEOMINSTER HIGH SCHOOL,F25027,22,MA,49340,"Worcester, MA",148,"Boston-Worcester-Providence, MA-RI-NH",0,0,0,0,0,0,0,0,0,0,0,0,0,0,1,0,0,0,0,0
N221195,LITTLETON HIGH SCHOOL,F25017,21,MA,14460,"Boston-Cambridge-Newton, MA-NH",148,"Boston-Worcester-Providence, MA-RI-NH",0,0,0,0,0,0,0,0,0,0,0,0,0,0,1,0,0,0,0,0
N221220,GREATER LOWELL TECHNICAL HIGH SCHOOL,F25017,21,MA,14460,"Boston-Cambridge-Newton, MA-NH",148,"Boston-Worcester-Providence, MA-RI-NH",0,0,0,0,0,0,0,0,0,0,0,0,0,0,0,0,0,0,1,0
N221262,KIPP ACADEMY LYNN CHARTER SCHOOL,F25009,21,MA,14460,"Boston-Cambridge-Newton, MA-NH",148,"Boston-Worcester-Providence, MA-RI-NH",0,0,0,0,0,0,0,0,0,0,0,0,2,0,0,0,0,0,0,0
N221349,ADVANCED MATH AND SCIENCE ACADEMY CHARTER SCHOOL,F25017,21,MA,14460,"Boston-Cambridge-Newton, MA-NH",148,"Boston-Worcester-Providence, MA-RI-NH",0,0,0,0,0,0,0,0,0,0,0,0,0,0,0,0,1,0,0,0
N221592,NORTHAMPTON HIGH SCHOOL,F25015,13,MA,11200,"Amherst Town-Northampton, MA",521,"Springfield-Amherst Town-Northampton, MA",0,0,1,0,0,0,0,0,0,0,0,0,0,0,0,0,0,0,0,0
N221615,NORTH ANDOVER HIGH SCHOOL,F25009,21,MA,14460,"Boston-Cambridge-Newton, MA-NH",148,"Boston-Worcester-Providence, MA-RI-NH",0,0,0,0,1,0,0,0,0,0,0,0,0,0,0,0,0,0,0,0
N221645,DIGHTON-REHOBOTH REGIONAL HIGH SCHOOL,F25005,41,MA,39300,"Providence-Warwick, RI-MA",148,"Boston-Worcester-Providence, MA-RI-NH",0,0,0,0,1,0,0,0,0,0,0,0,0,0,0,0,0,0,0,0
N221683,NORWOOD HIGH SCHOOL,F25021,21,MA,14460,"Boston-Cambridge-Newton, MA-NH",148,"Boston-Worcester-Providence, MA-RI-NH",0,0,0,0,0,0,0,0,0,0,1,0,0,0,0,0,0,0,0,0
N221720,PALMER HIGH SCHOOL,F25013,21,MA,44140,"Springfield, MA",521,"Springfield-Amherst Town-Northampton, MA",0,0,0,0,0,0,0,0,0,0,0,0,1,0,0,0,0,0,0,0
N221721,PATHFINDER REGIONAL VOCATIONAL-TECHNICAL HIGH SCHOOL,F25013,21,MA,44140,"Springfield, MA",521,"Springfield-Amherst Town-Northampton, MA",0,0,0,0,0,0,0,0,0,0,1,0,0,0,0,0,0,0,0,0
N221890,SCITUATE HIGH SCHOOL,F25023,21,MA,14460,"Boston-Cambridge-Newton, MA-NH",148,"Boston-Worcester-Providence, MA-RI-NH",0,0,0,0,0,0,0,0,0,0,1,0,0,0,0,0,0,0,0,0
N222085,TANTASQUA REGIONAL HIGH SCHOOL,F25027,41,MA,49340,"Worcester, MA",148,"Boston-Worcester-Providence, MA-RI-NH",1,0,0,0,0,0,0,0,0,0,0,0,0,0,0,0,0,0,0,0
N222250,WATERTOWN HIGH SCHOOL,F25017,21,MA,14460,"Boston-Cambridge-Newton, MA-NH",148,"Boston-Worcester-Providence, MA-RI-NH",0,0,0,0,0,0,0,0,0,0,0,0,1,0,0,0,0,0,0,0
N222297,ACTON-BOXBOROUGH REGIONAL HIGH SCHOOL,F25017,21,MA,14460,"Boston-Cambridge-Newton, MA-NH",148,"Boston-Worcester-Providence, MA-RI-NH",0,0,0,0,0,0,0,0,0,0,1,0,2,0,0,0,0,0,0,0
N222385,NORTHBRIDGE HIGH SCHOOL,F25027,21,MA,49340,"Worcester, MA",148,"Boston-Worcester-Providence, MA-RI-NH",0,0,0,0,1,0,0,0,0,0,0,0,0,0,0,0,0,0,0,0
N222440,WINCHESTER HIGH SCHOOL,F25017,21,MA,14460,"Boston-Cambridge-Newton, MA-NH",148,"Boston-Worcester-Providence, MA-RI-NH",0,0,0,0,1,0,0,0,0,0,0,0,0,0,0,0,0,0,0,0
N222550,WORCESTER VOCATIONAL HIGH SCHOOL,F25027,12,MA,49340,"Worcester, MA",148,"Boston-Worcester-Providence, MA-RI-NH",0,0,0,0,0,0,0,0,0,0,0,0,0,0,1,0,0,0,0,0
N230329,BROTHER RICE HIGH SCHOOL,F26125,21,MI,19820,"Detroit-Warren-Dearborn, MI",220,"Detroit-Warren-Ann Arbor, MI",0,0,0,0,0,0,0,0,0,0,0,0,0,0,1,0,0,0,0,0
N230345,BLISSFIELD COMMUNITY HIGH SCHOOL,F26091,42,MI,10300,"Adrian, MI",220,"Detroit-Warren-Ann Arbor, MI",1,0,0,0,0,0,0,0,0,0,0,0,0,0,0,0,0,0,0,0
N230355,CRANBROOK SCHOOLS,F26125,NA,MI,19820,"Detroit-Warren-Dearborn, MI",220,"Detroit-Warren-Ann Arbor, MI",0,0,0,0,0,0,0,0,0,0,0,0,2,0,0,0,0,0,0,0
N230455,CALEDONIA HIGH SCHOOL,F26081,21,MI,24340,"Grand Rapids-Wyoming-Kentwood, MI",266,"Grand Rapids-Wyoming, MI",0,0,0,0,0,0,1,0,1,0,0,0,0,0,0,0,0,0,0,0
N230810,DELTON KELLOGG HIGH SCHOOL,F26015,42,MI,24340,"Grand Rapids-Wyoming-Kentwood, MI",266,"Grand Rapids-Wyoming, MI",0,0,1,0,0,0,0,0,0,0,0,0,0,0,0,0,0,0,0,0
N231404,HARRISON HIGH SCHOOL,F26125,13,MI,19820,"Detroit-Warren-Dearborn, MI",220,"Detroit-Warren-Ann Arbor, MI",0,0,0,0,0,0,1,0,0,0,0,0,0,0,0,0,0,0,0,0
N231665,GRAND BLANC COMMUNITY SCHOOL,F26049,21,MI,22420,"Flint, MI",220,"Detroit-Warren-Ann Arbor, MI",0,0,0,0,0,0,1,0,0,0,0,0,0,0,0,0,0,0,0,0
N231685,CATHOLIC CENTRAL HIGH SCHOOL,F26081,12,MI,24340,"Grand Rapids-Wyoming-Kentwood, MI",266,"Grand Rapids-Wyoming, MI",0,0,0,0,0,0,1,0,0,0,0,0,0,0,0,0,0,0,0,0
N231717,EAST KENTWOOD HIGH SCHOOL,F26081,21,MI,24340,"Grand Rapids-Wyoming-Kentwood, MI",266,"Grand Rapids-Wyoming, MI",0,0,0,0,0,0,0,0,1,0,0,0,0,0,0,0,0,0,0,0
N231832,HAMILTON HIGH SCHOOL,F26005,41,MI,26090,"Holland, MI",266,"Grand Rapids-Wyoming, MI",1,0,0,0,0,0,0,0,0,0,0,0,0,0,0,0,0,0,1,0
N231910,HASTINGS HIGH SCHOOL,F26015,41,MI,24340,"Grand Rapids-Wyoming-Kentwood, MI",266,"Grand Rapids-Wyoming, MI",0,0,0,0,0,0,0,0,0,0,0,0,0,0,0,0,1,0,0,0
N232110,LUTHER L WRIGHT HIGH SCHOOL,F26053,33,MI,N,Non_CBSA,N,N,0,0,0,0,0,0,0,0,0,0,1,0,0,0,0,0,0,0,0,0
N232255,LAKE ORION HIGH SCHOOL,F26125,41,MI,19820,"Detroit-Warren-Dearborn, MI",220,"Detroit-Warren-Ann Arbor, MI",0,0,0,0,0,0,0,0,0,0,1,0,0,0,0,0,0,0,0,0
N232500,MATTAWAN HIGH SCHOOL,F26159,31,MI,N,Non_CBSA,N,N,0,0,1,0,0,0,0,0,0,0,0,0,0,0,0,0,0,0,0,0
N232582,HERBERT HENRY DOW HIGH SCHOOL,F26111,13,MI,33220,"Midland, MI",474,"Saginaw-Midland-Bay City, MI",0,0,0,0,0,0,0,0,0,0,1,0,0,0,0,0,0,0,0,0
N232680,MOUNT PLEASANT HIGH SCHOOL,F26073,32,MI,34380,"Mount Pleasant, MI",394,"Mount Pleasant-Alma, MI",0,0,0,0,0,0,0,0,0,0,0,0,0,0,0,0,1,0,0,0
N232790,NEW LOTHROP HIGH SCHOOL,F26155,41,MI,37020,"Owosso, MI",330,"Lansing-East Lansing-Owosso, MI",0,0,0,0,0,0,0,0,0,0,0,0,0,0,0,0,0,0,1,0
N232835,NORTHVILLE HIGH SCHOOL,F26163,21,MI,19820,"Detroit-Warren-Dearborn, MI",220,"Detroit-Warren-Ann Arbor, MI",0,0,0,0,0,0,0,0,0,0,1,0,0,0,0,0,0,0,0,0
N232843,NOVI HIGH SCHOOL,F26125,13,MI,19820,"Detroit-Warren-Dearborn, MI",220,"Detroit-Warren-Ann Arbor, MI",1,0,1,0,0,0,0,0,0,0,0,0,0,0,0,0,0,0,0,0
N232850,OKEMOS HIGH SCHOOL,F26065,21,MI,29620,"Lansing-East Lansing, MI",330,"Lansing-East Lansing-Owosso, MI",0,0,0,0,0,0,0,0,0,0,0,0,0,0,1,0,0,0,0,0
N232880,ST MARY'S PREPARATORY SCHOOL,F26125,21,MI,19820,"Detroit-Warren-Dearborn, MI",220,"Detroit-Warren-Ann Arbor, MI",1,0,0,0,0,0,0,0,0,0,0,0,0,0,0,0,0,0,0,0
N232882,WEST BLOOMFIELD HIGH SCHOOL,F26125,21,MI,19820,"Detroit-Warren-Dearborn, MI",220,"Detroit-Warren-Ann Arbor, MI",0,0,0,0,0,0,0,0,0,0,0,0,0,0,1,0,0,0,0,0
N232990,PETOSKEY HIGH SCHOOL,F26047,33,MI,37950,"Petoskey, MI",N,N,0,0,0,0,0,0,1,0,0,0,0,0,0,0,0,0,0,0,0,0
N233035,PLAINWELL HIGH SCHOOL,F26005,31,MI,26090,"Holland, MI",266,"Grand Rapids-Wyoming, MI",0,0,0,0,1,0,0,0,0,0,0,0,0,0,0,0,0,0,0,0
N233044,PLYMOUTH-CANTON HIGH SCHOOL,F26163,21,MI,19820,"Detroit-Warren-Dearborn, MI",220,"Detroit-Warren-Ann Arbor, MI",0,0,0,0,0,0,0,0,0,0,0,0,0,0,0,0,0,1,0,0
N233045,PLYMOUTH-SALEM HIGH SCHOOL,F26163,21,MI,19820,"Detroit-Warren-Dearborn, MI",220,"Detroit-Warren-Ann Arbor, MI",0,0,0,0,0,0,0,0,0,0,0,0,0,0,1,0,0,0,0,0
N233070,PORTAGE CENTRAL HIGH SCHOOL,F26077,13,MI,28020,"Kalamazoo-Portage, MI",310,"Kalamazoo-Battle Creek-Portage, MI",1,0,0,0,0,0,1,0,0,0,0,0,0,0,0,0,0,0,0,0
N233084,PORT HURON NORTHERN HIGH SCHOOL,F26147,23,MI,19820,"Detroit-Warren-Dearborn, MI",220,"Detroit-Warren-Ann Arbor, MI",0,0,1,0,0,0,0,0,0,0,0,0,0,0,0,0,0,0,0,0
N233205,ROCKFORD SENIOR HIGH SCHOOL,F26081,21,MI,24340,"Grand Rapids-Wyoming-Kentwood, MI",266,"Grand Rapids-Wyoming, MI",0,0,1,0,0,0,0,0,0,0,1,0,0,0,0,0,0,0,0,0
N233385,SAINT JOSEPH HIGH SCHOOL,F26021,23,MI,35660,"Niles, MI",515,"South Bend-Elkhart-Mishawaka, IN-MI",0,0,1,0,0,0,0,0,0,0,0,0,0,0,0,0,0,0,0,0
N233420,SAUGATUCK HIGH SCHOOL,F26005,31,MI,26090,"Holland, MI",266,"Grand Rapids-Wyoming, MI",0,0,1,0,0,0,0,0,0,0,0,0,0,0,0,0,0,0,0,0
N233483,SPRING LAKE HIGH SCHOOL,F26139,22,MI,24340,"Grand Rapids-Wyoming-Kentwood, MI",266,"Grand Rapids-Wyoming, MI",0,0,0,0,1,0,0,0,0,0,0,0,0,0,0,0,0,0,0,0
N233515,LAKESHORE HIGH SCHOOL,F26021,41,MI,35660,"Niles, MI",515,"South Bend-Elkhart-Mishawaka, IN-MI",0,0,0,0,0,0,2,0,0,0,0,0,0,0,0,0,0,0,0,0
N233665,VICKSBURG COMMUNITY HIGH SCHOOL,F26077,22,MI,28020,"Kalamazoo-Portage, MI",310,"Kalamazoo-Battle Creek-Portage, MI",0,0,0,0,0,0,1,0,0,0,1,0,0,0,0,0,1,0,0,0
N233696,DWIGHT D EISENHOWER HIGH SCHOOL,F26099,21,MI,19820,"Detroit-Warren-Dearborn, MI",220,"Detroit-Warren-Ann Arbor, MI",1,0,0,0,0,0,0,0,0,0,0,0,0,0,0,0,0,0,0,0
N233841,EARLY COLLEGE ALLIANCE,F26161,21,MI,11460,"Ann Arbor, MI",220,"Detroit-Warren-Ann Arbor, MI",0,0,0,0,0,0,0,0,0,0,0,0,0,0,0,0,0,0,1,0
N240005,SOUTHLAND SENIOR HIGH SCHOOL,F27099,42,MN,12380,"Austin, MN",462,"Rochester-Austin-Winona, MN",0,0,0,0,2,0,1,0,0,0,0,0,0,0,0,0,0,0,1,0
N240006,LAKES INTERNATIONAL LANGUAGE,F27163,NA,MN,33460,"Minneapolis-St. Paul-Bloomington, MN-WI",378,"Minneapolis-St. Paul, MN-WI",0,0,0,0,0,0,0,0,0,0,0,0,0,0,1,0,0,0,0,0
N240010,ADRIAN HIGH SCHOOL,F27105,43,MN,49380,"Worthington, MN",N,N,0,0,0,0,0,0,0,0,1,0,0,0,0,0,0,0,0,0,0,0
N240030,ALBANY AREA HIGH SCHOOL,F27145,42,MN,41060,"St. Cloud, MN",378,"Minneapolis-St. Paul, MN-WI",1,0,0,0,0,0,0,0,0,0,0,0,0,0,0,0,0,0,0,0
N240040,ALBERT LEA SENIOR HIGH SCHOOL,F27047,33,MN,10660,"Albert Lea, MN",N,N,0,0,1,0,0,0,0,0,1,0,2,0,1,0,0,0,0,0,2,0
N240050,ALDEN-CONGER HIGH SCHOOL,F27047,42,MN,10660,"Albert Lea, MN",N,N,0,0,1,0,0,0,0,0,0,0,0,0,0,0,0,0,0,0,0,0
N240070,ANDOVER HIGH SCHOOL,F27003,41,MN,33460,"Minneapolis-St. Paul-Bloomington, MN-WI",378,"Minneapolis-St. Paul, MN-WI",0,0,1,0,3,0,0,0,4,0,0,0,3,0,5,0,2,0,2,0
N240080,ANOKA HIGH SCHOOL,F27003,21,MN,33460,"Minneapolis-St. Paul-Bloomington, MN-WI",378,"Minneapolis-St. Paul, MN-WI",1,0,0,0,0,0,0,0,0,0,1,0,0,0,1,0,1,0,0,0
N240082,LEGACY CHRISTIAN ACADEMY,F27003,21,MN,33460,"Minneapolis-St. Paul-Bloomington, MN-WI",378,"Minneapolis-St. Paul, MN-WI",0,0,1,0,0,0,0,0,0,0,0,0,0,0,0,0,0,0,0,0
N240084,APPLE VALLEY HIGH SCHOOL,F27037,21,MN,33460,"Minneapolis-St. Paul-Bloomington, MN-WI",378,"Minneapolis-St. Paul, MN-WI",1,0,1,0,4,0,0,0,2,0,0,0,0,0,1,0,0,0,1,0
N240088,SCHOOL OF ENVIRONMENTAL STUDIES,F27037,21,MN,33460,"Minneapolis-St. Paul-Bloomington, MN-WI",378,"Minneapolis-St. Paul, MN-WI",0,0,0,0,0,0,0,0,0,0,0,0,0,0,1,0,0,0,0,0
N240125,AUSTIN HIGH SCHOOL,F27099,32,MN,12380,"Austin, MN",462,"Rochester-Austin-Winona, MN",0,0,0,0,2,0,0,0,0,0,1,0,1,0,0,0,2,0,0,0
N240190,BECKER HIGH SCHOOL,F27141,42,MN,33460,"Minneapolis-St. Paul-Bloomington, MN-WI",378,"Minneapolis-St. Paul, MN-WI",1,0,0,0,0,0,2,0,0,0,1,0,0,0,1,0,1,0,0,0
N240200,BELLE PLAINE SENIOR HIGH SCHOOL,F27139,32,MN,33460,"Minneapolis-St. Paul-Bloomington, MN-WI",378,"Minneapolis-St. Paul, MN-WI",0,0,0,0,0,0,1,0,2,0,0,0,0,0,0,0,0,0,0,0
N240215,BEMIDJI HIGH SCHOOL,F27007,33,MN,13420,"Bemidji, MN",N,N,0,0,0,0,0,0,0,0,0,0,0,0,1,0,0,0,0,0,0,0
N240235,BIG LAKE HIGH SCHOOL,F27141,31,MN,33460,"Minneapolis-St. Paul-Bloomington, MN-WI",378,"Minneapolis-St. Paul, MN-WI",0,0,1,0,0,0,0,0,0,0,0,0,1,0,2,0,0,0,0,0
N240256,BLAINE HIGH SCHOOL,F27003,21,MN,33460,"Minneapolis-St. Paul-Bloomington, MN-WI",378,"Minneapolis-St. Paul, MN-WI",6,0,2,0,7,0,5,0,5,0,3,0,2,0,5,0,6,0,1,0
N240260,BLOOMING PRAIRIE HIGH SCHOOL,F27147,43,MN,36940,"Owatonna, MN",378,"Minneapolis-St. Paul, MN-WI",0,0,0,0,1,0,1,0,0,0,0,0,0,0,0,0,1,0,0,0
N240265,JOHN F KENNEDY SENIOR HIGH SCHOOL,F27053,13,MN,33460,"Minneapolis-St. Paul-Bloomington, MN-WI",378,"Minneapolis-St. Paul, MN-WI",4,0,1,0,2,0,0,0,0,0,0,0,1,0,2,0,1,0,1,0
N240266,SOUTHWEST CHRISTIAN HS,F27019,21,MN,33460,"Minneapolis-St. Paul-Bloomington, MN-WI",378,"Minneapolis-St. Paul, MN-WI",1,0,2,0,1,0,1,0,0,0,3,0,1,0,0,0,0,0,1,0
N240267,MARANATHA CHRISTIAN ACADEMY,F27053,21,MN,33460,"Minneapolis-St. Paul-Bloomington, MN-WI",378,"Minneapolis-St. Paul, MN-WI",0,0,0,0,0,0,0,0,0,0,0,0,1,0,0,0,0,0,0,0
N240268,THOMAS JEFFERSON SENIOR HIGH SCHOOL,F27053,13,MN,33460,"Minneapolis-St. Paul-Bloomington, MN-WI",378,"Minneapolis-St. Paul, MN-WI",3,0,1,0,1,0,0,0,5,0,2,0,1,0,6,0,4,0,2,0
N240270,BLUE EARTH AREA HIGH SCHOOL,F27043,43,MN,N,Non_CBSA,N,N,1,0,1,0,1,0,0,0,0,0,0,0,0,0,0,0,1,0,0,0
N240280,EDOPTIONS ACADEMY,F27053,NA,MN,33460,"Minneapolis-St. Paul-Bloomington, MN-WI",378,"Minneapolis-St. Paul, MN-WI",0,0,0,0,0,0,0,0,0,0,0,0,0,0,0,0,0,0,1,0
N240295,BRAINERD SENIOR HIGH SCHOOL,F27035,33,MN,14660,"Brainerd, MN",N,N,0,0,1,0,1,0,0,0,0,0,0,0,1,0,0,0,0,0,0,0
N240319,PARK CENTER SENIOR HIGH SCHOOL,F27053,21,MN,33460,"Minneapolis-St. Paul-Bloomington, MN-WI",378,"Minneapolis-St. Paul, MN-WI",1,0,3,0,2,0,0,0,1,0,0,0,0,0,0,0,0,0,0,0
N240320,OSSEO AREA LEARNING CENTER,F27053,NA,MN,33460,"Minneapolis-St. Paul-Bloomington, MN-WI",378,"Minneapolis-St. Paul, MN-WI",0,0,0,0,0,0,0,0,0,0,0,0,1,0,0,0,0,0,0,0
N240345,BUFFALO HIGH SCHOOL,F27171,31,MN,33460,"Minneapolis-St. Paul-Bloomington, MN-WI",378,"Minneapolis-St. Paul, MN-WI",1,0,0,0,3,0,2,0,1,0,1,0,1,1,1,0,1,0,3,0
N240365,BYRON HIGH SCHOOL,F27109,41,MN,40340,"Rochester, MN",462,"Rochester-Austin-Winona, MN",0,0,1,0,1,0,1,0,0,0,0,0,0,0,0,0,2,0,0,0
N240375,CALEDONIA HIGH SCHOOL,F27055,42,MN,29100,"La Crosse-Onalaska, WI-MN",317,"La Crosse-Onalaska-Sparta, WI-MN",0,0,0,0,0,0,0,0,0,0,0,0,0,0,0,0,0,0,1,0
N240380,CAMBRIDGE-ISANTI HIGH SCHOOL,F27059,32,MN,33460,"Minneapolis-St. Paul-Bloomington, MN-WI",378,"Minneapolis-St. Paul, MN-WI",0,0,0,0,0,0,0,0,0,0,0,0,0,0,2,0,0,0,0,0
N240395,CANNON FALLS JUNIOR SENIOR HIGH SCHOOL,F27049,42,MN,39860,"Red Wing, MN",378,"Minneapolis-St. Paul, MN-WI",0,0,0,0,0,0,0,0,1,0,0,0,0,0,1,0,0,0,1,0
N240419,CHAMPLIN PARK HIGH SCHOOL,F27053,21,MN,33460,"Minneapolis-St. Paul-Bloomington, MN-WI",378,"Minneapolis-St. Paul, MN-WI",7,0,0,0,4,0,1,0,2,0,1,0,5,0,2,0,5,0,8,0
N240421,CHANHASSEN HIGH SCHOOL,F27019,21,MN,33460,"Minneapolis-St. Paul-Bloomington, MN-WI",378,"Minneapolis-St. Paul, MN-WI",3,1,2,0,4,0,1,0,3,0,2,0,2,0,4,0,3,0,0,0
N240423,CHASKA SENIOR HIGH SCHOOL,F27019,21,MN,33460,"Minneapolis-St. Paul-Bloomington, MN-WI",378,"Minneapolis-St. Paul, MN-WI",4,0,1,0,0,0,3,0,1,0,1,0,1,0,5,0,5,0,4,0
N240435,CHOSEN VALLEY JUNIOR SENIOR HIGH SCHOOL,F27109,42,MN,40340,"Rochester, MN",462,"Rochester-Austin-Winona, MN",0,0,1,0,0,0,0,0,0,0,1,0,0,0,1,0,0,0,2,0
N240452,CENTENNIAL HIGH SCHOOL,F27003,21,MN,33460,"Minneapolis-St. Paul-Bloomington, MN-WI",378,"Minneapolis-St. Paul, MN-WI",7,0,5,0,5,0,8,0,7,0,4,0,5,0,2,0,0,0,0,0
N240500,DASSEL-COKATO HIGH SCHOOL,F27171,43,MN,33460,"Minneapolis-St. Paul-Bloomington, MN-WI",378,"Minneapolis-St. Paul, MN-WI",0,0,0,0,3,0,0,0,0,0,1,0,0,0,0,0,0,0,1,0
N240503,ROCORI HIGH SCHOOL,F27145,41,MN,41060,"St. Cloud, MN",378,"Minneapolis-St. Paul, MN-WI",0,0,0,0,1,0,0,0,0,0,0,0,1,0,0,0,1,0,1,0
N240515,ST JOHN'S PREPARATORY SCHOOL,F27145,41,MN,41060,"St. Cloud, MN",378,"Minneapolis-St. Paul, MN-WI",0,0,0,0,0,0,0,0,0,0,0,0,0,0,0,0,0,0,1,0
N240520,COLUMBIA HEIGHTS HIGH SCHOOL,F27003,21,MN,33460,"Minneapolis-St. Paul-Bloomington, MN-WI",378,"Minneapolis-St. Paul, MN-WI",1,0,0,0,0,0,0,0,0,0,0,0,0,0,0,0,0,0,0,0
N240537,COON RAPIDS HIGH SCHOOL,F27003,21,MN,33460,"Minneapolis-St. Paul-Bloomington, MN-WI",378,"Minneapolis-St. Paul, MN-WI",0,0,0,0,0,0,0,0,0,0,1,0,0,0,0,0,0,0,1,0
N240545,LAKEVIEW HIGH SCHOOL,F27083,43,MN,32140,"Marshall, MN",N,N,0,0,0,0,0,0,0,0,0,0,0,0,0,0,0,0,1,0,0,0
N240560,CROOKSTON HIGH SCHOOL,F27119,32,MN,24220,"Grand Forks, ND-MN",N,N,0,0,0,0,0,0,0,0,0,0,0,0,0,0,0,0,0,0,1,0
N240578,HERITAGE CHRISTIAN ACADEMY,F27053,21,MN,33460,"Minneapolis-St. Paul-Bloomington, MN-WI",378,"Minneapolis-St. Paul, MN-WI",0,0,1,0,3,0,0,0,0,0,0,0,0,0,1,0,0,0,0,0
N240579,CALVIN CHRISTIAN HIGH SCHOOL,F27003,21,MN,33460,"Minneapolis-St. Paul-Bloomington, MN-WI",378,"Minneapolis-St. Paul, MN-WI",0,0,0,0,1,0,0,0,0,0,0,0,0,0,0,0,0,0,0,0
N240615,DELANO SENIOR HIGH SCHOOL,F27171,31,MN,33460,"Minneapolis-St. Paul-Bloomington, MN-WI",378,"Minneapolis-St. Paul, MN-WI",0,0,2,0,4,0,4,0,6,0,3,0,0,0,1,0,1,0,5,0
N240647,PARNASSUS PREPARATORY SCHOOL,F27053,NA,MN,33460,"Minneapolis-St. Paul-Bloomington, MN-WI",378,"Minneapolis-St. Paul, MN-WI",0,0,0,0,0,0,0,0,0,0,0,0,0,0,0,0,1,0,0,0
N240655,EAST HIGH SCHOOL,F27137,13,MN,20260,"Duluth, MN-WI",228,"Duluth-Grand Rapids, MN-WI",0,0,1,0,1,0,0,0,0,0,0,0,0,0,0,0,0,0,0,0
N240660,HERMANTOWN HIGH SCHOOL,F27137,41,MN,20260,"Duluth, MN-WI",228,"Duluth-Grand Rapids, MN-WI",0,0,0,0,0,0,0,0,0,0,0,0,0,0,0,0,0,0,0,1
N240699,EAGLE RIDGE ACADEMY LOWER SCHOOL,F27053,13,MN,33460,"Minneapolis-St. Paul-Bloomington, MN-WI",378,"Minneapolis-St. Paul, MN-WI",1,0,1,0,1,0,0,0,0,0,0,0,1,0,0,0,0,0,2,0
N240708,EDINA HIGH SCHOOL,F27053,13,MN,33460,"Minneapolis-St. Paul-Bloomington, MN-WI",378,"Minneapolis-St. Paul, MN-WI",9,0,7,0,6,0,5,0,7,0,4,0,3,0,1,0,1,0,9,0
N240720,ELK RIVER AREA HIGH SCHOOL,F27141,21,MN,33460,"Minneapolis-St. Paul-Bloomington, MN-WI",378,"Minneapolis-St. Paul, MN-WI",2,0,2,0,5,0,2,0,2,0,0,0,1,0,1,0,1,0,1,0
N240721,SPECTRUM HIGH SCHOOL,F27141,21,MN,33460,"Minneapolis-St. Paul-Bloomington, MN-WI",378,"Minneapolis-St. Paul, MN-WI",0,0,0,0,0,0,0,0,0,0,0,0,0,0,1,0,0,0,1,0
N240735,ELLSWORTH HIGH SCHOOL,F27105,43,MN,49380,"Worthington, MN",N,N,0,0,0,0,0,0,0,0,0,0,0,0,1,0,0,0,0,0,0,0
N240765,LINCOLN HIGH SCHOOL,F27017,31,MN,20260,"Duluth, MN-WI",228,"Duluth-Grand Rapids, MN-WI",0,0,0,0,0,0,0,0,1,0,0,0,0,0,0,0,0,0,1,0
N240775,EVELETH GILBERT SENIOR HIGH SCHOOL,F27137,33,MN,20260,"Duluth, MN-WI",228,"Duluth-Grand Rapids, MN-WI",0,0,1,0,0,0,0,0,0,0,0,0,0,0,0,0,0,0,0,0
N240780,MINNETONKA HIGH SCHOOL,F27053,13,MN,33460,"Minneapolis-St. Paul-Bloomington, MN-WI",378,"Minneapolis-St. Paul, MN-WI",8,0,7,0,11,0,7,0,2,0,10,0,8,0,6,0,8,0,5,0
N240785,DOVER-EYOTA HIGH SCHOOL,F27109,42,MN,40340,"Rochester, MN",462,"Rochester-Austin-Winona, MN",0,0,0,0,1,0,0,0,0,0,0,0,0,0,0,0,0,0,0,0
N240795,FAIRMONT HIGH SCHOOL,F27091,33,MN,21860,"Fairmont, MN",N,N,2,0,2,0,2,0,1,0,1,0,0,0,1,0,0,0,1,0,3,0
N240800,BETHLEHEM ACADEMY,F27131,32,MN,22060,"Faribault-Northfield, MN",378,"Minneapolis-St. Paul, MN-WI",1,0,0,0,0,0,0,0,0,0,0,0,0,0,0,0,0,0,0,0
N240805,FARIBAULT SENIOR HIGH SCHOOL,F27131,32,MN,22060,"Faribault-Northfield, MN",378,"Minneapolis-St. Paul, MN-WI",0,0,0,0,1,0,1,0,0,0,0,0,0,0,0,0,0,0,0,0
N240810,SHATTUCK-ST. MARYS SCHOOL,F27131,32,MN,22060,"Faribault-Northfield, MN",378,"Minneapolis-St. Paul, MN-WI",0,0,0,0,1,0,1,0,0,0,1,0,0,0,0,0,0,0,0,0
N240820,FARMINGTON SENIOR HIGH SCHOOL,F27037,41,MN,33460,"Minneapolis-St. Paul-Bloomington, MN-WI",378,"Minneapolis-St. Paul, MN-WI",6,0,4,0,3,0,5,0,7,0,1,0,3,0,2,0,6,0,4,0
N240828,FERGUS FALLS SENIOR HIGH SCHOOL,F27111,33,MN,22260,"Fergus Falls, MN",N,N,1,0,0,0,0,0,0,0,0,0,0,0,0,0,0,0,0,0,0,0
N240860,FOLEY HIGH SCHOOL,F27009,42,MN,41060,"St. Cloud, MN",378,"Minneapolis-St. Paul, MN-WI",0,0,0,0,0,0,0,0,0,0,0,0,0,0,0,0,1,0,0,0
N240863,NORTH LAKES ACADEMY,F27163,NA,MN,33460,"Minneapolis-St. Paul-Bloomington, MN-WI",378,"Minneapolis-St. Paul, MN-WI",0,0,0,0,0,0,0,0,0,0,0,0,0,0,0,0,3,0,0,0
N240865,FOREST LAKE SENIOR HIGH SCHOOL,F27163,31,MN,33460,"Minneapolis-St. Paul-Bloomington, MN-WI",378,"Minneapolis-St. Paul, MN-WI",0,0,3,0,0,0,0,0,2,0,2,0,0,0,0,0,1,0,1,0
N240888,TOTINO-GRACE HIGH SCHOOL,F27003,21,MN,33460,"Minneapolis-St. Paul-Bloomington, MN-WI",378,"Minneapolis-St. Paul, MN-WI",10,0,5,0,4,0,1,0,0,0,0,0,1,0,5,0,3,0,3,0
N240930,GLENCOE-SILVER LAKE HIGH SCHOOL,F27085,32,MN,26780,"Hutchinson, MN",378,"Minneapolis-St. Paul, MN-WI",0,0,0,0,1,0,0,0,0,0,0,0,0,0,0,0,0,0,1,0
N240940,DILWORTH-GLYNDON-FELTON SENIOR HIGH SCHOOL,F27027,41,MN,22020,"Fargo, ND-MN",244,"Fargo-Wahpeton, ND-MN",0,0,0,0,0,0,0,0,0,0,1,0,0,0,0,0,1,0,0,0
N240943,PERPICH CENTER FOR ARTS EDUCATION,F27053,21,MN,33460,"Minneapolis-St. Paul-Bloomington, MN-WI",378,"Minneapolis-St. Paul, MN-WI",0,0,0,0,1,0,0,0,0,0,0,0,0,0,0,0,0,0,0,0
N240990,GRAND RAPIDS HIGH SCHOOL,F27061,41,MN,24330,"Grand Rapids, MN",228,"Duluth-Grand Rapids, MN-WI",0,0,1,0,0,0,0,0,0,0,0,0,0,0,0,0,0,0,0,0
N241050,HASTINGS HIGH SCHOOL,F27037,31,MN,33460,"Minneapolis-St. Paul-Bloomington, MN-WI",378,"Minneapolis-St. Paul, MN-WI",1,0,3,0,4,0,0,0,1,0,0,0,1,0,1,0,1,0,0,0
N241060,HAYFIELD HIGH SCHOOL,F27039,42,MN,40340,"Rochester, MN",462,"Rochester-Austin-Winona, MN",1,0,0,0,0,0,0,0,0,0,0,0,0,0,0,0,0,0,0,0
N241150,EDEN PRAIRIE HIGH SCHOOL,F27053,13,MN,33460,"Minneapolis-St. Paul-Bloomington, MN-WI",378,"Minneapolis-St. Paul, MN-WI",4,0,10,0,7,0,5,0,8,0,6,0,4,0,6,0,4,0,3,0
N241153,HOPKINS HIGH SCHOOL,F27053,13,MN,33460,"Minneapolis-St. Paul-Bloomington, MN-WI",378,"Minneapolis-St. Paul, MN-WI",6,0,3,0,2,0,1,0,2,0,5,0,1,0,5,0,0,0,1,0
N241157,PIM ARTS HIGH SCHOOL,F27053,NA,MN,33460,"Minneapolis-St. Paul-Bloomington, MN-WI",378,"Minneapolis-St. Paul, MN-WI",0,0,0,0,0,0,0,0,0,0,0,0,0,0,1,0,0,0,0,0
N241160,HOUSTON HIGH SCHOOL,F27055,42,MN,29100,"La Crosse-Onalaska, WI-MN",317,"La Crosse-Onalaska-Sparta, WI-MN",1,0,0,0,0,0,0,0,0,0,0,0,0,0,0,0,0,0,0,0
N241165,HOWARD LAKE-WAVERLY-WINSTED HIGH SCHOOL,F27171,42,MN,33460,"Minneapolis-St. Paul-Bloomington, MN-WI",378,"Minneapolis-St. Paul, MN-WI",0,0,0,0,0,0,0,0,1,0,0,0,0,0,0,0,0,0,0,0
N241175,HUTCHINSON HIGH SCHOOL,F27085,32,MN,26780,"Hutchinson, MN",378,"Minneapolis-St. Paul, MN-WI",0,0,0,0,0,0,0,0,0,0,2,0,0,0,0,0,0,0,0,0
N241215,JACKSON COUNTY CENTRAL SENIOR HIGH SCHOOL,F27063,43,MN,N,Non_CBSA,N,N,0,0,0,0,1,0,0,0,0,0,0,0,0,0,0,0,0,0,0,0
N241235,JORDAN HIGH SCHOOL,F27139,31,MN,33460,"Minneapolis-St. Paul-Bloomington, MN-WI",378,"Minneapolis-St. Paul, MN-WI",1,0,0,0,0,0,0,0,0,0,0,0,0,0,0,0,1,0,0,0
N241245,KASSON-MANTORVILLE HIGH SCHOOL,F27039,31,MN,40340,"Rochester, MN",462,"Rochester-Austin-Winona, MN",3,0,4,0,1,0,0,0,1,0,2,0,2,0,0,0,1,0,0,0
N241255,KELLIHER HIGH SCHOOL,F27007,43,MN,13420,"Bemidji, MN",N,N,0,0,0,0,0,0,0,0,0,0,1,0,0,0,0,0,0,0,0,0
N241275,KENYON-WANAMINGO HIGH SCHOOL,F27049,42,MN,39860,"Red Wing, MN",378,"Minneapolis-St. Paul, MN-WI",0,0,1,0,0,0,0,0,0,0,0,0,0,0,0,0,0,0,0,0
N241293,LA CRESCENT HIGH SCHOOL,F27055,23,MN,29100,"La Crosse-Onalaska, WI-MN",317,"La Crosse-Onalaska-Sparta, WI-MN",0,0,1,0,0,0,1,0,2,0,0,0,2,0,0,0,0,0,0,0
N241305,LINCOLN JUNIOR SENIOR HIGH SCHOOL,F27157,32,MN,40340,"Rochester, MN",462,"Rochester-Austin-Winona, MN",0,0,0,0,0,0,1,0,0,0,0,0,0,0,0,0,0,0,0,0
N241325,LAKEVILLE NORTH HIGH SCHOOL,F27037,21,MN,33460,"Minneapolis-St. Paul-Bloomington, MN-WI",378,"Minneapolis-St. Paul, MN-WI",7,0,17,0,7,0,11,0,3,0,5,0,2,0,1,0,5,0,5,0
N241326,LAKEVILLE SOUTH HIGH,F27037,41,MN,33460,"Minneapolis-St. Paul-Bloomington, MN-WI",378,"Minneapolis-St. Paul, MN-WI",8,0,8,0,7,0,4,0,8,0,5,0,7,0,6,0,9,0,10,0
N241345,LANESBORO HIGH SCHOOL,F27045,43,MN,40340,"Rochester, MN",462,"Rochester-Austin-Winona, MN",1,0,1,0,0,0,0,0,0,0,0,0,0,0,1,0,0,0,0,0
N241355,LE CENTER HIGH SCHOOL,F27079,32,MN,33460,"Minneapolis-St. Paul-Bloomington, MN-WI",378,"Minneapolis-St. Paul, MN-WI",0,0,0,0,0,0,0,0,0,0,2,0,0,0,0,0,3,0,0,0
N241370,LESUEUR-HENDERSON HIGH SCHOOL,F27079,42,MN,33460,"Minneapolis-St. Paul-Bloomington, MN-WI",378,"Minneapolis-St. Paul, MN-WI",0,0,0,0,0,0,0,0,0,0,0,0,0,0,1,0,0,0,0,0
N241375,LEWISTON-ALTURA HIGH SCHOOL,F27169,42,MN,49100,"Winona, MN",462,"Rochester-Austin-Winona, MN",1,0,0,0,0,0,1,0,0,0,0,0,1,0,0,0,1,0,0,0
N241380,CHISAGO LAKES HIGH SCHOOL,F27025,32,MN,33460,"Minneapolis-St. Paul-Bloomington, MN-WI",378,"Minneapolis-St. Paul, MN-WI",1,0,1,0,2,0,0,0,0,0,1,0,1,0,2,0,0,0,2,0
N241390,LITCHFIELD SENIOR HIGH SCHOOL,F27093,32,MN,N,Non_CBSA,N,N,0,0,0,0,1,0,0,0,0,0,0,0,0,0,0,0,1,0,0,0
N241410,ORONO HIGH SCHOOL,F27053,41,MN,33460,"Minneapolis-St. Paul-Bloomington, MN-WI",378,"Minneapolis-St. Paul, MN-WI",2,0,1,1,1,0,2,0,0,0,3,0,0,0,4,0,0,0,3,0
N241415,LONG PRAIRIE-GREY EAGLE HIGH SCHOOL,F27153,43,MN,N,Non_CBSA,N,N,0,0,0,0,0,0,0,0,0,0,0,0,1,0,0,0,0,0,0,0
N241430,LYLE HIGH SCHOOL,F27099,42,MN,12380,"Austin, MN",462,"Rochester-Austin-Winona, MN",0,0,0,0,0,0,0,0,0,0,0,0,0,0,1,0,0,0,0,0
N241465,MAHTOMEDI HIGH SCHOOL,F27163,41,MN,33460,"Minneapolis-St. Paul-Bloomington, MN-WI",378,"Minneapolis-St. Paul, MN-WI",5,0,6,0,0,0,3,0,9,0,3,0,5,0,2,0,4,0,1,0
N241480,LOYOLA CATHOLIC SCHOOL,F27013,13,MN,31860,"Mankato, MN",359,"Mankato-New Ulm, MN",0,0,0,0,1,0,0,0,0,0,0,0,0,0,0,0,0,0,0,0
N241484,MANKATO EAST HIGH SCHOOL,F27013,13,MN,31860,"Mankato, MN",359,"Mankato-New Ulm, MN",0,0,0,0,0,0,1,0,1,0,0,0,1,0,0,0,2,0,2,0
N241485,MANKATO WEST HIGH SCHOOL,F27013,13,MN,31860,"Mankato, MN",359,"Mankato-New Ulm, MN",0,0,3,0,1,0,1,0,0,0,1,0,1,0,2,0,0,0,1,0
N241489,MAPLE GROVE SENIOR HIGH SCHOOL,F27053,21,MN,33460,"Minneapolis-St. Paul-Bloomington, MN-WI",378,"Minneapolis-St. Paul, MN-WI",7,0,10,0,6,0,1,0,2,0,5,0,8,0,8,0,3,0,6,0
N241490,MAPLE LAKE HIGH SCHOOL,F27171,42,MN,33460,"Minneapolis-St. Paul-Bloomington, MN-WI",378,"Minneapolis-St. Paul, MN-WI",0,0,0,0,0,0,0,0,0,0,0,0,0,0,0,0,0,0,1,0
N241495,MAPLE RIVER HIGH SCHOOL,F27013,42,MN,31860,"Mankato, MN",359,"Mankato-New Ulm, MN",0,0,1,0,0,0,0,0,1,0,0,0,0,0,0,0,0,0,1,0
N241510,MARSHALL SENIOR HIGH SCHOOL,F27083,33,MN,32140,"Marshall, MN",N,N,1,0,0,0,0,0,0,0,0,0,0,0,1,0,3,0,0,0,1,0
N241513,MAYER LUTHERAN HIGH SCHOOL,F27019,42,MN,33460,"Minneapolis-St. Paul-Bloomington, MN-WI",378,"Minneapolis-St. Paul, MN-WI",2,0,1,0,0,0,1,0,0,0,1,0,0,0,1,0,0,0,0,0
N241545,MEDFORD HIGH SCHOOL,F27147,42,MN,36940,"Owatonna, MN",378,"Minneapolis-St. Paul, MN-WI",0,0,0,0,0,0,1,0,0,0,0,0,0,0,0,0,0,0,1,0
N241585,ACADEMY OF HOLY ANGELS,F27053,21,MN,33460,"Minneapolis-St. Paul-Bloomington, MN-WI",378,"Minneapolis-St. Paul, MN-WI",3,0,0,0,3,0,0,0,3,0,1,0,3,0,7,0,2,0,1,0
N241597,ROBBINSDALE COOPER HIGH SCHOOL,F27053,21,MN,33460,"Minneapolis-St. Paul-Bloomington, MN-WI",378,"Minneapolis-St. Paul, MN-WI",1,0,0,0,0,0,0,0,0,0,0,0,0,0,0,0,0,0,0,0
N241600,DELASALLE HIGH SCHOOL,F27053,11,MN,33460,"Minneapolis-St. Paul-Bloomington, MN-WI",378,"Minneapolis-St. Paul, MN-WI",2,0,2,0,0,0,1,0,0,0,0,0,0,0,1,0,1,0,0,0
N241612,FRIDLEY SENIOR HIGH SCHOOL,F27003,21,MN,33460,"Minneapolis-St. Paul-Bloomington, MN-WI",378,"Minneapolis-St. Paul, MN-WI",0,0,0,0,0,0,0,0,1,0,0,0,0,0,0,0,0,0,0,0
N241624,INTERDISTRICT DOWNTOWN SCHOOL,F27053,11,MN,33460,"Minneapolis-St. Paul-Bloomington, MN-WI",378,"Minneapolis-St. Paul, MN-WI",1,0,0,0,0,0,0,0,0,0,0,0,0,0,0,0,0,0,0,0
N241625,MINNEHAHA ACADEMY,F27053,11,MN,33460,"Minneapolis-St. Paul-Bloomington, MN-WI",378,"Minneapolis-St. Paul, MN-WI",1,0,0,0,0,0,0,0,0,0,1,0,0,0,4,0,1,0,0,0
N241627,ROBBINSDALE ARMSTRONG HIGH SCHOOL,F27053,13,MN,33460,"Minneapolis-St. Paul-Bloomington, MN-WI",378,"Minneapolis-St. Paul, MN-WI",7,0,2,0,3,0,5,0,1,0,3,0,3,0,5,0,4,0,2,0
N241630,NORTH HIGH SCHOOL,F27053,11,MN,33460,"Minneapolis-St. Paul-Bloomington, MN-WI",378,"Minneapolis-St. Paul, MN-WI",1,0,0,0,0,0,0,0,0,0,0,0,0,0,0,0,0,0,0,0
N241633,MINNESOTA VIRTUAL HIGH SCHOOL,F27123,NA,MN,33460,"Minneapolis-St. Paul-Bloomington, MN-WI",378,"Minneapolis-St. Paul, MN-WI",0,0,0,0,0,0,0,0,0,0,0,0,0,0,1,0,0,0,0,0
N241635,BLAKE SCHOOL-NORTHRUP CAMPUS,F27053,NA,MN,33460,"Minneapolis-St. Paul-Bloomington, MN-WI",378,"Minneapolis-St. Paul, MN-WI",0,0,0,0,0,0,0,0,0,0,0,0,1,0,0,0,2,0,0,0
N241645,PATRICK HENRY HIGH SCHOOL,F27053,11,MN,33460,"Minneapolis-St. Paul-Bloomington, MN-WI",378,"Minneapolis-St. Paul, MN-WI",1,0,0,0,0,0,0,0,0,0,0,0,0,0,0,0,0,0,0,0
N241650,RICHFIELD SENIOR HIGH SCHOOL,F27053,21,MN,33460,"Minneapolis-St. Paul-Bloomington, MN-WI",378,"Minneapolis-St. Paul, MN-WI",1,0,0,0,1,0,0,0,0,0,0,0,0,0,0,0,0,0,0,0
N241658,SAINT ANTHONY VILLAGE HIGH SCHOOL,F27053,21,MN,33460,"Minneapolis-St. Paul-Bloomington, MN-WI",378,"Minneapolis-St. Paul, MN-WI",0,0,0,0,2,0,0,0,0,0,2,0,1,0,1,0,4,0,0,0
N241675,SOUTH HIGH SCHOOL,F27053,11,MN,33460,"Minneapolis-St. Paul-Bloomington, MN-WI",378,"Minneapolis-St. Paul, MN-WI",2,0,1,0,1,0,1,0,0,0,0,0,1,0,1,0,1,0,0,0
N241680,SOUTHWEST HIGH SCHOOL,F27053,11,MN,33460,"Minneapolis-St. Paul-Bloomington, MN-WI",378,"Minneapolis-St. Paul, MN-WI",3,0,1,0,0,0,0,0,2,0,0,0,0,0,0,0,0,0,0,0
N241682,SPRING LAKE PARK SENIOR HIGH SCHOOL,F27003,21,MN,33460,"Minneapolis-St. Paul-Bloomington, MN-WI",378,"Minneapolis-St. Paul, MN-WI",2,0,1,0,5,0,4,0,1,0,0,0,3,0,1,0,2,0,2,0
N241685,ROOSEVELT HIGH SCHOOL,F27053,11,MN,33460,"Minneapolis-St. Paul-Bloomington, MN-WI",378,"Minneapolis-St. Paul, MN-WI",0,0,0,0,0,0,0,0,0,0,0,0,1,0,0,0,0,0,0,0
N241688,TRINITY SCHOOL AT RIVER RIDGE,F27037,41,MN,33460,"Minneapolis-St. Paul-Bloomington, MN-WI",378,"Minneapolis-St. Paul, MN-WI",1,0,0,0,0,0,0,0,0,0,0,0,2,0,0,0,0,0,0,0
N241695,WASHBURN SENIOR HIGH SCHOOL,F27053,11,MN,33460,"Minneapolis-St. Paul-Bloomington, MN-WI",378,"Minneapolis-St. Paul, MN-WI",2,0,0,0,3,0,0,0,1,0,2,0,1,0,1,0,4,0,1,0
N241715,MONTEVIDEO SENIOR HIGH SCHOOL,F27023,33,MN,N,Non_CBSA,N,N,0,0,0,0,0,0,0,0,0,0,0,0,0,0,0,0,0,0,1,0
N241725,MONTICELLO HIGH SCHOOL,F27171,31,MN,33460,"Minneapolis-St. Paul-Bloomington, MN-WI",378,"Minneapolis-St. Paul, MN-WI",0,0,2,0,2,0,2,0,1,0,0,0,0,0,1,0,0,0,0,0
N241735,MOORHEAD SENIOR HIGH SCHOOL,F27027,22,MN,22020,"Fargo, ND-MN",244,"Fargo-Wahpeton, ND-MN",0,0,0,0,0,0,1,0,0,0,0,0,0,0,2,0,0,0,0,0
N241745,MORA HIGH SCHOOL,F27065,43,MN,N,Non_CBSA,N,N,0,0,0,0,0,0,0,0,1,0,0,0,0,0,0,0,1,0,0,0
N241755,MORRIS AREA HIGH SCHOOL,F27149,41,MN,N,Non_CBSA,N,N,0,0,0,0,0,0,0,0,0,0,0,0,0,0,1,0,0,0,0,0
N241775,MOUND WESTONKA HIGH SCHOOL,F27053,41,MN,33460,"Minneapolis-St. Paul-Bloomington, MN-WI",378,"Minneapolis-St. Paul, MN-WI",2,0,0,0,2,0,0,0,0,0,3,0,4,0,1,0,2,0,2,0
N241805,MOUNDS VIEW HIGH SCHOOL,F27123,21,MN,33460,"Minneapolis-St. Paul-Bloomington, MN-WI",378,"Minneapolis-St. Paul, MN-WI",4,0,9,0,2,0,2,0,3,0,1,0,0,0,3,0,5,0,5,0
N241815,NEW LONDON SPICER HIGH SCHOOL,F27067,33,MN,48820,"Willmar, MN",N,N,0,0,0,0,1,0,0,0,0,0,0,0,0,0,0,0,0,0,0,0
N241820,NEW PRAGUE HIGH SCHOOL,F27139,32,MN,33460,"Minneapolis-St. Paul-Bloomington, MN-WI",378,"Minneapolis-St. Paul, MN-WI",0,0,5,0,3,0,2,0,1,0,0,0,5,0,0,0,2,0,1,0
N241825,NRHEG HIGH SCHOOL,F27161,43,MN,N,Non_CBSA,N,N,1,0,0,0,0,0,0,0,0,0,0,0,0,0,0,0,0,0,0,0
N241826,MINNESOTA VALLEY LUTHERAN H S,F27103,41,MN,31860,"Mankato, MN",359,"Mankato-New Ulm, MN",0,0,0,0,0,0,1,0,0,0,0,0,0,0,0,0,0,0,0,0
N241827,CATHEDRAL HIGH SCHOOL,F27015,32,MN,35580,"New Ulm, MN",359,"Mankato-New Ulm, MN",0,0,0,0,1,0,0,0,0,0,0,0,0,0,0,0,0,0,0,0
N241830,NEW ULM SENIOR HIGH SCHOOL,F27015,41,MN,35580,"New Ulm, MN",359,"Mankato-New Ulm, MN",0,0,2,0,0,0,1,0,2,0,0,0,1,0,0,0,0,0,1,0
N241840,NEW YORK MILLS HIGH SCHOOL,F27111,43,MN,22260,"Fergus Falls, MN",N,N,0,0,0,0,0,0,0,0,0,0,0,0,0,0,0,0,0,0,1,0
N241845,NICOLLET HIGH SCHOOL,F27103,42,MN,31860,"Mankato, MN",359,"Mankato-New Ulm, MN",0,0,0,0,0,0,0,0,0,0,0,0,0,0,1,0,0,0,0,0
N241855,NORTHFIELD HIGH SCHOOL,F27131,32,MN,22060,"Faribault-Northfield, MN",378,"Minneapolis-St. Paul, MN-WI",4,0,1,0,1,0,3,0,1,0,2,0,1,0,3,0,5,0,3,0
N241865,NORTH HIGH SCHOOL,F27123,21,MN,33460,"Minneapolis-St. Paul-Bloomington, MN-WI",378,"Minneapolis-St. Paul, MN-WI",1,0,2,0,1,0,0,0,0,0,2,0,0,0,0,0,1,0,1,0
N241870,CENTRAL HIGH SCHOOL,F27019,42,MN,33460,"Minneapolis-St. Paul-Bloomington, MN-WI",378,"Minneapolis-St. Paul, MN-WI",0,0,0,0,0,0,0,0,0,0,0,0,0,0,1,0,1,0,0,0
N241895,BOLD HIGH SCHOOL,F27129,43,MN,N,Non_CBSA,N,N,0,0,0,0,2,0,0,0,1,0,0,0,1,0,0,0,0,0,0,0
N241930,OSSEO HIGH SCHOOL,F27053,21,MN,33460,"Minneapolis-St. Paul-Bloomington, MN-WI",378,"Minneapolis-St. Paul, MN-WI",1,0,1,0,2,0,0,0,1,0,0,0,1,0,1,0,0,0,3,0
N241935,OWATONNA HIGH SCHOOL,F27147,41,MN,36940,"Owatonna, MN",378,"Minneapolis-St. Paul, MN-WI",1,1,0,0,2,0,0,0,2,0,0,0,3,0,0,0,1,0,2,0
N241945,PARKERS PRAIRIE HIGH SCHOOL,F27111,43,MN,22260,"Fergus Falls, MN",N,N,1,0,0,0,0,0,0,0,0,0,0,0,0,0,0,0,0,0,0,0
N242000,PINE ISLAND HIGH SCHOOL,F27049,42,MN,39860,"Red Wing, MN",378,"Minneapolis-St. Paul, MN-WI",0,0,0,0,1,0,0,0,0,0,0,0,0,0,0,0,0,0,0,0
N242010,PIPESTONE HIGH SCHOOL,F27117,43,MN,N,Non_CBSA,N,N,0,0,0,0,0,0,1,0,0,0,0,0,2,0,0,0,0,0,0,0
N242015,PLAINVIEW JUNIOR SENIOR HIGH SCHOOL,F27157,32,MN,40340,"Rochester, MN",462,"Rochester-Austin-Winona, MN",1,0,0,0,0,0,0,0,1,0,0,0,0,0,0,0,0,0,0,0
N242021,PROVIDENCE ACADEMY UPPER SCHOOL,F27053,13,MN,33460,"Minneapolis-St. Paul-Bloomington, MN-WI",378,"Minneapolis-St. Paul, MN-WI",4,0,2,0,0,0,0,0,0,0,0,0,0,0,0,0,0,0,1,0
N242030,PRINCETON HIGH SCHOOL,F27095,32,MN,33460,"Minneapolis-St. Paul-Bloomington, MN-WI",378,"Minneapolis-St. Paul, MN-WI",1,0,0,0,0,0,0,0,0,0,0,0,0,0,1,0,0,0,0,0
N242035,PRIOR LAKE HIGH SCHOOL,F27139,21,MN,33460,"Minneapolis-St. Paul-Bloomington, MN-WI",378,"Minneapolis-St. Paul, MN-WI",12,0,10,0,12,0,8,0,6,0,7,0,11,0,10,0,7,0,8,0
N242040,PROCTOR SENIOR HIGH SCHOOL,F27137,22,MN,20260,"Duluth, MN-WI",228,"Duluth-Grand Rapids, MN-WI",0,0,0,0,1,0,0,0,0,0,0,0,0,0,0,0,0,0,0,0
N242045,RANDOLPH HIGH SCHOOL,F27037,42,MN,33460,"Minneapolis-St. Paul-Bloomington, MN-WI",378,"Minneapolis-St. Paul, MN-WI",0,0,0,0,0,0,0,0,0,0,1,0,0,0,0,0,0,0,1,0
N242070,RED WING HIGH SCHOOL,F27049,41,MN,39860,"Red Wing, MN",378,"Minneapolis-St. Paul, MN-WI",0,0,2,0,0,0,1,0,0,0,1,0,0,0,1,0,1,0,1,0
N242075,REDWOOD VALLEY HIGH SCHOOL,F27127,33,MN,N,Non_CBSA,N,N,0,0,0,0,0,0,0,0,0,0,0,0,0,0,1,0,0,0,0,0
N242085,RENVILLE COUNTY WEST HIGH SCHOOL,F27129,43,MN,N,Non_CBSA,N,N,0,0,0,0,0,0,0,0,0,0,0,0,0,0,1,0,0,0,0,0
N242092,CENTURY HIGH SCHOOL,F27109,12,MN,40340,"Rochester, MN",462,"Rochester-Austin-Winona, MN",6,0,2,0,7,0,4,0,1,0,2,0,2,0,1,0,3,0,5,0
N242100,JOHN MARSHALL HIGH SCHOOL,F27109,12,MN,40340,"Rochester, MN",462,"Rochester-Austin-Winona, MN",1,0,3,0,1,0,3,0,2,0,0,0,0,0,0,0,2,0,2,0
N242102,LOURDES HIGH SCHOOL,F27109,12,MN,40340,"Rochester, MN",462,"Rochester-Austin-Winona, MN",2,0,1,0,2,0,2,0,0,0,2,0,1,0,1,0,1,0,1,0
N242103,MAYO HIGH SCHOOL,F27109,12,MN,40340,"Rochester, MN",462,"Rochester-Austin-Winona, MN",3,0,4,0,1,0,5,0,0,0,1,0,3,0,1,0,4,0,1,0
N242104,SCHAEFFER ACADEMY,F27109,12,MN,40340,"Rochester, MN",462,"Rochester-Austin-Winona, MN",1,0,0,0,0,0,1,0,0,0,0,0,1,0,0,0,1,0,0,0
N242105,ROCKFORD HIGH SCHOOL,F27053,41,MN,33460,"Minneapolis-St. Paul-Bloomington, MN-WI",378,"Minneapolis-St. Paul, MN-WI",0,0,0,0,0,0,0,0,0,0,0,0,1,0,0,0,0,0,0,0
N242110,ROGERS HIGH SCHOOL,F27053,41,MN,33460,"Minneapolis-St. Paul-Bloomington, MN-WI",378,"Minneapolis-St. Paul, MN-WI",2,0,3,0,1,0,3,0,0,0,0,0,0,0,1,0,0,0,2,0
N242121,EAGAN HIGH SCHOOL,F27037,13,MN,33460,"Minneapolis-St. Paul-Bloomington, MN-WI",378,"Minneapolis-St. Paul, MN-WI",16,0,15,0,7,0,6,0,2,0,8,0,3,0,5,0,6,0,3,0
N242123,EASTVIEW HIGH SCHOOL,F27037,21,MN,33460,"Minneapolis-St. Paul-Bloomington, MN-WI",378,"Minneapolis-St. Paul, MN-WI",5,0,2,0,1,0,4,0,2,0,5,0,4,0,2,0,3,0,3,0
N242125,ROSEMOUNT HIGH SCHOOL,F27037,21,MN,33460,"Minneapolis-St. Paul-Bloomington, MN-WI",378,"Minneapolis-St. Paul, MN-WI",5,0,9,0,9,0,3,0,7,0,3,0,8,0,5,0,9,0,6,0
N242140,ROYALTON HIGH SCHOOL,F27097,42,MN,N,Non_CBSA,N,N,0,0,0,0,0,0,0,0,0,0,0,0,0,0,1,0,0,0,0,0
N242145,RUSH CITY HIGH SCHOOL,F27025,43,MN,33460,"Minneapolis-St. Paul-Bloomington, MN-WI",378,"Minneapolis-St. Paul, MN-WI",0,0,0,0,0,0,0,0,0,0,0,0,0,0,1,0,0,0,0,0
N242150,RUSHFORD PETERSON SCHOOL,F27045,42,MN,40340,"Rochester, MN",462,"Rochester-Austin-Winona, MN",0,0,0,0,0,0,0,0,0,0,0,0,1,0,0,0,0,0,0,0
N242170,SAINT CHARLES HIGH SCHOOL,F27169,42,MN,49100,"Winona, MN",462,"Rochester-Austin-Winona, MN",1,0,1,0,0,0,1,0,1,0,0,0,0,0,0,0,0,0,1,0
N242175,ST CLAIR HIGH SCHOOL,F27013,42,MN,31860,"Mankato, MN",359,"Mankato-New Ulm, MN",0,0,0,0,1,0,0,0,0,0,0,0,0,0,0,0,0,0,0,0
N242178,APOLLO HIGH SCHOOL,F27145,13,MN,41060,"St. Cloud, MN",378,"Minneapolis-St. Paul, MN-WI",0,0,1,0,0,0,0,0,0,0,0,0,0,0,0,0,0,0,0,0
N242180,CATHEDRAL HIGH SCHOOL,F27015,32,MN,35580,"New Ulm, MN",359,"Mankato-New Ulm, MN",1,0,0,0,0,0,0,0,0,0,1,0,1,0,0,0,0,0,0,0
N242185,TECHNICAL HIGH SCHOOL,F27145,41,MN,41060,"St. Cloud, MN",378,"Minneapolis-St. Paul, MN-WI",1,0,0,0,0,0,0,0,2,0,1,0,0,0,0,0,1,0,0,0
N242190,SAINT FRANCIS HIGH SCHOOL,F27003,31,MN,33460,"Minneapolis-St. Paul-Bloomington, MN-WI",378,"Minneapolis-St. Paul, MN-WI",0,0,0,0,0,0,1,0,0,0,0,0,0,0,1,0,0,0,0,0
N242195,SAINT JAMES HIGH SCHOOL,F27165,43,MN,N,Non_CBSA,N,N,0,0,0,0,0,0,0,0,0,0,0,0,0,0,0,0,1,0,0,0
N242202,BENILDE-SAINT MARGARETS HIGH S,F27053,21,MN,33460,"Minneapolis-St. Paul-Bloomington, MN-WI",378,"Minneapolis-St. Paul, MN-WI",3,0,3,0,2,0,3,0,6,0,6,0,3,0,4,0,4,0,2,0
N242205,SAINT LOUIS PARK HIGH SCHOOL,F27053,13,MN,33460,"Minneapolis-St. Paul-Bloomington, MN-WI",378,"Minneapolis-St. Paul, MN-WI",1,0,0,0,1,0,5,0,1,0,0,0,2,0,1,0,2,0,0,0
N242208,WEST LUTHERAN HIGH SCHOOL,F27053,13,MN,33460,"Minneapolis-St. Paul-Bloomington, MN-WI",378,"Minneapolis-St. Paul, MN-WI",1,0,0,0,0,0,0,0,0,0,1,0,0,0,2,0,0,0,0,0
N242209,ST MICHAEL-ALBERTVILLE PUBLIC SCHOOL,F27171,41,MN,33460,"Minneapolis-St. Paul-Bloomington, MN-WI",378,"Minneapolis-St. Paul, MN-WI",1,0,4,0,3,0,3,0,0,0,2,0,10,0,8,0,4,0,3,0
N242215,ROSEVILLE AREA HIGH SCHOOL,F27123,21,MN,33460,"Minneapolis-St. Paul-Bloomington, MN-WI",378,"Minneapolis-St. Paul, MN-WI",0,0,1,0,3,0,5,0,0,0,1,0,1,0,0,0,1,0,2,0
N242217,HILL MURRAY SCHOOL,F27123,21,MN,33460,"Minneapolis-St. Paul-Bloomington, MN-WI",378,"Minneapolis-St. Paul, MN-WI",3,0,0,0,2,0,3,0,2,0,0,0,2,0,0,0,1,0,2,0
N242230,CENTRAL HIGH SCHOOL,F27123,11,MN,33460,"Minneapolis-St. Paul-Bloomington, MN-WI",378,"Minneapolis-St. Paul, MN-WI",1,0,1,0,1,0,1,0,1,0,1,0,2,0,1,0,0,0,0,0
N242235,CONCORDIA ACADEMY,F27123,21,MN,33460,"Minneapolis-St. Paul-Bloomington, MN-WI",378,"Minneapolis-St. Paul, MN-WI",0,0,1,0,0,0,1,0,0,0,0,0,0,0,0,0,1,0,1,0
N242240,CONVENT OF THE VISITATION SCHOOL,F27037,21,MN,33460,"Minneapolis-St. Paul-Bloomington, MN-WI",378,"Minneapolis-St. Paul, MN-WI",0,0,1,0,1,0,0,0,1,0,0,0,0,0,0,0,1,0,0,0
N242245,CRETIN DERHAM HALL,F27123,11,MN,33460,"Minneapolis-St. Paul-Bloomington, MN-WI",378,"Minneapolis-St. Paul, MN-WI",5,0,3,0,0,0,2,0,2,0,2,0,0,0,2,0,1,0,0,0
N242255,HARDING HIGH SCHOOL,F27123,11,MN,33460,"Minneapolis-St. Paul-Bloomington, MN-WI",378,"Minneapolis-St. Paul, MN-WI",0,0,0,0,0,0,0,0,0,0,1,0,0,0,0,0,0,0,0,0
N242256,HIGHLAND PARK SENIOR HIGH SCHOOL,F27123,11,MN,33460,"Minneapolis-St. Paul-Bloomington, MN-WI",378,"Minneapolis-St. Paul, MN-WI",0,0,0,0,3,0,2,0,2,0,0,0,2,0,2,0,3,0,1,0
N242263,IRONDALE SENIOR HIGH SCHOOL,F27123,21,MN,33460,"Minneapolis-St. Paul-Bloomington, MN-WI",378,"Minneapolis-St. Paul, MN-WI",3,0,4,0,2,0,3,0,1,0,1,0,1,0,1,0,2,0,1,0
N242269,NOVA CLASSICAL ACADEMY UPPER SCHOOL,F27123,11,MN,33460,"Minneapolis-St. Paul-Bloomington, MN-WI",378,"Minneapolis-St. Paul, MN-WI",0,0,0,0,1,0,1,0,0,0,0,0,0,0,0,0,0,0,0,0
N242277,MOUNDS PARK ACADEMY,F27123,21,MN,33460,"Minneapolis-St. Paul-Bloomington, MN-WI",378,"Minneapolis-St. Paul, MN-WI",0,0,1,0,0,0,0,0,0,0,0,0,0,0,0,0,0,0,0,0
N242284,SAINT PAUL CONSERVATORY,F27123,11,MN,33460,"Minneapolis-St. Paul-Bloomington, MN-WI",378,"Minneapolis-St. Paul, MN-WI",0,0,0,0,0,0,0,0,0,0,0,0,0,0,1,0,0,0,0,0
N242295,ST AGNES SCHOOL,F27123,11,MN,33460,"Minneapolis-St. Paul-Bloomington, MN-WI",378,"Minneapolis-St. Paul, MN-WI",0,0,2,0,0,0,0,0,0,0,0,0,0,0,1,0,0,0,0,0
N242315,ST PAUL ACADEMY - SUMMIT SCHOOL,F27123,11,MN,33460,"Minneapolis-St. Paul-Bloomington, MN-WI",378,"Minneapolis-St. Paul, MN-WI",0,0,0,0,0,0,1,0,1,0,0,0,0,0,0,0,1,0,0,0
N242320,ST THOMAS ACADEMY,F27037,21,MN,33460,"Minneapolis-St. Paul-Bloomington, MN-WI",378,"Minneapolis-St. Paul, MN-WI",1,0,3,0,0,0,2,0,1,0,1,0,2,0,2,0,0,0,1,0
N242327,TARTAN SENIOR HIGH SCHOOL,F27163,21,MN,33460,"Minneapolis-St. Paul-Bloomington, MN-WI",378,"Minneapolis-St. Paul, MN-WI",5,0,2,0,1,0,1,0,0,0,5,0,0,0,0,0,0,0,0,0
N242339,TWIN CITIES ACADEMY HS,F27123,11,MN,33460,"Minneapolis-St. Paul-Bloomington, MN-WI",378,"Minneapolis-St. Paul, MN-WI",0,0,0,0,0,0,0,0,0,0,0,0,0,0,1,0,0,0,0,0
N242340,PARK HIGH SCHOOL,F27163,21,MN,33460,"Minneapolis-St. Paul-Bloomington, MN-WI",378,"Minneapolis-St. Paul, MN-WI",1,0,1,0,2,0,1,0,0,0,0,0,4,0,4,0,4,0,1,0
N242343,WOODBURY HIGH SCHOOL,F27163,21,MN,33460,"Minneapolis-St. Paul-Bloomington, MN-WI",378,"Minneapolis-St. Paul, MN-WI",5,0,7,0,2,0,4,0,5,0,2,0,5,0,2,0,4,0,2,0
N242345,SAINT PETER HIGH SCHOOL,F27103,31,MN,31860,"Mankato, MN",359,"Mankato-New Ulm, MN",0,0,0,0,0,0,0,0,1,0,0,0,0,0,1,0,0,0,0,0
N242358,SARTELL HIGH SCHOOL,F27145,41,MN,41060,"St. Cloud, MN",378,"Minneapolis-St. Paul, MN-WI",2,0,3,0,0,0,0,0,0,0,0,0,0,0,0,0,1,0,0,0
N242365,SAUK RAPIDS-RICE HIGH,F27009,41,MN,41060,"St. Cloud, MN",378,"Minneapolis-St. Paul, MN-WI",1,0,1,0,0,0,0,0,0,0,0,0,0,0,0,0,0,0,0,0
N242367,BURNSVILLE SENIOR HIGH SCHOOL,F27037,13,MN,33460,"Minneapolis-St. Paul-Bloomington, MN-WI",378,"Minneapolis-St. Paul, MN-WI",5,0,1,0,4,0,2,0,3,0,0,0,0,0,4,0,1,0,1,0
N242375,SHAKOPEE SENIOR HIGH SCHOOL,F27139,21,MN,33460,"Minneapolis-St. Paul-Bloomington, MN-WI",378,"Minneapolis-St. Paul, MN-WI",1,0,2,0,2,0,4,0,2,0,4,0,6,0,2,0,6,0,1,0
N242381,MOUNDS VIEW AREA LEARNING CENTER,F27123,21,MN,33460,"Minneapolis-St. Paul-Bloomington, MN-WI",378,"Minneapolis-St. Paul, MN-WI",0,0,0,0,0,0,0,0,0,0,0,0,0,0,0,0,1,0,0,0
N242390,MURRAY COUNTY CENTRAL HIGH SCHOOL,F27101,43,MN,N,Non_CBSA,N,N,1,0,0,0,0,0,0,0,0,0,0,0,0,0,0,0,0,0,0,0
N242395,SLEEPY EYE HIGH SCHOOL,F27015,43,MN,35580,"New Ulm, MN",359,"Mankato-New Ulm, MN",0,0,0,0,0,0,0,0,0,0,0,0,0,0,0,0,0,0,1,0
N242405,SOUTH SAINT PAUL SENIOR HIGH SCHOOL,F27037,21,MN,33460,"Minneapolis-St. Paul-Bloomington, MN-WI",378,"Minneapolis-St. Paul, MN-WI",2,0,0,0,0,0,0,0,0,0,0,0,0,0,0,0,0,0,0,0
N242408,SMILEY HIGH SCHOOL,F27037,21,MN,33460,"Minneapolis-St. Paul-Bloomington, MN-WI",378,"Minneapolis-St. Paul, MN-WI",3,0,0,0,2,0,2,0,1,0,2,0,1,0,1,0,0,0,0,0
N242410,SPRINGFIELD HIGH SCHOOL,F27015,43,MN,35580,"New Ulm, MN",359,"Mankato-New Ulm, MN",0,0,0,0,0,0,0,0,0,0,0,0,1,0,0,0,0,0,0,0
N242415,SPRING GROVE HIGH SCHOOL,F27055,42,MN,29100,"La Crosse-Onalaska, WI-MN",317,"La Crosse-Onalaska-Sparta, WI-MN",0,0,1,0,0,0,0,0,0,0,0,0,0,0,1,0,0,0,1,0
N242420,KINGSLAND HIGH SCHOOL,F27045,42,MN,40340,"Rochester, MN",462,"Rochester-Austin-Winona, MN",0,0,0,0,0,0,0,0,0,0,0,0,0,0,0,0,1,0,0,0
N242445,STEWARTVILLE HIGH SCHOOL,F27109,31,MN,40340,"Rochester, MN",462,"Rochester-Austin-Winona, MN",3,0,2,0,2,0,2,0,0,0,2,0,0,0,2,0,1,0,0,0
N242449,ST. CROIX PREPARATORY ACADEMY LOWER,F27163,31,MN,33460,"Minneapolis-St. Paul-Bloomington, MN-WI",378,"Minneapolis-St. Paul, MN-WI",0,0,3,0,0,0,0,0,1,0,0,0,0,0,0,0,1,0,1,0
N242450,STILLWATER AREA SENIOR HIGH SCHOOL,F27163,31,MN,33460,"Minneapolis-St. Paul-Bloomington, MN-WI",378,"Minneapolis-St. Paul, MN-WI",10,1,4,0,4,0,4,0,1,0,4,0,2,0,8,0,7,0,0,0
N242520,RUSSELL TYLER RUTHTON HIGH SCHOOL,F27081,NA,MN,N,Non_CBSA,N,N,0,0,0,0,0,0,0,0,0,0,0,0,0,0,1,0,0,0,0,0
N242548,HOLY FAMILY CATHOLIC HIGH SCHOOL,F27019,21,MN,33460,"Minneapolis-St. Paul-Bloomington, MN-WI",378,"Minneapolis-St. Paul, MN-WI",1,0,1,0,0,0,2,0,0,0,3,0,0,0,0,0,0,0,0,0
N242567,WABASHA-KELLOGG HIGH SCHOOL,F27157,43,MN,40340,"Rochester, MN",462,"Rochester-Austin-Winona, MN",0,0,0,0,0,0,0,0,1,0,0,0,0,0,0,0,0,0,0,0
N242580,WACONIA HIGH SCHOOL,F27019,31,MN,33460,"Minneapolis-St. Paul-Bloomington, MN-WI",378,"Minneapolis-St. Paul, MN-WI",1,0,0,0,6,0,2,0,1,0,2,0,0,0,2,0,5,0,3,0
N242628,WASECA HIGH SCHOOL,F27161,32,MN,N,Non_CBSA,N,N,1,0,1,0,0,0,2,0,0,0,0,0,0,0,1,0,0,0,0,0
N242630,WATERTOWN-MAYER HIGH SCHOOL,F27019,42,MN,33460,"Minneapolis-St. Paul-Bloomington, MN-WI",378,"Minneapolis-St. Paul, MN-WI",0,0,0,0,1,0,0,0,2,0,0,0,0,0,3,0,1,0,0,0
N242635,WATERVILLE-ELYSIAN-MORRISTOWN HIGH SCHOOL,F27079,42,MN,33460,"Minneapolis-St. Paul-Bloomington, MN-WI",378,"Minneapolis-St. Paul, MN-WI",0,0,0,0,0,0,0,0,0,0,1,0,0,0,0,0,0,0,0,0
N242650,WAYZATA HIGH SCHOOL,F27053,13,MN,33460,"Minneapolis-St. Paul-Bloomington, MN-WI",378,"Minneapolis-St. Paul, MN-WI",10,0,11,0,12,0,12,0,10,0,7,0,14,0,15,0,6,0,11,0
N242673,ST CROIX LUTHERAN HIGH SCHOOL,F27037,21,MN,33460,"Minneapolis-St. Paul-Bloomington, MN-WI",378,"Minneapolis-St. Paul, MN-WI",1,0,1,0,2,0,0,0,0,0,0,0,0,0,0,0,0,0,1,0
N242675,HENRY SIBLEY HIGH SCHOOL,F27037,21,MN,33460,"Minneapolis-St. Paul-Bloomington, MN-WI",378,"Minneapolis-St. Paul, MN-WI",2,0,1,0,1,0,4,0,1,0,1,0,1,0,1,0,3,0,3,0
N242683,WHITE BEAR LAKE AREA HIGH SCHOOL,F27123,21,MN,33460,"Minneapolis-St. Paul-Bloomington, MN-WI",378,"Minneapolis-St. Paul, MN-WI",2,0,2,0,0,0,1,0,0,0,3,0,3,0,2,0,1,0,1,0
N242695,WILLMAR SENIOR HIGH SCHOOL,F27067,41,MN,48820,"Willmar, MN",N,N,0,0,0,0,0,0,0,0,0,0,0,0,1,0,0,0,0,0,0,0
N242710,WINDOM AREA HIGH SCHOOL,F27033,43,MN,N,Non_CBSA,N,N,0,0,0,0,0,0,1,0,0,0,0,0,0,0,0,0,0,0,1,0
N242725,WINONA SENIOR HIGH SCHOOL,F27169,32,MN,49100,"Winona, MN",462,"Rochester-Austin-Winona, MN",0,0,2,0,2,0,1,0,0,0,0,0,0,0,0,0,0,0,0,0
N242735,GFW HIGH SCHOOL,F27143,43,MN,N,Non_CBSA,N,N,0,0,0,0,0,0,0,0,0,0,0,0,1,0,0,0,0,0,0,0
N242738,EAST RIDGE HIGH SCHOOL,F27163,21,MN,33460,"Minneapolis-St. Paul-Bloomington, MN-WI",378,"Minneapolis-St. Paul, MN-WI",5,0,9,0,7,0,7,0,9,0,3,0,4,0,8,0,9,0,6,0
N242739,MATH AND SCIENCE ACADEMY,F27163,21,MN,33460,"Minneapolis-St. Paul-Bloomington, MN-WI",378,"Minneapolis-St. Paul, MN-WI",1,0,1,0,0,0,1,0,1,0,0,0,0,0,1,0,1,0,1,0
N242740,NEW LIFE ACADEMY,F27163,21,MN,33460,"Minneapolis-St. Paul-Bloomington, MN-WI",378,"Minneapolis-St. Paul, MN-WI",1,0,2,0,1,0,0,0,0,0,0,0,1,0,0,0,0,0,0,0
N242750,WORTHINGTON SENIOR HIGH SCHOOL,F27105,33,MN,49380,"Worthington, MN",N,N,0,0,0,0,0,0,0,0,0,0,0,0,0,0,1,0,0,0,0,0
N242765,ZUMBROTA/MAZEPPA HIGH SCHOOL,F27049,42,MN,39860,"Red Wing, MN",378,"Minneapolis-St. Paul, MN-WI",0,0,0,0,0,0,0,0,1,0,1,0,0,0,0,0,1,0,0,0
N250326,NORTHWEST RANKIN HIGH SCHOOL,F28121,21,MS,27140,"Jackson, MS",298,"Jackson-Vicksburg-Brookhaven, MS",0,0,0,0,0,0,0,0,0,0,0,0,0,0,0,0,1,0,0,0
N250600,COLDWATER HIGH SCHOOL,F28137,NA,MS,32820,"Memphis, TN-MS-AR",368,"Memphis-Clarksdale-Forrest City, TN-MS-AR",0,0,0,0,0,0,0,0,0,0,0,0,0,0,1,0,0,0,0,0
N250635,WEST LAUDERDALE HIGH SCHOOL,F28075,42,MS,32940,"Meridian, MS",N,N,0,0,0,0,0,0,0,0,0,0,0,0,0,0,0,0,1,0,0,0
N251409,MISSISSIPPI SCHOOL FOR MATHEMATICS AND SCIENCE,F28087,33,MS,18060,"Columbus, MS",523,"Starkville-Columbus, MS",0,0,0,0,0,0,1,0,0,0,0,0,0,0,0,0,0,0,0,0
N252222,NORTHPOINT CHRISTIAN SCHOOL,F28033,NA,MS,32820,"Memphis, TN-MS-AR",368,"Memphis-Clarksdale-Forrest City, TN-MS-AR",0,0,0,0,0,0,0,0,0,0,0,0,0,0,0,0,0,0,1,0
N252825,NORTHSTAR ACADEMY,F28033,21,MS,32820,"Memphis, TN-MS-AR",368,"Memphis-Clarksdale-Forrest City, TN-MS-AR",0,0,0,0,0,0,1,0,0,0,0,0,0,0,0,0,0,0,0,0
N260016,CAPITAL CITY HIGH SCHOOL,F29051,NA,MO,27620,"Jefferson City, MO",190,"Columbia-Jefferson City-Moberly, MO",0,0,0,0,0,0,0,0,0,0,0,0,1,0,1,0,0,0,0,0
N260025,ALBANY HIGH SCHOOL,F29075,43,MO,N,Non_CBSA,N,N,0,0,0,0,0,0,0,0,0,0,0,0,0,0,1,0,0,0,0,0
N260095,SOUTHERN BOONE COUNTY R-I HIGH SCHOOL,F29019,42,MO,17860,"Columbia, MO",190,"Columbia-Jefferson City-Moberly, MO",0,0,0,0,0,0,0,0,1,0,0,0,0,0,0,0,0,0,0,0
N260128,PARKWAY WEST HIGH SCHOOL,F29189,21,MO,41180,"St. Louis, MO-IL",476,"St. Louis-St. Charles-Farmington, MO-IL",0,0,0,0,0,0,0,0,3,0,0,0,0,0,0,0,0,0,3,0
N260129,PARKWAY SOUTH HIGH SCHOOL,F29189,21,MO,41180,"St. Louis, MO-IL",476,"St. Louis-St. Charles-Farmington, MO-IL",0,0,1,0,2,0,6,0,3,0,0,0,1,0,0,0,0,0,0,0
N260160,BELTON HIGH SCHOOL,F29037,21,MO,28140,"Kansas City, MO-KS",312,"Kansas City-Overland Park-Kansas City, MO-KS",0,0,0,0,0,0,1,0,0,0,0,0,0,0,0,0,0,0,0,0
N260240,BLUE SPRINGS HIGH SCHOOL,F29095,21,MO,28140,"Kansas City, MO-KS",312,"Kansas City-Overland Park-Kansas City, MO-KS",0,0,0,0,1,0,0,0,2,0,0,0,0,0,0,0,0,0,0,0
N260241,BLUE SPRINGS SOUTH HIGH SCHOOL,F29095,21,MO,28140,"Kansas City, MO-KS",312,"Kansas City-Overland Park-Kansas City, MO-KS",1,0,1,0,3,0,0,0,1,0,0,0,1,0,1,0,0,0,0,0
N260445,CALIFORNIA HIGH SCHOOL,F29135,42,MO,27620,"Jefferson City, MO",190,"Columbia-Jefferson City-Moberly, MO",0,0,0,0,1,0,0,0,0,0,0,0,0,0,0,0,0,0,0,0
N260591,MARQUETTE HIGH SCHOOL,F29189,21,MO,41180,"St. Louis, MO-IL",476,"St. Louis-St. Charles-Farmington, MO-IL",0,0,5,0,0,0,1,0,2,0,2,0,2,0,0,0,3,0,4,0
N260593,PARKWAY CENTRAL HIGH SCHOOL,F29189,21,MO,41180,"St. Louis, MO-IL",476,"St. Louis-St. Charles-Farmington, MO-IL",0,0,1,0,1,0,0,0,0,0,0,0,1,0,0,0,3,0,0,0
N260594,PARKWAY NORTH HIGH SCHOOL,F29189,21,MO,41180,"St. Louis, MO-IL",476,"St. Louis-St. Charles-Farmington, MO-IL",1,0,0,0,0,0,1,0,1,0,0,0,1,0,0,0,0,0,0,0
N260640,CHAMINADE COLLEGE PREP SCHOOL,F29189,21,MO,41180,"St. Louis, MO-IL",476,"St. Louis-St. Charles-Farmington, MO-IL",0,0,0,0,0,0,0,0,1,0,0,0,1,0,0,0,0,0,0,0
N260645,CLAYTON HIGH SCHOOL,F29189,21,MO,41180,"St. Louis, MO-IL",476,"St. Louis-St. Charles-Farmington, MO-IL",0,0,0,0,0,0,0,0,0,0,1,0,0,0,0,0,0,0,0,0
N260655,MARY INSTITUTE & ST LOUIS COUNTRY DAY SCHOOL,F29189,21,MO,41180,"St. Louis, MO-IL",476,"St. Louis-St. Charles-Farmington, MO-IL",0,0,0,0,0,0,0,0,0,0,0,0,0,0,1,0,0,0,0,0
N260728,COLUMBIA-ROCK BRIDGE SENIOR HIGH SCHOOL,F29019,12,MO,17860,"Columbia, MO",190,"Columbia-Jefferson City-Moberly, MO",0,0,0,0,0,0,1,0,1,0,0,0,1,0,0,0,2,0,1,0
N260781,DE SMET JESUIT HIGH SCHOOL,F29189,21,MO,41180,"St. Louis, MO-IL",476,"St. Louis-St. Charles-Farmington, MO-IL",1,0,0,0,0,0,0,0,0,0,0,0,0,0,0,0,0,0,0,0
N260782,SAINT LOUIS PRIORY SCHOOL,F29189,21,MO,41180,"St. Louis, MO-IL",476,"St. Louis-St. Charles-Farmington, MO-IL",0,0,0,0,0,0,1,0,0,0,0,0,0,0,0,0,0,0,0,0
N260815,NORTH PLATTE HIGH SCHOOL,F29165,42,MO,28140,"Kansas City, MO-KS",312,"Kansas City-Overland Park-Kansas City, MO-KS",0,0,0,0,0,0,0,0,0,0,0,0,1,0,0,0,0,0,0,0
N260850,DESOTO SENIOR HIGH SCHOOL,F29099,31,MO,41180,"St. Louis, MO-IL",476,"St. Louis-St. Charles-Farmington, MO-IL",0,0,0,0,1,0,0,0,0,0,0,0,0,0,0,0,0,0,0,0
N260905,NORTH HARRISON HIGH SCHOOL,F29081,43,MO,N,Non_CBSA,N,N,0,0,0,0,0,0,0,0,0,0,0,0,0,0,0,0,0,0,1,0
N260948,LAFAYETTE HIGH SCHOOL,F29189,21,MO,41180,"St. Louis, MO-IL",476,"St. Louis-St. Charles-Farmington, MO-IL",2,0,1,0,1,0,3,0,0,0,1,0,2,0,1,0,0,0,0,0
N260965,ELSBERRY HIGH SCHOOL,F29113,42,MO,41180,"St. Louis, MO-IL",476,"St. Louis-St. Charles-Farmington, MO-IL",0,0,0,0,0,0,1,0,0,0,0,0,0,0,0,0,0,0,0,0
N261000,EUREKA HIGH SCHOOL,F29189,31,MO,41180,"St. Louis, MO-IL",476,"St. Louis-St. Charles-Farmington, MO-IL",0,0,0,0,0,0,1,0,0,0,0,0,0,0,0,0,2,0,0,0
N261102,HAZELWOOD CENTRAL SENIOR HIGH SCHOOL,F29189,21,MO,41180,"St. Louis, MO-IL",476,"St. Louis-St. Charles-Farmington, MO-IL",1,0,0,0,0,0,0,0,0,0,0,0,0,0,0,0,0,0,0,0
N261108,HAZELWOOD EAST HIGH SCHOOL,F29189,21,MO,41180,"St. Louis, MO-IL",476,"St. Louis-St. Charles-Farmington, MO-IL",1,0,0,0,1,0,0,0,0,0,0,0,0,0,0,0,0,0,0,0
N261135,CASS-MIDWAY R-I HIGH SCHOOL,F29037,42,MO,28140,"Kansas City, MO-KS",312,"Kansas City-Overland Park-Kansas City, MO-KS",0,0,0,0,0,0,1,0,0,0,0,0,0,0,0,0,0,0,0,0
N261145,FULTON HIGH SCHOOL,F29027,32,MO,27620,"Jefferson City, MO",190,"Columbia-Jefferson City-Moberly, MO",0,0,0,0,0,0,0,0,0,0,1,0,0,0,0,0,0,0,0,0
N261160,GALLATIN R-V HIGH SCHOOL,F29061,43,MO,N,Non_CBSA,N,N,0,0,1,0,0,0,0,0,0,0,0,0,1,0,0,0,0,0,0,0
N261220,GRAIN VALLEY HIGH SCHOOL,F29095,21,MO,28140,"Kansas City, MO-KS",312,"Kansas City-Overland Park-Kansas City, MO-KS",0,0,0,0,0,0,0,0,0,0,0,0,1,0,0,0,0,0,0,0
N261315,PENNEY HIGH SCHOOL,F29025,43,MO,28140,"Kansas City, MO-KS",312,"Kansas City-Overland Park-Kansas City, MO-KS",0,0,0,0,1,0,0,0,0,0,0,0,0,0,0,0,0,0,0,0
N261405,HILLSBORO SENIOR HIGH SCHOOL,F29099,41,MO,41180,"St. Louis, MO-IL",476,"St. Louis-St. Charles-Farmington, MO-IL",0,0,0,0,0,0,0,0,0,0,0,0,1,0,0,0,0,0,0,0
N261507,FORT OSAGE HIGH SCHOOL,F29095,41,MO,28140,"Kansas City, MO-KS",312,"Kansas City-Overland Park-Kansas City, MO-KS",1,0,0,0,0,0,0,0,0,0,0,0,0,0,0,0,0,0,0,0
N261530,JACKSON HIGH SCHOOL,F29031,23,MO,16020,"Cape Girardeau, MO-IL",164,"Cape Girardeau-Sikeston, MO-IL",0,0,0,0,0,0,0,0,0,0,0,0,0,0,0,0,1,0,0,0
N261560,JEFFERSON CITY HIGH SCHOOL,F29051,13,MO,27620,"Jefferson City, MO",190,"Columbia-Jefferson City-Moberly, MO",0,0,0,0,0,0,1,0,1,0,0,0,0,0,0,0,0,0,0,0
N261564,CALVARY LUTHERAN HIGH SCHOOL,F29051,NA,MO,27620,"Jefferson City, MO",190,"Columbia-Jefferson City-Moberly, MO",0,0,0,0,0,0,0,0,0,0,0,0,0,0,1,0,0,0,0,0
N261605,BARSTOW SCHOOL,F29095,NA,MO,28140,"Kansas City, MO-KS",312,"Kansas City-Overland Park-Kansas City, MO-KS",0,0,0,0,0,0,0,0,0,0,0,0,0,0,1,0,0,0,0,0
N261609,FRONTIER SCHOOL OF EXCELLENCE,F29095,11,MO,28140,"Kansas City, MO-KS",312,"Kansas City-Overland Park-Kansas City, MO-KS",0,0,1,0,0,0,0,0,1,0,0,0,0,0,0,0,0,0,0,0
N261635,NOTRE DAME DE SION HIGH SCHOOL,F29095,11,MO,28140,"Kansas City, MO-KS",312,"Kansas City-Overland Park-Kansas City, MO-KS",0,0,0,0,0,0,0,0,0,0,1,0,0,0,0,0,0,0,0,0
N261658,STALEY HIGH,F29047,11,MO,28140,"Kansas City, MO-KS",312,"Kansas City-Overland Park-Kansas City, MO-KS",0,0,1,0,0,0,0,0,0,0,0,0,2,0,1,0,0,0,2,0
N261667,OAK PARK HIGH SCHOOL,F29047,11,MO,28140,"Kansas City, MO-KS",312,"Kansas City-Overland Park-Kansas City, MO-KS",0,0,0,0,0,0,0,0,0,0,2,0,0,0,0,0,0,0,0,0
N261668,ST MICHAEL THE ARCHANGEL CATHOLIC HIGH SCHOOL,F29095,41,MO,28140,"Kansas City, MO-KS",312,"Kansas City-Overland Park-Kansas City, MO-KS",0,0,1,0,0,0,0,0,0,0,0,0,0,0,0,0,0,0,0,0
N261685,ROCKHURST HIGH SCHOOL,F29095,11,MO,28140,"Kansas City, MO-KS",312,"Kansas City-Overland Park-Kansas City, MO-KS",1,0,1,0,0,0,2,0,2,0,3,0,2,0,1,0,0,0,1,0
N261700,ST TERESA'S ACADEMY,F29095,11,MO,28140,"Kansas City, MO-KS",312,"Kansas City-Overland Park-Kansas City, MO-KS",0,0,1,0,0,0,0,0,0,0,0,0,0,0,0,0,0,0,0,0
N261715,PEMBROKE HILL SCHOOL,F29095,11,MO,28140,"Kansas City, MO-KS",312,"Kansas City-Overland Park-Kansas City, MO-KS",1,0,0,0,0,0,0,0,0,0,0,0,0,0,0,0,1,0,0,0
N261719,UNIVERSITY LEADERSHIP ACADEMY,F29095,11,MO,28140,"Kansas City, MO-KS",312,"Kansas City-Overland Park-Kansas City, MO-KS",0,0,0,0,0,0,1,0,0,0,0,0,0,0,0,0,0,0,0,0
N261720,VAN HORN HIGH SCHOOL,F29095,11,MO,28140,"Kansas City, MO-KS",312,"Kansas City-Overland Park-Kansas City, MO-KS",0,0,1,0,0,0,0,0,0,0,0,0,0,0,0,0,0,0,0,0
N261733,WINNETONKA HIGH SCHOOL,F29047,11,MO,28140,"Kansas City, MO-KS",312,"Kansas City-Overland Park-Kansas City, MO-KS",1,0,0,0,0,0,2,0,0,0,0,0,0,0,0,0,0,0,0,0
N261735,KEARNEY R-I SENIOR HIGH SCHOOL,F29047,31,MO,28140,"Kansas City, MO-KS",312,"Kansas City-Overland Park-Kansas City, MO-KS",1,0,0,0,1,0,0,0,0,0,0,0,0,0,0,0,0,0,0,0
N261775,KIRKSVILLE SENIOR HIGH SCHOOL,F29001,33,MO,28860,"Kirksville, MO",N,N,1,0,1,0,0,0,0,0,0,0,0,0,0,0,0,0,0,0,0,0
N261780,ST JOHN VIANNEY HS,F29189,21,MO,41180,"St. Louis, MO-IL",476,"St. Louis-St. Charles-Farmington, MO-IL",0,0,0,0,0,0,0,0,0,0,1,0,0,0,0,0,0,0,0,0
N261782,KIRKWOOD HIGH SCHOOL,F29189,21,MO,41180,"St. Louis, MO-IL",476,"St. Louis-St. Charles-Farmington, MO-IL",0,0,1,0,1,0,2,0,0,0,0,0,0,0,4,0,0,0,3,0
N261800,KNOB NOSTER HIGH SCHOOL,F29101,32,MO,47660,"Warrensburg, MO",312,"Kansas City-Overland Park-Kansas City, MO-KS",0,0,0,0,0,0,0,0,0,0,0,0,0,0,0,0,1,0,0,0
N261835,SCHOOL OF THE OSAGE HIGH SCHOOL,F29131,41,MO,N,Non_CBSA,N,N,0,0,0,0,0,0,0,0,0,0,0,0,0,0,0,0,1,0,0,0
N261848,LIBERTY HIGH SCHOOL,F29183,21,MO,41180,"St. Louis, MO-IL",476,"St. Louis-St. Charles-Farmington, MO-IL",0,0,0,0,1,0,0,0,0,0,0,0,0,0,0,0,2,0,0,0
N261865,LATHROP HIGH SCHOOL,F29049,42,MO,28140,"Kansas City, MO-KS",312,"Kansas City-Overland Park-Kansas City, MO-KS",1,0,2,0,0,0,0,0,0,0,0,0,0,0,0,0,0,0,0,0
N261880,WEST COUNTY HIGH SCHOOL,F29187,42,MO,22100,"Farmington, MO",476,"St. Louis-St. Charles-Farmington, MO-IL",0,0,0,0,0,0,0,0,0,0,1,0,0,0,0,0,0,0,0,0
N261890,LEBANON HIGH SCHOOL,F29105,33,MO,30060,"Lebanon, MO",N,N,0,0,0,0,0,0,0,0,0,0,0,0,0,0,1,0,1,0,0,0
N261900,LEES SUMMIT SENIOR HIGH SCHOOL,F29095,23,MO,28140,"Kansas City, MO-KS",312,"Kansas City-Overland Park-Kansas City, MO-KS",0,0,2,0,2,0,0,0,1,0,0,0,0,0,3,0,0,0,0,0
N261901,LEES SUMMIT NORTH HIGH SCHOOL,F29095,23,MO,28140,"Kansas City, MO-KS",312,"Kansas City-Overland Park-Kansas City, MO-KS",0,0,3,0,1,0,1,0,0,0,0,0,1,0,2,0,0,0,3,0
N261903,LEES SUMMIT WEST HIGH SCHOOL,F29095,41,MO,28140,"Kansas City, MO-KS",312,"Kansas City-Overland Park-Kansas City, MO-KS",1,0,1,0,0,0,2,0,0,0,0,0,3,0,1,0,1,0,0,0
N261920,MEHLVILLE SENIOR HIGH SCHOOL,F29189,21,MO,41180,"St. Louis, MO-IL",476,"St. Louis-St. Charles-Farmington, MO-IL",0,0,0,0,1,0,0,0,0,0,0,0,0,0,0,0,0,0,0,0
N261967,LIBERTY NORTH HIGH SCHOOL,F29047,41,MO,28140,"Kansas City, MO-KS",312,"Kansas City-Overland Park-Kansas City, MO-KS",2,0,6,0,1,0,0,0,3,0,1,0,3,0,4,0,0,0,1,0
N261970,LIBERTY HIGH SCHOOL,F29047,21,MO,28140,"Kansas City, MO-KS",312,"Kansas City-Overland Park-Kansas City, MO-KS",2,0,0,0,0,0,3,0,0,0,1,0,1,0,0,0,0,0,3,0
N262045,MACON R-I HIGH SCHOOL,F29121,33,MO,N,Non_CBSA,N,N,0,0,1,0,0,0,0,0,0,0,0,0,0,0,0,0,0,0,0,0
N262135,MARYVILLE HIGH SCHOOL,F29147,33,MO,32340,"Maryville, MO",N,N,0,0,1,0,1,0,2,0,0,0,0,0,0,0,0,0,0,0,0,0
N262165,SCOTLAND COUNTY HIGH SCHOOL,F29199,43,MO,N,Non_CBSA,N,N,0,0,0,0,0,0,1,0,0,0,0,0,0,0,0,0,0,0,0,0
N262190,MEXICO SENIOR HIGH SCHOOL,F29007,32,MO,33020,"Mexico, MO",190,"Columbia-Jefferson City-Moberly, MO",1,0,0,0,0,0,0,0,0,0,0,0,0,0,0,0,0,0,0,0
N262420,NIXA HIGH SCHOOL,F29043,21,MO,44180,"Springfield, MO",N,N,1,0,0,0,0,0,0,0,0,0,1,0,1,0,0,0,1,0,0,0
N262480,ST DOMINIC HIGH SCHOOL,F29183,21,MO,41180,"St. Louis, MO-IL",476,"St. Louis-St. Charles-Farmington, MO-IL",1,0,0,0,0,0,0,0,0,0,0,0,0,0,0,0,0,0,0,0
N262483,FORT ZUMWALT NORTH HIGH SCHOOL,F29183,21,MO,41180,"St. Louis, MO-IL",476,"St. Louis-St. Charles-Farmington, MO-IL",0,0,0,0,0,0,0,0,1,0,0,0,2,0,0,0,0,0,0,0
N262488,FORT ZUMWALT WEST HIGH SCHOOL,F29183,21,MO,41180,"St. Louis, MO-IL",476,"St. Louis-St. Charles-Farmington, MO-IL",0,0,0,0,0,0,3,0,0,0,0,0,1,0,0,0,0,0,0,0
N262515,RITENOUR HIGH SCHOOL,F29189,21,MO,41180,"St. Louis, MO-IL",476,"St. Louis-St. Charles-Farmington, MO-IL",0,0,0,0,0,0,0,0,0,0,0,0,0,0,0,0,0,0,1,0
N262545,PARK HILL SENIOR HIGH SCHOOL,F29165,11,MO,28140,"Kansas City, MO-KS",312,"Kansas City-Overland Park-Kansas City, MO-KS",0,0,0,0,0,0,0,0,0,0,0,0,2,0,0,0,0,0,1,0
N262575,PATTONVILLE HIGH SCHOOL,F29189,21,MO,41180,"St. Louis, MO-IL",476,"St. Louis-St. Charles-Farmington, MO-IL",0,0,0,0,0,0,1,0,0,0,1,0,0,0,0,0,0,0,0,0
N262580,RAYMORE-PECULIAR HIGH SCHOOL,F29037,31,MO,28140,"Kansas City, MO-KS",312,"Kansas City-Overland Park-Kansas City, MO-KS",0,0,0,0,0,0,0,0,2,0,1,0,0,0,0,0,0,0,0,0
N262640,PLATTE CITY HIGH SCHOOL,F29165,31,MO,28140,"Kansas City, MO-KS",312,"Kansas City-Overland Park-Kansas City, MO-KS",0,0,0,0,0,0,1,0,0,0,1,0,0,0,0,0,2,0,0,0
N262645,PLATTSBURG HIGH SCHOOL,F29049,42,MO,28140,"Kansas City, MO-KS",312,"Kansas City-Overland Park-Kansas City, MO-KS",0,0,0,0,0,0,0,0,1,0,0,0,0,0,0,0,0,0,0,0
N262705,PRINCETON HIGH SCHOOL,F29129,43,MO,N,Non_CBSA,N,N,1,0,0,0,0,0,0,0,0,0,0,0,0,0,0,0,0,0,0,0
N262750,RAYTOWN SENIOR HIGH SCHOOL,F29095,21,MO,28140,"Kansas City, MO-KS",312,"Kansas City-Overland Park-Kansas City, MO-KS",0,0,0,0,0,0,1,0,0,0,0,0,0,0,0,0,0,0,0,0
N262802,PARK HILL SOUTH HIGH SCHOOL,F29165,21,MO,28140,"Kansas City, MO-KS",312,"Kansas City-Overland Park-Kansas City, MO-KS",0,0,0,0,0,0,0,0,1,0,0,0,1,0,2,0,0,0,0,0
N262844,FRANCIS HOWELL NORTH HIGH SCHOOL,F29183,21,MO,41180,"St. Louis, MO-IL",476,"St. Louis-St. Charles-Farmington, MO-IL",1,0,0,0,0,0,0,0,0,0,0,0,0,0,1,0,0,0,1,0
N262845,FRANCIS HOWELL HIGH SCHOOL,F29183,41,MO,41180,"St. Louis, MO-IL",476,"St. Louis-St. Charles-Farmington, MO-IL",0,0,2,0,1,0,0,0,1,0,1,0,2,0,0,0,0,0,0,0
N262846,LUTHERAN HIGH SCHOOL OF ST CHARLES COUNTY,F29183,21,MO,41180,"St. Louis, MO-IL",476,"St. Louis-St. Charles-Farmington, MO-IL",0,0,0,0,1,0,1,0,0,0,0,0,1,0,0,0,0,0,0,0
N262851,FRANCIS HOWELL CENTRAL,F29183,21,MO,41180,"St. Louis, MO-IL",476,"St. Louis-St. Charles-Farmington, MO-IL",0,0,0,0,1,0,0,0,0,0,0,0,1,0,0,0,0,0,2,0
N262852,SAINT CHARLES WEST HIGH SCHOOL,F29183,13,MO,41180,"St. Louis, MO-IL",476,"St. Louis-St. Charles-Farmington, MO-IL",0,0,0,0,0,0,0,0,0,0,0,0,1,0,1,0,0,0,0,0
N262870,SAINTE GENEVIEVE HIGH SCHOOL,F29186,32,MO,N,Non_CBSA,N,N,1,0,0,0,0,0,0,0,0,0,0,0,0,0,0,0,0,0,0,0
N262895,CENTRAL HIGH SCHOOL,F29021,13,MO,41140,"St. Joseph, MO-KS",312,"Kansas City-Overland Park-Kansas City, MO-KS",0,0,0,0,0,0,0,0,0,0,2,0,0,0,0,0,0,0,1,0
N262918,COLLEGIATE SCHOOL MED/BIOSCI,F29510,11,MO,41180,"St. Louis, MO-IL",476,"St. Louis-St. Charles-Farmington, MO-IL",0,0,0,0,0,0,0,0,0,0,1,0,0,0,0,0,0,0,0,0
N262931,BISHOP DUBOURG HIGH SCHOOL,F29510,NA,MO,41180,"St. Louis, MO-IL",476,"St. Louis-St. Charles-Farmington, MO-IL",0,0,0,0,0,0,0,0,0,0,0,0,0,0,0,0,1,0,0,0
N262940,CHRISTIAN BROTHERS COLLEGE HIGH SCHOOL,F29189,21,MO,41180,"St. Louis, MO-IL",476,"St. Louis-St. Charles-Farmington, MO-IL",0,0,0,0,0,0,0,0,0,0,1,0,0,0,2,0,0,0,0,0
N262961,GATEWAY SCIENCE ACADEMY,F29510,NA,MO,41180,"St. Louis, MO-IL",476,"St. Louis-St. Charles-Farmington, MO-IL",0,0,0,0,0,0,0,0,0,0,0,0,0,0,0,0,0,0,1,0
N262970,LADUE HORTON WATKINS HIGH SCHOOL,F29189,21,MO,41180,"St. Louis, MO-IL",476,"St. Louis-St. Charles-Farmington, MO-IL",0,0,1,0,0,0,0,0,0,0,0,0,0,0,0,0,1,0,0,0
N262980,LINDBERGH HIGH SCHOOL,F29189,21,MO,41180,"St. Louis, MO-IL",476,"St. Louis-St. Charles-Farmington, MO-IL",0,0,1,0,0,0,0,0,0,0,0,0,0,0,0,0,0,0,1,0
N262987,LUTHERAN HIGH SCHOOL SOUTH,F29189,NA,MO,41180,"St. Louis, MO-IL",476,"St. Louis-St. Charles-Farmington, MO-IL",0,0,0,0,0,0,0,0,0,0,0,0,1,0,0,0,0,0,0,0
N262994,METRO ACADEMIC AND CLASSICAL HIGH SCHOOL,F29510,11,MO,41180,"St. Louis, MO-IL",476,"St. Louis-St. Charles-Farmington, MO-IL",0,0,0,0,1,0,0,0,0,0,0,0,0,0,0,0,0,0,0,0
N263001,OAKVILLE SENIOR HIGH SCHOOL,F29189,21,MO,41180,"St. Louis, MO-IL",476,"St. Louis-St. Charles-Farmington, MO-IL",0,0,0,0,1,0,0,0,0,0,1,0,0,0,0,0,0,0,0,0
N263015,RIVERVIEW GARDENS SENIOR HIGH SCHOOL,F29189,21,MO,41180,"St. Louis, MO-IL",476,"St. Louis-St. Charles-Farmington, MO-IL",2,0,0,0,0,0,0,0,0,0,0,0,0,0,0,0,0,0,0,0
N263020,THEODORE ROOSEVELT HIGH SCHOOL,F29510,11,MO,41180,"St. Louis, MO-IL",476,"St. Louis-St. Charles-Farmington, MO-IL",0,0,0,0,0,0,0,0,0,0,1,0,0,0,0,0,0,0,0,0
N263055,ST JOSEPH'S ACADEMY,F29189,NA,MO,41180,"St. Louis, MO-IL",476,"St. Louis-St. Charles-Farmington, MO-IL",0,0,0,0,0,0,0,0,0,0,0,0,0,0,0,0,1,0,0,0
N263065,ST LOUIS UNIVERSITY HIGH SCHOOL,F29510,11,MO,41180,"St. Louis, MO-IL",476,"St. Louis-St. Charles-Farmington, MO-IL",0,0,1,0,1,0,0,0,1,0,1,0,0,0,0,0,0,0,1,0
N263104,MCKINLEY CLASSICAL LDRSHP ACAD,F29510,NA,MO,41180,"St. Louis, MO-IL",476,"St. Louis-St. Charles-Farmington, MO-IL",0,0,0,0,0,0,0,0,0,0,0,0,0,0,0,0,0,0,1,0
N263132,FT. ZUMWALT EAST HIGH,F29183,21,MO,41180,"St. Louis, MO-IL",476,"St. Louis-St. Charles-Farmington, MO-IL",0,0,0,0,0,0,0,0,0,0,1,0,0,0,0,0,1,0,0,0
N263137,FORT ZUMWALT SOUTH HIGH SCHOOL,F29183,21,MO,41180,"St. Louis, MO-IL",476,"St. Louis-St. Charles-Farmington, MO-IL",1,0,0,0,0,0,0,0,1,0,0,0,1,0,0,0,1,0,0,0
N263175,SACRED HEART HIGH SCHOOL,F29159,NA,MO,42740,"Sedalia, MO",N,N,0,0,0,0,0,0,0,0,0,0,0,0,0,0,0,0,1,0,0,0
N263197,ROCKWOOD SUMMIT HIGH SCHOOL,F29189,21,MO,41180,"St. Louis, MO-IL",476,"St. Louis-St. Charles-Farmington, MO-IL",0,0,0,0,0,0,0,0,0,0,1,0,0,0,0,0,0,0,1,0
N263255,SMITHVILLE HIGH SCHOOL,F29047,31,MO,28140,"Kansas City, MO-KS",312,"Kansas City-Overland Park-Kansas City, MO-KS",0,0,0,0,0,0,0,0,1,0,0,0,0,0,0,0,0,0,0,0
N263283,GLENDALE HIGH SCHOOL,F29077,12,MO,44180,"Springfield, MO",N,N,0,0,0,0,0,0,0,0,0,0,0,0,0,0,0,0,0,0,1,0
N263291,NEW COVENANT ACADEMY,F29077,NA,MO,44180,"Springfield, MO",N,N,0,0,0,0,0,0,0,0,0,0,0,0,0,0,0,0,0,0,2,0
N263380,TARKIO HIGH SCHOOL,F29005,43,MO,N,Non_CBSA,N,N,0,0,0,0,0,0,0,0,0,0,0,0,1,0,0,0,0,0,0,0
N263405,TRENTON SENIOR HIGH SCHOOL,F29079,33,MO,N,Non_CBSA,N,N,1,0,0,0,0,0,0,0,0,0,0,0,0,0,0,0,0,0,0,0
N263445,UNIVERSITY CITY HIGH SCHOOL,F29189,21,MO,41180,"St. Louis, MO-IL",476,"St. Louis-St. Charles-Farmington, MO-IL",0,0,0,0,0,0,0,0,0,0,2,0,1,0,0,0,0,0,0,0
N263537,WASHINGTON HIGH SCHOOL,F29071,32,MO,41180,"St. Louis, MO-IL",476,"St. Louis-St. Charles-Farmington, MO-IL",0,0,0,0,0,0,0,0,0,0,0,0,0,0,1,0,0,0,0,0
N263573,WEBSTER GROVES HIGH SCHOOL,F29189,21,MO,41180,"St. Louis, MO-IL",476,"St. Louis-St. Charles-Farmington, MO-IL",0,0,0,0,1,0,0,0,1,0,0,0,0,0,0,0,0,0,0,0
N263591,TIMBERLAND HIGH,F29183,21,MO,41180,"St. Louis, MO-IL",476,"St. Louis-St. Charles-Farmington, MO-IL",0,0,2,0,0,0,1,0,0,0,0,0,0,0,0,0,0,0,0,0
N263600,WEST PLATTE JUNIOR SENIOR HIGH SCHOOL,F29165,42,MO,28140,"Kansas City, MO-KS",312,"Kansas City-Overland Park-Kansas City, MO-KS",0,0,0,0,0,0,0,0,0,0,0,0,1,0,1,0,0,0,0,0
N263650,WINDSOR HIGH SCHOOL,F29083,43,MO,N,Non_CBSA,N,N,1,0,0,0,0,0,0,0,0,0,0,0,0,0,0,0,0,0,0,0
N270100,BOZEMAN HIGH SCHOOL,F30031,13,MT,14580,"Bozeman, MT",N,N,0,0,0,0,0,0,0,0,1,0,0,0,0,0,0,0,0,0,0,0
N270195,CHOTEAU HIGH SCHOOL,F30099,43,MT,N,Non_CBSA,N,N,0,0,0,0,0,0,1,0,0,0,0,0,0,0,0,0,0,0,0,0
N270380,GLASGOW SENIOR HIGH SCHOOL,F30105,43,MT,N,Non_CBSA,N,N,0,0,0,0,0,0,0,0,0,0,0,0,0,0,0,0,0,0,1,0
N270464,MONARCH SCHOOL,F30089,43,MT,N,Non_CBSA,N,N,1,0,0,0,0,0,0,0,0,0,0,0,0,0,0,0,0,0,0,0
N280006,ELKHORN NORTH HIGH SCHOOL,F31055,NA,NE,36540,"Omaha, NE-IA",420,"Omaha-Fremont, NE-IA",0,0,0,0,0,0,0,0,0,0,0,0,0,0,0,0,3,0,2,0
N280040,ALMA HIGH SCHOOL,F31083,43,NE,N,Non_CBSA,N,N,0,0,0,0,0,0,0,0,0,0,0,0,0,0,0,0,0,0,1,0
N280050,AMHERST HIGH SCHOOL,F31019,43,NE,28260,"Kearney, NE",N,N,0,0,0,0,0,0,0,0,0,0,0,0,0,0,0,0,1,0,0,0
N280115,AUBURN SENIOR HIGH SCHOOL,F31127,43,NE,N,Non_CBSA,N,N,0,0,0,0,2,0,0,0,0,0,0,0,0,0,0,0,0,0,0,0
N280175,BEATRICE HIGH SCHOOL,F31067,32,NE,13100,"Beatrice, NE",339,"Lincoln-Beatrice, NE",0,0,0,0,1,0,1,0,0,0,0,0,1,0,0,0,1,0,0,0
N280205,BELLEVUE EAST HIGH SCHOOL,F31153,21,NE,36540,"Omaha, NE-IA",420,"Omaha-Fremont, NE-IA",1,0,0,0,1,0,1,0,0,0,0,0,0,0,1,0,1,0,0,0
N280206,BELLEVUE WEST SENIOR HIGH SCHOOL,F31153,21,NE,36540,"Omaha, NE-IA",420,"Omaha-Fremont, NE-IA",0,0,0,0,0,0,0,0,0,0,0,0,1,0,2,0,1,0,0,0
N280240,BENNINGTON PUBLIC HIGH SCHOOL,F31055,41,NE,36540,"Omaha, NE-IA",420,"Omaha-Fremont, NE-IA",1,0,1,0,0,0,3,0,0,0,0,0,0,0,0,0,1,0,4,0
N280265,BLAIR HIGH SCHOOL,F31177,32,NE,36540,"Omaha, NE-IA",420,"Omaha-Fremont, NE-IA",1,0,0,0,1,0,0,0,0,0,0,0,0,0,0,0,0,0,0,0
N280295,BOYS TOWN HS CAREER CTR,F31055,21,NE,36540,"Omaha, NE-IA",420,"Omaha-Fremont, NE-IA",0,0,0,0,0,0,1,0,0,0,0,0,0,0,0,0,0,0,0,0
N280520,SCOTUS CENTRAL CATHOLIC H S,F31141,33,NE,18100,"Columbus, NE",N,N,0,0,1,0,0,0,0,0,0,0,0,0,0,0,0,0,0,0,1,0
N280525,COLUMBUS SENIOR HIGH SCHOOL,F31141,33,NE,18100,"Columbus, NE",N,N,1,0,0,0,0,0,0,0,0,0,1,0,0,0,1,0,0,0,0,0
N280585,CRETE HIGH SCHOOL,F31151,41,NE,N,Non_CBSA,N,N,0,0,0,0,0,0,0,0,0,0,1,0,0,0,0,0,0,0,0,0
N280632,AQUINAS MIDDLE HIGH SCHOOL,F31023,41,NE,N,Non_CBSA,N,N,0,0,0,0,1,0,0,0,0,0,0,0,0,0,0,0,0,0,0,0
N280755,ELKHORN HIGH SCHOOL,F31055,11,NE,36540,"Omaha, NE-IA",420,"Omaha-Fremont, NE-IA",1,0,1,0,0,0,0,0,3,0,0,0,0,0,0,0,0,0,0,0
N280757,MOUNT MICHAEL BENEDICTINE HS,F31055,41,NE,36540,"Omaha, NE-IA",420,"Omaha-Fremont, NE-IA",0,0,1,0,1,0,0,0,0,0,1,0,1,0,2,0,1,0,5,0
N280875,FREMONT SENIOR HIGH SCHOOL,F31053,32,NE,23340,"Fremont, NE",420,"Omaha-Fremont, NE-IA",1,0,1,0,1,0,1,0,0,0,0,0,0,0,0,0,0,0,1,0
N280940,GOTHENBURG PUBLIC SCHOOL,F31047,43,NE,30420,"Lexington, NE",N,N,0,0,0,0,0,0,0,0,0,0,1,0,0,0,0,0,0,0,0,0
N280955,GRAND ISLAND SENIOR HIGH SCHOOL,F31079,13,NE,24260,"Grand Island, NE",N,N,0,0,1,0,1,0,0,0,0,0,0,0,0,0,1,0,0,0,0,0
N280985,GRETNA HIGH SCHOOL,F31153,21,NE,36540,"Omaha, NE-IA",420,"Omaha-Fremont, NE-IA",0,0,0,0,1,0,3,0,1,0,0,0,2,0,0,0,3,0,0,0
N281050,SAINT CECILIA HIGH SCHOOL,F31001,32,NE,25580,"Hastings, NE",N,N,0,0,0,0,0,0,0,0,0,0,1,0,1,0,0,0,0,0,0,0
N281100,NORRIS HIGH SCHOOL,F31109,42,NE,30700,"Lincoln, NE",339,"Lincoln-Beatrice, NE",0,0,0,0,0,0,0,0,0,0,0,0,0,0,0,0,1,0,1,0
N281215,HIGH SCHOOL AT JOHNSON,F31127,43,NE,N,Non_CBSA,N,N,0,0,0,0,0,0,0,0,0,0,0,0,1,0,0,0,0,0,0,0
N281225,ADAMS CENTRAL HIGH SCHOOL,F31001,41,NE,25580,"Hastings, NE",N,N,0,0,0,0,0,0,0,0,0,0,1,0,1,0,0,0,0,0,0,0
N281230,KEARNEY HIGH SCHOOL,F31019,32,NE,28260,"Kearney, NE",N,N,1,0,0,0,1,0,0,0,0,0,0,0,0,0,1,0,0,0,0,0
N281302,LINCOLN CHRISTIAN ELEM/JR-SR,F31109,NA,NE,30700,"Lincoln, NE",339,"Lincoln-Beatrice, NE",0,0,0,0,0,0,0,0,0,0,0,0,0,0,0,0,0,0,1,0
N281303,LINCOLN EAST HIGH SCHOOL,F31109,11,NE,30700,"Lincoln, NE",339,"Lincoln-Beatrice, NE",1,0,0,0,0,0,0,0,1,0,0,0,0,0,0,0,0,0,2,0
N281304,NORTH STAR HIGH SCHOOL,F31109,11,NE,30700,"Lincoln, NE",339,"Lincoln-Beatrice, NE",0,0,0,0,0,0,0,0,0,0,0,0,0,0,0,0,2,0,0,0
N281305,LINCOLN HIGH SCHOOL,F31109,11,NE,30700,"Lincoln, NE",339,"Lincoln-Beatrice, NE",0,0,1,0,0,0,0,0,1,0,0,0,0,0,0,0,0,0,0,0
N281306,LINCOLN LUTHERAN MIDDLE/HIGH SCHOOL,F31109,11,NE,30700,"Lincoln, NE",339,"Lincoln-Beatrice, NE",0,0,0,0,1,0,0,0,0,0,0,0,0,0,0,0,0,0,0,0
N281309,LINCOLN SOUTHWEST HIGH SCHOOL,F31109,11,NE,30700,"Lincoln, NE",339,"Lincoln-Beatrice, NE",0,0,0,0,0,0,1,0,2,0,0,0,1,0,1,0,1,0,0,0
N281310,LINCOLN NORTHEAST HIGH SCHOOL,F31109,11,NE,30700,"Lincoln, NE",339,"Lincoln-Beatrice, NE",0,0,0,0,0,0,0,0,1,0,0,0,0,0,0,0,1,0,0,0
N281315,PIUS X HIGH SCHOOL,F31109,11,NE,30700,"Lincoln, NE",339,"Lincoln-Beatrice, NE",0,0,0,0,0,0,0,0,1,0,1,0,0,0,4,0,0,0,1,0
N281318,LINCOLN SOUTHEAST HIGH SCHOOL,F31109,11,NE,30700,"Lincoln, NE",339,"Lincoln-Beatrice, NE",2,0,0,0,0,0,0,0,0,0,0,0,0,0,0,0,0,0,0,0
N281355,LOOMIS HIGH SCHOOL,F31137,42,NE,N,Non_CBSA,N,N,1,0,0,0,0,0,0,0,0,0,0,0,0,0,0,0,0,0,0,0
N281360,LOUISVILLE HIGH SCHOOL,F31025,42,NE,36540,"Omaha, NE-IA",420,"Omaha-Fremont, NE-IA",0,0,0,0,0,0,0,0,0,0,0,0,0,0,0,0,0,0,1,0
N281400,MALCOLM HIGH SCHOOL,F31109,41,NE,30700,"Lincoln, NE",339,"Lincoln-Beatrice, NE",0,0,0,0,0,0,0,0,0,0,0,0,0,0,0,0,0,0,1,0
N281475,MEAD HIGH SCHOOL,F31155,42,NE,36540,"Omaha, NE-IA",420,"Omaha-Fremont, NE-IA",0,0,0,0,0,0,0,0,0,0,0,0,0,0,0,0,1,0,0,0
N281505,MILLARD SOUTH HIGH SCHOOL,F31055,11,NE,36540,"Omaha, NE-IA",420,"Omaha-Fremont, NE-IA",0,0,1,0,2,0,1,0,2,0,1,0,1,0,0,0,1,0,1,0
N281506,MILLARD NORTH HIGH SCHOOL,F31055,11,NE,36540,"Omaha, NE-IA",420,"Omaha-Fremont, NE-IA",0,0,1,0,2,0,2,0,3,0,3,0,4,0,3,0,0,0,2,0
N281580,CONESTOGA HIGH SCHOOL,F31025,42,NE,36540,"Omaha, NE-IA",420,"Omaha-Fremont, NE-IA",1,0,0,0,0,0,0,0,0,0,0,0,0,0,0,0,0,0,0,0
N281615,NORFOLK CATHOLIC SENIOR HS,F31119,33,NE,35740,"Norfolk, NE",N,N,0,0,0,0,1,0,0,0,0,0,0,0,0,0,0,0,0,0,0,0
N281620,NORFOLK SENIOR HIGH SCHOOL,F31119,33,NE,35740,"Norfolk, NE",N,N,0,0,0,0,0,0,0,0,0,0,0,0,0,0,1,0,1,0,0,0
N281621,LUTHERAN HIGH NORTHEAST,F31119,41,NE,35740,"Norfolk, NE",N,N,0,0,1,0,0,0,0,0,0,0,0,0,0,0,0,0,0,0,0,0
N281625,NORTH BEND CENTRAL JUNIOR SENIOR HIGH SCHOOL,F31053,43,NE,23340,"Fremont, NE",420,"Omaha-Fremont, NE-IA",0,0,0,0,0,0,0,0,0,0,0,0,0,0,0,0,1,0,0,0
N281640,NORTH PLATTE HIGH SCHOOL,F31111,33,NE,35820,"North Platte, NE",N,N,0,0,0,0,0,0,0,0,0,0,1,0,0,0,0,0,0,0,0,0
N281685,DUCHESNE ACADEMY OF THE SACRED HEART,F31055,11,NE,36540,"Omaha, NE-IA",420,"Omaha-Fremont, NE-IA",0,0,1,0,0,0,0,0,0,0,0,0,0,0,2,0,2,0,2,0
N281690,BENSON HIGH SCHOOL,F31055,11,NE,36540,"Omaha, NE-IA",420,"Omaha-Fremont, NE-IA",1,0,0,0,0,0,0,0,0,0,0,0,0,0,0,0,0,0,0,0
N281695,BROWNELL TALBOT SCHOOLS,F31055,11,NE,36540,"Omaha, NE-IA",420,"Omaha-Fremont, NE-IA",0,0,2,0,0,0,0,0,2,0,0,0,0,0,1,0,0,0,1,0
N281705,CENTRAL HIGH SCHOOL,F31055,11,NE,36540,"Omaha, NE-IA",420,"Omaha-Fremont, NE-IA",2,0,1,0,0,0,1,0,1,0,2,0,1,0,1,0,1,0,0,0
N281706,CONCORDIA LUTHERAN JR/SR HS,F31055,21,NE,36540,"Omaha, NE-IA",420,"Omaha-Fremont, NE-IA",0,0,0,0,0,0,0,0,0,0,1,0,0,0,0,0,1,0,3,0
N281708,ELKHORN SOUTH HIGH SCHOOL,F31055,21,NE,36540,"Omaha, NE-IA",420,"Omaha-Fremont, NE-IA",6,0,3,0,6,0,8,0,2,0,2,0,1,0,1,0,4,0,3,0
N281710,CREIGHTON PREPARATORY SCHOOL,F31055,11,NE,36540,"Omaha, NE-IA",420,"Omaha-Fremont, NE-IA",5,0,3,0,2,0,1,0,1,0,2,0,2,0,5,0,2,0,4,0
N281712,DANIEL J GROSS CATHOLIC HS,F31153,21,NE,36540,"Omaha, NE-IA",420,"Omaha-Fremont, NE-IA",0,0,0,0,0,0,0,0,1,0,1,0,0,0,1,0,0,0,1,0
N281716,HARRY A BURKE SENIOR HIGH SCHOOL,F31055,11,NE,36540,"Omaha, NE-IA",420,"Omaha-Fremont, NE-IA",0,0,0,0,0,0,2,0,1,0,0,0,1,0,2,0,1,0,0,0
N281718,MARIAN HIGH SCHOOL,F31055,11,NE,36540,"Omaha, NE-IA",420,"Omaha-Fremont, NE-IA",1,0,1,0,0,0,1,0,1,0,1,0,1,0,1,0,1,0,1,0
N281719,MERCY HIGH SCHOOL,F31055,11,NE,36540,"Omaha, NE-IA",420,"Omaha-Fremont, NE-IA",0,0,0,0,0,0,1,0,0,0,0,0,1,0,0,0,3,0,0,0
N281720,NORTH HIGH SCHOOL,F31055,11,NE,36540,"Omaha, NE-IA",420,"Omaha-Fremont, NE-IA",1,0,1,0,0,0,2,0,1,0,1,0,0,0,2,0,0,0,0,0
N281722,NORTHWEST HIGH SCHOOL,F31055,11,NE,36540,"Omaha, NE-IA",420,"Omaha-Fremont, NE-IA",0,0,0,0,0,0,1,0,0,0,0,0,0,0,0,0,0,0,0,0
N281723,MILLARD WEST HIGH SCHOOL,F31055,11,NE,36540,"Omaha, NE-IA",420,"Omaha-Fremont, NE-IA",2,0,4,0,3,0,2,0,3,0,0,0,4,0,1,0,2,0,4,0
N281738,RONCALLI CATHOLIC HIGH SCHOOL,F31055,11,NE,36540,"Omaha, NE-IA",420,"Omaha-Fremont, NE-IA",1,0,0,0,0,0,0,0,0,0,0,0,0,0,1,0,1,0,0,0
N281760,SOUTH HIGH SCHOOL,F31055,11,NE,36540,"Omaha, NE-IA",420,"Omaha-Fremont, NE-IA",0,0,1,0,0,0,0,0,0,0,1,0,0,0,0,0,0,0,0,0
N281765,OMAHA CHRISTIAN ACADEMY,F31055,11,NE,36540,"Omaha, NE-IA",420,"Omaha-Fremont, NE-IA",0,0,0,0,0,0,0,0,0,0,0,0,0,0,0,0,0,0,1,0
N281770,WESTSIDE HIGH SCHOOL,F31055,11,NE,36540,"Omaha, NE-IA",420,"Omaha-Fremont, NE-IA",0,0,3,0,1,0,1,0,0,0,1,0,1,0,2,0,0,0,1,0
N281771,VJ & ANGELA SKUTT CATHOLIC HIGH SCHOOL,F31055,11,NE,36540,"Omaha, NE-IA",420,"Omaha-Fremont, NE-IA",2,0,1,0,0,0,0,0,0,0,2,0,5,0,0,0,0,0,1,0
N281772,WILLIAM JENNINGS BRYAN HIGH SCHOOL,F31153,21,NE,36540,"Omaha, NE-IA",420,"Omaha-Fremont, NE-IA",0,0,0,0,0,0,0,0,0,0,0,0,1,0,0,0,0,0,0,0
N281860,PAPILLION-LA VISTA HIGH SCHOOL,F31153,21,NE,36540,"Omaha, NE-IA",420,"Omaha-Fremont, NE-IA",0,0,1,0,3,0,3,0,0,0,4,0,8,0,1,0,3,0,1,0
N281861,PAPILLION-LA VISTA SOUTH HIGH SCHOOL,F31153,41,NE,36540,"Omaha, NE-IA",420,"Omaha-Fremont, NE-IA",1,0,1,0,1,0,0,0,1,0,0,0,3,0,1,0,2,0,1,0
N281880,PENDER PUBLIC SCHOOL,F31173,42,NE,N,Non_CBSA,N,N,0,0,0,0,0,0,0,0,0,0,0,0,0,0,1,0,0,0,0,0
N281915,PLAINVIEW SECONDARY SCHOOL,F31139,43,NE,35740,"Norfolk, NE",N,N,0,0,0,0,0,0,0,0,0,0,0,0,0,0,0,0,0,0,1,0
N281950,PONCA PUBLIC SCHOOL,F31051,42,NE,N,Non_CBSA,N,N,0,0,0,0,1,0,0,0,0,0,0,0,0,0,0,0,0,0,0,0
N281980,RALSTON HIGH SCHOOL,F31055,21,NE,36540,"Omaha, NE-IA",420,"Omaha-Fremont, NE-IA",0,0,0,0,1,0,2,0,0,0,1,0,0,0,1,0,1,0,0,0
N282060,RUSHVILLE HIGH SCHOOL,F31161,43,NE,N,Non_CBSA,N,N,0,0,0,0,1,0,0,0,0,0,0,0,0,0,0,0,0,0,0,0
N282105,SCOTTSBLUFF HIGH SCHOOL,F31157,33,NE,42420,"Scottsbluff, NE",N,N,0,0,0,0,0,0,0,0,0,0,0,0,0,0,0,0,1,0,0,0
N282125,SEWARD HIGH SCHOOL,F31159,32,NE,30700,"Lincoln, NE",339,"Lincoln-Beatrice, NE",3,0,0,0,0,0,0,0,0,0,0,0,1,0,0,0,0,0,0,0
N282180,SOUTH SIOUX CITY HIGH SCHOOL,F31043,22,NE,43580,"Sioux City, IA-NE-SD",512,"Sioux City-Le Mars, IA-NE-SD",0,0,0,0,0,0,1,0,2,0,0,0,0,0,0,0,0,0,0,0
N282200,PLATTEVIEW HIGH SCHOOL,F31153,41,NE,36540,"Omaha, NE-IA",420,"Omaha-Fremont, NE-IA",0,0,0,0,0,0,0,0,0,0,0,0,0,0,0,0,0,0,1,0
N282215,STANTON COMMUNITY SCHOOL,F31167,42,NE,35740,"Norfolk, NE",N,N,0,0,0,0,0,0,0,0,0,0,1,0,0,0,0,0,0,0,0,0
N282320,TEKAMAH HIGH SCHOOL,F31021,43,NE,N,Non_CBSA,N,N,0,0,0,0,1,0,0,0,0,0,0,0,0,0,0,0,0,0,0,0
N282390,CENTENNIAL JUNIOR-SENIOR HIGH SCHOOL,F31159,43,NE,30700,"Lincoln, NE",339,"Lincoln-Beatrice, NE",0,0,0,0,1,0,0,0,0,0,0,0,0,0,0,0,0,0,0,0
N282396,DOUGLAS CO WEST ELEMENTARY SCH,F31055,41,NE,36540,"Omaha, NE-IA",420,"Omaha-Fremont, NE-IA",0,0,0,0,1,0,0,0,2,0,0,0,0,0,0,0,0,0,0,0
N282440,WAHOO HIGH SCHOOL,F31155,32,NE,36540,"Omaha, NE-IA",420,"Omaha-Fremont, NE-IA",1,0,2,0,2,0,0,0,0,0,1,0,0,0,0,0,0,0,0,0
N282448,BISHOP NEUMANN HIGH SCHOOL,F31155,NA,NE,36540,"Omaha, NE-IA",420,"Omaha-Fremont, NE-IA",0,0,0,0,0,0,0,0,0,0,0,0,0,0,1,0,0,0,0,0
N282490,WAVERLY SECONDARY SCHOOL,F31109,41,NE,30700,"Lincoln, NE",339,"Lincoln-Beatrice, NE",0,0,0,0,0,0,0,0,0,0,0,0,0,0,1,0,0,0,0,0
N282500,WAYNE HIGH SCHOOL,F31179,32,NE,N,Non_CBSA,N,N,1,0,0,0,0,0,0,0,2,0,0,0,0,0,0,0,0,0,0,0
N282530,WEST POINT-BEEMER JUNIOR SENIOR HIGH SCHOOL,F31039,43,NE,N,Non_CBSA,N,N,0,0,1,0,0,0,1,0,0,0,0,0,0,0,0,0,0,0,0,0
N282600,YUTAN HIGH SCHOOL,F31155,42,NE,36540,"Omaha, NE-IA",420,"Omaha-Fremont, NE-IA",0,0,0,0,0,0,0,0,0,0,0,0,1,0,0,0,0,0,0,0
N290009,DORAL ACDMY RED ROCK UPPER HS,F32003,NA,NV,29820,"Las Vegas-Henderson-North Las Vegas, NV",332,"Las Vegas-Henderson, NV",0,0,0,0,0,0,0,0,0,0,0,0,1,0,0,0,0,0,0,0
N290073,FOOTHILL HIGH SCHOOL,F32003,11,NV,29820,"Las Vegas-Henderson-North Las Vegas, NV",332,"Las Vegas-Henderson, NV",1,0,0,0,0,0,0,0,0,0,0,0,1,0,0,0,0,0,0,0
N290090,BASIC HIGH SCHOOL,F32003,11,NV,29820,"Las Vegas-Henderson-North Las Vegas, NV",332,"Las Vegas-Henderson, NV",0,0,0,0,0,0,0,0,0,0,1,0,0,0,0,0,0,0,0,0
N290095,BISHOP GORMAN HIGH SCHOOL,F32003,NA,NV,29820,"Las Vegas-Henderson-North Las Vegas, NV",332,"Las Vegas-Henderson, NV",0,0,0,0,0,0,0,0,0,0,0,0,0,0,0,0,0,0,1,0
N290097,EDWARD W CLARK HIGH SCHOOL,F32003,11,NV,29820,"Las Vegas-Henderson-North Las Vegas, NV",332,"Las Vegas-Henderson, NV",0,0,1,0,0,0,0,0,0,0,0,0,0,0,0,0,0,0,0,0
N290109,FAITH LUTHERAN MIDDLE SCHOOL & HIGH SCHOOL,F32003,NA,NV,29820,"Las Vegas-Henderson-North Las Vegas, NV",332,"Las Vegas-Henderson, NV",0,0,0,0,0,0,0,0,0,0,0,0,1,0,1,0,0,0,0,0
N290143,ROBERT MCQUEEN HIGH SCHOOL,F32031,11,NV,39900,"Reno, NV",456,"Reno-Carson City-Gardnerville Ranchos, NV-CA",0,0,0,0,0,0,0,0,1,0,0,0,0,0,0,0,0,0,0,0
N290220,MOJAVE HIGH SCHOOL,F32003,11,NV,29820,"Las Vegas-Henderson-North Las Vegas, NV",332,"Las Vegas-Henderson, NV",0,0,0,0,0,0,0,0,0,0,0,0,1,0,0,0,0,0,0,0
N290223,LEGACY HIGH SCHOOL,F32003,11,NV,29820,"Las Vegas-Henderson-North Las Vegas, NV",332,"Las Vegas-Henderson, NV",0,0,0,0,0,0,0,0,0,0,0,0,1,0,0,0,0,0,0,0
N290225,NORTHWEST CAREER AND TECHNICAL ACADEMY,F32003,11,NV,29820,"Las Vegas-Henderson-North Las Vegas, NV",332,"Las Vegas-Henderson, NV",0,0,0,0,0,0,0,0,0,0,0,0,0,0,1,0,0,0,0,0
N290270,SPANISH SPRINGS HIGH SCHOOL,F32031,21,NV,39900,"Reno, NV",456,"Reno-Carson City-Gardnerville Ranchos, NV-CA",0,0,0,0,0,0,0,0,0,0,0,0,0,0,0,0,1,0,0,0
N300059,BOW HIGH SCHOOL,F33013,41,NH,18180,"Concord, NH",148,"Boston-Worcester-Providence, MA-RI-NH",0,0,0,0,0,0,1,0,0,0,0,0,0,0,0,0,0,0,0,0
N300135,DOVER HIGH SCHOOL,F33017,23,NH,14460,"Boston-Cambridge-Newton, MA-NH",148,"Boston-Worcester-Providence, MA-RI-NH",0,0,0,0,0,0,0,0,0,0,0,0,0,0,0,0,1,0,0,0
N300143,ST THOMAS AQUINAS HIGH SCHOOL,F33017,23,NH,14460,"Boston-Cambridge-Newton, MA-NH",148,"Boston-Worcester-Providence, MA-RI-NH",0,0,0,0,0,0,0,0,0,0,1,0,0,0,0,0,0,0,0,0
N300250,HANOVER HIGH SCHOOL,F33009,33,NH,30150,"Lebanon-Claremont, NH-VT",N,N,0,0,0,0,1,0,0,0,0,0,0,0,0,0,0,0,0,0,0,0
N300275,HOLLIS/BROOKLINE HIGH SCHOOL,F33011,41,NH,31700,"Manchester-Nashua, NH",148,"Boston-Worcester-Providence, MA-RI-NH",0,0,0,0,0,0,0,0,0,0,0,0,0,0,0,0,0,0,1,0
N300345,WHITE MOUNTAIN SCHOOL,F33009,41,NH,30150,"Lebanon-Claremont, NH-VT",N,N,0,0,0,0,0,0,0,0,2,0,0,0,0,0,0,0,0,0,0,0
N300405,MERRIMACK HIGH SCHOOL,F33011,22,NH,31700,"Manchester-Nashua, NH",148,"Boston-Worcester-Providence, MA-RI-NH",0,0,0,0,0,0,0,0,0,0,0,0,0,0,1,0,0,0,1,0
N300510,PLYMOUTH REGIONAL HIGH SCHOOL,F33009,33,NH,30150,"Lebanon-Claremont, NH-VT",N,N,0,0,0,0,1,0,0,0,0,0,0,0,0,0,0,0,0,0,0,0
N310003,DEPTFORD TOWNSHIP HIGH SCHOOL,F34015,21,NJ,37980,"Philadelphia-Camden-Wilmington, PA-NJ-DE-MD",428,"Philadelphia-Reading-Camden, PA-NJ-DE-MD",0,0,0,0,0,0,0,0,1,0,0,0,0,0,0,0,0,0,0,0
N310005,NORTH HUNTERDON HIGH SCHOOL,F34019,31,NJ,35620,"New York-Newark-Jersey City, NY-NJ",408,"New York-Newark, NY-NJ-CT-PA",0,0,0,0,0,0,0,0,1,0,0,0,0,0,0,0,0,0,0,0
N310016,NORTH STAR ACADEMY LINCOLN PK,F34013,11,NJ,35620,"New York-Newark-Jersey City, NY-NJ",408,"New York-Newark, NY-NJ-CT-PA",0,0,0,0,0,0,0,0,0,0,1,0,0,0,0,0,0,0,0,0
N310070,MARIST HIGH SCHOOL,F34017,21,NJ,35620,"New York-Newark-Jersey City, NY-NJ",408,"New York-Newark, NY-NJ-CT-PA",0,0,0,0,0,0,0,0,1,0,0,0,0,0,0,0,0,0,0,0
N310245,CLIFTON HIGH SCHOOL,F34031,21,NJ,35620,"New York-Newark-Jersey City, NY-NJ",408,"New York-Newark, NY-NJ-CT-PA",0,0,1,0,0,0,0,0,1,0,0,0,0,0,0,0,0,0,0,0
N310264,DELRAN HIGH SCHOOL,F34005,21,NJ,37980,"Philadelphia-Camden-Wilmington, PA-NJ-DE-MD",428,"Philadelphia-Reading-Camden, PA-NJ-DE-MD",1,0,0,0,0,0,0,0,0,0,0,0,0,0,0,0,0,0,0,0
N310297,EDISON HIGH SCHOOL,F34023,21,NJ,35620,"New York-Newark-Jersey City, NY-NJ",408,"New York-Newark, NY-NJ-CT-PA",1,0,0,0,0,0,0,0,0,0,1,0,0,0,0,0,0,0,0,0
N310380,HUNTERDON CENTRAL REGIONAL HIGH SCHOOL,F34019,31,NJ,35620,"New York-Newark-Jersey City, NY-NJ",408,"New York-Newark, NY-NJ-CT-PA",0,0,0,0,0,0,0,0,0,0,1,0,0,0,0,0,0,0,0,0
N310433,VOORHEES HIGH SCHOOL,F34019,41,NJ,35620,"New York-Newark-Jersey City, NY-NJ",408,"New York-Newark, NY-NJ-CT-PA",0,0,0,0,0,0,0,0,0,0,0,0,0,0,0,0,1,0,0,0
N310470,HADDONFIELD MEMORIAL HIGH SCHOOL,F34007,21,NJ,37980,"Philadelphia-Camden-Wilmington, PA-NJ-DE-MD",428,"Philadelphia-Reading-Camden, PA-NJ-DE-MD",0,0,0,0,0,0,0,0,0,0,0,0,0,0,0,0,1,0,0,0
N310540,PASCACK VALLEY HIGH SCHOOL,F34003,21,NJ,35620,"New York-Newark-Jersey City, NY-NJ",408,"New York-Newark, NY-NJ-CT-PA",0,0,0,0,0,0,0,0,0,0,1,0,0,0,0,0,0,0,0,0
N310612,MCNAIR ACADEMIC HIGH SCHOOL,F34017,11,NJ,35620,"New York-Newark-Jersey City, NY-NJ",408,"New York-Newark, NY-NJ-CT-PA",0,0,0,0,0,0,0,0,0,0,0,0,0,0,0,0,1,0,0,0
N310752,MARLBORO HIGH SCHOOL,F34025,21,NJ,35620,"New York-Newark-Jersey City, NY-NJ",408,"New York-Newark, NY-NJ-CT-PA",0,0,0,0,0,0,0,0,0,0,0,0,1,0,0,0,0,0,0,0
N310762,LENAPE HIGH SCHOOL,F34005,21,NJ,37980,"Philadelphia-Camden-Wilmington, PA-NJ-DE-MD",428,"Philadelphia-Reading-Camden, PA-NJ-DE-MD",0,0,0,0,0,0,0,0,1,0,0,0,0,0,0,0,0,0,0,0
N310787,JOHN P STEVENS HIGH SCHOOL,F34023,21,NJ,35620,"New York-Newark-Jersey City, NY-NJ",408,"New York-Newark, NY-NJ-CT-PA",0,0,0,0,1,0,0,0,0,0,0,0,0,0,0,0,0,0,0,0
N310791,MIDDLETOWN HIGH SCHOOL SOUTH,F34025,21,NJ,35620,"New York-Newark-Jersey City, NY-NJ",408,"New York-Newark, NY-NJ-CT-PA",0,0,0,0,0,0,0,0,0,0,0,0,1,0,0,0,0,0,2,0
N310795,MILLBURN HIGH SCHOOL,F34013,21,NJ,35620,"New York-Newark-Jersey City, NY-NJ",408,"New York-Newark, NY-NJ-CT-PA",0,0,0,0,0,0,0,0,0,0,0,0,0,0,0,0,1,0,0,0
N310826,MONTVILLE TOWNSHIP HIGH SCHOOL,F34027,21,NJ,35620,"New York-Newark-Jersey City, NY-NJ",408,"New York-Newark, NY-NJ-CT-PA",0,0,0,0,0,0,0,0,0,0,0,0,1,0,0,0,0,0,0,0
N310840,MORRISTOWN HIGH SCHOOL,F34027,21,NJ,35620,"New York-Newark-Jersey City, NY-NJ",408,"New York-Newark, NY-NJ-CT-PA",0,0,0,0,0,0,0,0,0,0,0,0,1,0,0,0,0,0,0,0
N310868,CLEARVIEW REGIONAL HIGH SCHOOL,F34015,21,NJ,37980,"Philadelphia-Camden-Wilmington, PA-NJ-DE-MD",428,"Philadelphia-Reading-Camden, PA-NJ-DE-MD",0,0,1,0,0,0,0,0,0,0,0,0,0,0,0,0,0,0,0,0
N311075,PARK RIDGE HIGH SCHOOL,F34003,21,NJ,35620,"New York-Newark-Jersey City, NY-NJ",408,"New York-Newark, NY-NJ-CT-PA",0,0,0,0,0,0,0,0,0,0,0,0,0,0,0,0,0,0,1,0
N311120,PASSAIC COUNTY TECHNICAL INSTITUTE,F34031,21,NJ,35620,"New York-Newark-Jersey City, NY-NJ",408,"New York-Newark, NY-NJ-CT-PA",0,0,0,0,0,0,0,0,0,0,0,0,0,0,0,0,0,0,2,0
N311148,GARRETT MORGAN ACADEMY,F34031,NA,NJ,35620,"New York-Newark-Jersey City, NY-NJ",408,"New York-Newark, NY-NJ-CT-PA",0,0,0,0,0,0,0,0,0,0,0,0,1,0,0,0,0,0,0,0
N311155,PAULSBORO HIGH SCHOOL,F34015,21,NJ,37980,"Philadelphia-Camden-Wilmington, PA-NJ-DE-MD",428,"Philadelphia-Reading-Camden, PA-NJ-DE-MD",0,0,0,0,0,0,0,0,1,0,0,0,0,0,0,0,0,0,0,0
N311175,PENNS GROVE HIGH SCHOOL,F34033,41,NJ,37980,"Philadelphia-Camden-Wilmington, PA-NJ-DE-MD",428,"Philadelphia-Reading-Camden, PA-NJ-DE-MD",0,0,0,0,1,0,0,0,0,0,0,0,0,0,0,0,0,0,0,0
N311182,PENNSVILLE MEMORIAL HIGH SCHOOL,F34033,21,NJ,37980,"Philadelphia-Camden-Wilmington, PA-NJ-DE-MD",428,"Philadelphia-Reading-Camden, PA-NJ-DE-MD",0,0,1,0,0,0,0,0,0,0,0,0,0,0,0,0,0,0,1,0
N311231,WATCHUNG HILLS REGIONAL HIGH SCHOOL,F34035,21,NJ,35620,"New York-Newark-Jersey City, NY-NJ",408,"New York-Newark, NY-NJ-CT-PA",2,0,0,0,0,0,0,0,0,0,0,0,0,0,0,0,0,0,0,0
N311277,WEST WINDSOR-PLAINSBORO HIGH SCHOOL SOUTH,F34021,21,NJ,45940,"Trenton-Princeton, NJ",408,"New York-Newark, NY-NJ-CT-PA",0,0,2,0,0,0,0,0,0,0,1,0,0,0,0,0,0,0,0,0
N311326,ROBBINSVILLE HIGH SCHOOL,F34021,41,NJ,45940,"Trenton-Princeton, NJ",408,"New York-Newark, NY-NJ-CT-PA",0,0,0,0,0,0,0,0,0,0,0,0,0,0,1,0,0,0,0,0
N311487,LAWRENCE HIGH SCHOOL,F34021,21,NJ,45940,"Trenton-Princeton, NJ",408,"New York-Newark, NY-NJ-CT-PA",0,0,1,0,0,0,0,0,0,0,0,0,0,0,0,0,0,0,0,0
N311550,VERONA HIGH SCHOOL,F34013,21,NJ,35620,"New York-Newark-Jersey City, NY-NJ",408,"New York-Newark, NY-NJ-CT-PA",0,0,0,0,0,0,0,0,0,0,0,0,0,0,0,0,1,0,0,0
N311585,WESTFIELD HIGH SCHOOL,F34039,21,NJ,35620,"New York-Newark-Jersey City, NY-NJ",408,"New York-Newark, NY-NJ-CT-PA",1,0,0,0,0,0,0,0,0,0,0,0,0,0,0,0,0,0,0,0
N311594,HADDON TOWNSHIP HIGH SCHOOL,F34007,21,NJ,37980,"Philadelphia-Camden-Wilmington, PA-NJ-DE-MD",428,"Philadelphia-Reading-Camden, PA-NJ-DE-MD",0,0,0,0,0,0,0,0,0,0,1,0,0,0,0,0,0,0,0,0
N311622,WILLIAMSTOWN HIGH SCHOOL,F34015,21,NJ,37980,"Philadelphia-Camden-Wilmington, PA-NJ-DE-MD",428,"Philadelphia-Reading-Camden, PA-NJ-DE-MD",0,0,0,0,0,0,0,0,0,0,0,0,0,0,0,0,1,0,0,0
N320042,SANDIA PREPARATORY SCHOOL,F35001,11,NM,10740,"Albuquerque, NM",105,"Albuquerque-Santa Fe-Los Alamos, NM",0,0,0,0,0,0,1,0,0,0,0,0,0,0,0,0,0,0,0,0
N320137,IMAGO DEI ACADEMY,F35035,NA,NM,10460,"Alamogordo, NM",N,N,0,0,0,0,0,0,0,0,0,0,0,0,0,0,0,0,0,0,1,0
N320165,CLOVIS HIGH SCHOOL,F35009,33,NM,17580,"Clovis, NM",N,N,0,0,0,0,0,0,0,0,0,0,0,0,0,0,1,0,0,0,0,0
N330300,CHARLES W BAKER HIGH SCHOOL,F36067,21,NY,45060,"Syracuse, NY",532,"Syracuse-Auburn, NY",0,0,0,0,0,0,0,0,0,0,0,0,0,0,1,0,0,0,0,0
N330305,BALLSTON SPA HIGH SCHOOL,F36091,23,NY,10580,"Albany-Schenectady-Troy, NY",104,"Albany-Schenectady, NY",0,0,0,0,0,0,0,0,0,0,0,0,0,0,0,0,1,0,0,0
N330340,HAVERLING JUNIOR SENIOR HIGH SCHOOL,F36101,32,NY,18500,"Corning, NY",236,"Elmira-Corning, NY",0,0,0,0,1,0,0,0,0,0,0,0,0,0,0,0,0,0,0,0
N330630,BROOKLYN TECHNICAL HIGH SCHOOL,F36047,11,NY,35620,"New York-Newark-Jersey City, NY-NJ",408,"New York-Newark, NY-NJ-CT-PA",0,0,0,0,0,0,1,0,0,0,0,0,0,0,0,0,0,0,0,0
N330752,LEON M GOLDSTEIN HIGH SCHOOL FOR SCIENCES,F36047,NA,NY,35620,"New York-Newark-Jersey City, NY-NJ",408,"New York-Newark, NY-NJ-CT-PA",0,0,0,0,0,0,0,0,0,0,0,0,0,0,0,0,0,0,1,0
N331095,ST JOSEPH'S COLLEGIATE INSTITUTE,F36029,NA,NY,15380,"Buffalo-Cheektowaga, NY",160,"Buffalo-Cheektowaga-Olean, NY",0,0,0,0,0,0,0,0,0,0,0,0,1,0,0,0,0,0,0,0
N331235,CARMEL HIGH SCHOOL,F36079,21,NY,35620,"New York-Newark-Jersey City, NY-NJ",408,"New York-Newark, NY-NJ-CT-PA",0,0,0,0,0,0,0,0,1,0,0,0,1,0,0,0,0,0,0,0
N331250,CARTHAGE CENTRAL HIGH SCHOOL,F36045,41,NY,48060,"Watertown-Fort Drum, NY",N,N,0,0,0,0,0,0,0,0,0,0,0,0,0,0,0,0,0,0,1,1
N331297,MONROE WOODBURY SENIOR HIGH SCHOOL,F36071,13,NY,28880,"Kiryas Joel-Poughkeepsie-Newburgh, NY",408,"New York-Newark, NY-NJ-CT-PA",0,0,1,0,0,0,0,0,0,0,0,0,0,0,0,0,0,0,0,0
N331490,CORNING PAINTED POST EAST HIGH SCHOOL,F36101,31,NY,18500,"Corning, NY",236,"Elmira-Corning, NY",0,0,0,0,0,0,0,0,0,0,0,0,0,0,1,0,0,0,0,0
N331575,DANSVILLE HIGH SCHOOL,F36051,32,NY,40380,"Rochester, NY",464,"Rochester-Batavia-Seneca Falls, NY",0,0,0,0,0,0,0,0,0,0,1,0,0,0,0,0,0,0,0,0
N331725,EASTPORT-SOUTH MANOR HIGH SCHOOL,F36103,21,NY,35620,"New York-Newark-Jersey City, NY-NJ",408,"New York-Newark, NY-NJ-CT-PA",0,0,0,0,0,0,0,0,0,0,1,0,0,0,0,0,0,0,0,0
N331845,SHENENDEHOWA HIGH SCHOOL EAST,F36091,21,NY,10580,"Albany-Schenectady-Troy, NY",104,"Albany-Schenectady, NY",0,0,0,0,0,0,0,0,0,0,0,0,0,0,0,0,1,0,0,0
N331875,FALCONER CENTRAL HIGH SCHOOL,F36013,32,NY,27460,"Jamestown-Dunkirk, NY",N,N,0,0,0,0,0,0,0,0,0,0,0,0,0,0,1,0,0,0,0,0
N331895,FAYETTEVILLE MANLIUS HIGH SCHOOL,F36067,21,NY,45060,"Syracuse, NY",532,"Syracuse-Auburn, NY",0,0,1,0,0,0,0,0,0,0,0,0,0,0,0,0,0,0,0,0
N332150,GOWANDA HIGH SCHOOL,F36009,32,NY,36460,"Olean, NY",160,"Buffalo-Cheektowaga-Olean, NY",1,0,0,0,0,0,0,0,0,0,0,0,0,0,0,0,0,0,0,0
N332170,JOHN MILLER-GREAT NECK NORTH HIGH SCHOOL,F36059,21,NY,35620,"New York-Newark-Jersey City, NY-NJ",408,"New York-Newark, NY-NJ-CT-PA",0,0,0,0,0,0,0,0,0,0,1,0,0,0,0,0,0,0,0,0
N332275,HARRISON HIGH SCHOOL,F36119,21,NY,35620,"New York-Newark-Jersey City, NY-NJ",408,"New York-Newark, NY-NJ-CT-PA",0,0,0,0,0,0,0,0,1,0,0,0,0,0,0,0,0,0,0,0
N332375,JAMES I ONEILL HIGH SCHOOL,F36071,31,NY,28880,"Kiryas Joel-Poughkeepsie-Newburgh, NY",408,"New York-Newark, NY-NJ-CT-PA",0,0,0,0,0,0,0,0,1,0,0,0,0,0,1,0,0,0,0,0
N332645,JOHN JAY HIGH SCHOOL,F36119,41,NY,35620,"New York-Newark-Jersey City, NY-NJ",408,"New York-Newark, NY-NJ-CT-PA",0,0,0,0,0,0,0,0,0,0,1,0,0,0,0,0,0,0,0,0
N333060,MASSAPEQUA HIGH SCHOOL,F36059,21,NY,35620,"New York-Newark-Jersey City, NY-NJ",408,"New York-Newark, NY-NJ-CT-PA",0,0,0,0,1,0,0,0,0,0,0,0,0,0,0,0,0,0,0,0
N333110,MIDDLEBURGH HIGH SCHOOL,F36095,42,NY,10580,"Albany-Schenectady-Troy, NY",104,"Albany-Schenectady, NY",0,0,0,0,0,0,0,0,0,0,0,0,0,0,0,0,1,0,0,0
N333270,STOCKBRIDGE VALLEY CENTRAL SCHOOL,F36053,42,NY,45060,"Syracuse, NY",532,"Syracuse-Auburn, NY",0,0,0,0,0,0,0,0,0,0,1,0,0,0,0,0,0,0,0,0
N333685,LAGUARDIA HIGH SCHOOL FOR MUSIC AND ART,F36061,11,NY,35620,"New York-Newark-Jersey City, NY-NJ",408,"New York-Newark, NY-NJ-CT-PA",0,0,0,0,0,0,0,0,0,0,1,0,0,0,0,0,0,0,0,0
N333730,LA SALLE ACADEMY,F36061,11,NY,35620,"New York-Newark-Jersey City, NY-NJ",408,"New York-Newark, NY-NJ-CT-PA",0,0,0,0,0,0,0,0,0,0,0,0,0,0,1,0,0,0,0,0
N333843,NEW EXPLORATIONS-SCIENCE TECHNOLOGY AND MATH,F36061,11,NY,35620,"New York-Newark-Jersey City, NY-NJ",408,"New York-Newark, NY-NJ-CT-PA",0,0,0,0,1,0,0,0,0,0,0,0,0,0,0,0,0,0,0,0
N334105,URBAN ACADEMY LABORATORY HIGH SCHOOL,F36061,NA,NY,35620,"New York-Newark-Jersey City, NY-NJ",408,"New York-Newark, NY-NJ-CT-PA",0,0,0,0,0,0,0,0,0,0,0,0,0,0,0,0,0,0,1,0
N334440,TRINITY-PAWLING SCHOOL,F36027,41,NY,28880,"Kiryas Joel-Poughkeepsie-Newburgh, NY",408,"New York-Newark, NY-NJ-CT-PA",0,0,1,0,0,0,0,0,0,0,0,0,0,0,0,0,0,0,0,0
N334585,EARL L VANDERMEULEN HIGH SCHOOL,F36103,21,NY,35620,"New York-Newark-Jersey City, NY-NJ",408,"New York-Newark, NY-NJ-CT-PA",0,0,0,0,0,0,0,0,0,0,0,0,0,0,0,0,0,0,1,0
N335045,SARATOGA SPRINGS HIGH SCHOOL,F36091,23,NY,10580,"Albany-Schenectady-Troy, NY",104,"Albany-Schenectady, NY",0,0,0,0,0,0,0,0,0,0,0,0,0,0,0,0,1,0,0,0
N335110,NISKAYUNA HIGH SCHOOL,F36093,21,NY,10580,"Albany-Schenectady-Troy, NY",104,"Albany-Schenectady, NY",0,0,1,0,0,0,0,0,0,0,0,0,0,0,0,0,0,0,0,0
N335125,SCHENEVUS CENTRAL DISTRICT SCHOOL,F36077,43,NY,36580,"Oneonta, NY",N,N,0,0,0,0,0,0,0,0,0,0,0,0,0,0,1,0,0,0,0,0
N335208,MINISINK VALLEY HIGH SCHOOL,F36071,41,NY,28880,"Kiryas Joel-Poughkeepsie-Newburgh, NY",408,"New York-Newark, NY-NJ-CT-PA",0,0,0,0,1,0,0,0,0,0,0,0,0,0,0,0,0,0,0,0
N335355,NEW DORP HIGH SCHOOL,F36085,NA,NY,35620,"New York-Newark-Jersey City, NY-NJ",408,"New York-Newark, NY-NJ-CT-PA",0,0,0,0,0,0,0,0,0,0,0,0,1,0,0,0,0,0,0,0
N335435,SUFFERN HIGH SCHOOL,F36087,21,NY,35620,"New York-Newark-Jersey City, NY-NJ",408,"New York-Newark, NY-NJ-CT-PA",0,0,0,0,0,0,0,0,0,0,0,0,0,0,0,0,1,0,0,0
N335600,EMMA WILLARD SCHOOL,F36083,13,NY,10580,"Albany-Schenectady-Troy, NY",104,"Albany-Schenectady, NY",0,0,1,0,0,0,0,0,0,0,0,0,0,0,0,0,0,0,0,0
N335750,VALLEY CENTRAL HIGH SCHOOL,F36071,31,NY,28880,"Kiryas Joel-Poughkeepsie-Newburgh, NY",408,"New York-Newark, NY-NJ-CT-PA",0,0,0,0,0,0,0,0,1,0,0,0,0,0,0,0,0,0,0,0
N335983,WILLIAMSVILLE HIGH SCHOOL NORTH,F36029,21,NY,15380,"Buffalo-Cheektowaga, NY",160,"Buffalo-Cheektowaga-Olean, NY",0,0,0,0,0,0,0,0,0,0,0,0,1,0,0,0,0,0,0,0
N340043,NORTH WAKE COLG & CAREER ACDMY,F37183,NA,NC,39580,"Raleigh-Cary, NC",450,"Raleigh-Durham-Cary, NC",0,0,0,0,0,0,0,0,0,0,0,0,0,0,0,0,0,0,1,0
N340085,APEX HIGH SCHOOL,F37183,21,NC,39580,"Raleigh-Cary, NC",450,"Raleigh-Durham-Cary, NC",0,0,0,0,1,0,0,0,0,0,0,0,0,0,0,0,0,0,0,0
N340132,WEST CABARRUS HIGH SCHOOL,F37025,NA,NC,16740,"Charlotte-Concord-Gastonia, NC-SC",172,"Charlotte-Concord, NC-SC",0,0,0,0,0,0,0,0,0,0,0,0,1,0,0,0,0,0,0,0
N340140,ASHEVILLE HIGH SCHOOL,F37021,13,NC,11700,"Asheville, NC",120,"Asheville-Waynesville-Brevard, NC",0,0,0,0,0,0,0,0,1,0,0,0,0,0,0,0,0,0,0,0
N340603,PANTHER CREEK HIGH SCHOOL,F37183,12,NC,39580,"Raleigh-Cary, NC",450,"Raleigh-Durham-Cary, NC",1,0,0,0,0,0,0,0,1,0,0,0,0,0,0,0,0,0,0,0
N340688,PROVIDENCE HIGH SCHOOL,F37119,11,NC,16740,"Charlotte-Concord-Gastonia, NC-SC",172,"Charlotte-Concord, NC-SC",0,0,0,0,0,0,0,0,0,0,0,0,0,0,1,0,0,0,1,0
N340716,PHILLIP O BERRY ACADEMY OF TEC,F37119,11,NC,16740,"Charlotte-Concord-Gastonia, NC-SC",172,"Charlotte-Concord, NC-SC",0,0,0,0,0,0,0,0,0,0,0,0,0,0,0,0,0,0,1,0
N340771,CHARLOTTE ENGINEERING EARLY CG,F37119,NA,NC,16740,"Charlotte-Concord-Gastonia, NC-SC",172,"Charlotte-Concord, NC-SC",0,0,0,0,0,0,0,0,0,0,0,0,0,0,0,0,0,0,1,0
N341323,JACK BRITT HS,F37051,21,NC,22180,"Fayetteville, NC",246,"Fayetteville-Lumberton-Pinehurst, NC",0,0,0,0,1,0,0,0,0,0,0,0,0,0,0,0,0,0,1,0
N341375,FRANKLINTON HIGH SCHOOL,F37069,41,NC,39580,"Raleigh-Cary, NC",450,"Raleigh-Durham-Cary, NC",0,0,0,0,0,0,0,0,0,0,0,0,0,0,0,0,0,0,1,0
N341415,FUQUAY VARINA SENIOR HIGH SCHOOL,F37183,21,NC,39580,"Raleigh-Cary, NC",450,"Raleigh-Durham-Cary, NC",0,0,0,0,0,0,1,0,0,0,0,0,0,0,0,0,0,0,0,0
N341606,NORTHWEST GUILFORD HIGH SCHOOL,F37081,21,NC,24660,"Greensboro-High Point, NC",268,"Greensboro--Winston-Salem--High Point, NC",0,0,0,0,0,0,2,0,0,0,0,0,0,0,2,0,1,0,0,0
N341738,HAVELOCK HIGH SCHOOL,F37049,32,NC,35100,"New Bern, NC",404,"New Bern-Morehead City, NC",0,0,0,0,0,0,0,0,0,0,0,0,1,0,0,0,0,0,0,0
N341850,HIGH POINT CENTRAL HIGH SCHOOL,F37081,12,NC,24660,"Greensboro-High Point, NC",268,"Greensboro--Winston-Salem--High Point, NC",1,0,0,0,0,0,0,0,0,0,0,0,0,0,0,0,0,0,0,0
N341922,LAKE NORMAN CHARTER SCHOOL,F37119,21,NC,16740,"Charlotte-Concord-Gastonia, NC-SC",172,"Charlotte-Concord, NC-SC",0,0,0,0,0,0,0,0,0,0,0,0,1,0,0,0,0,0,0,0
N342018,WESLEYAN CHRISTIAN ACADEMY,F37081,NA,NC,24660,"Greensboro-High Point, NC",268,"Greensboro--Winston-Salem--High Point, NC",0,0,0,0,0,0,0,0,0,0,0,0,0,0,1,0,0,0,0,0
N342632,GRAY STONE DAY,F37167,41,NC,10620,"Albemarle, NC",172,"Charlotte-Concord, NC-SC",0,0,0,0,0,0,0,0,0,0,0,0,0,0,0,0,1,0,0,0
N342685,SUN VALLEY HIGH SCHOOL,F37179,21,NC,16740,"Charlotte-Concord-Gastonia, NC-SC",172,"Charlotte-Concord, NC-SC",0,0,0,0,0,0,0,0,0,0,0,0,0,0,1,0,0,0,0,0
N343205,CARDINAL GIBBONS MEML HIGH SCH,F37183,11,NC,39580,"Raleigh-Cary, NC",450,"Raleigh-Durham-Cary, NC",0,0,1,0,0,0,0,0,0,0,0,0,0,0,0,0,0,0,0,0
N343225,NEEDHAM B BROUGHTON HIGH SCHOOL,F37183,11,NC,39580,"Raleigh-Cary, NC",450,"Raleigh-Durham-Cary, NC",0,0,0,0,0,0,0,0,1,0,0,0,0,0,0,0,0,0,0,0
N343237,WAKE CHRISTIAN ACADEMY,F37183,41,NC,39580,"Raleigh-Cary, NC",450,"Raleigh-Durham-Cary, NC",1,0,0,0,0,0,0,0,0,0,0,0,0,0,0,0,0,0,0,0
N350159,CENTURY HIGH SCHOOL,F38015,13,ND,13900,"Bismarck, ND",N,N,0,0,0,0,0,0,0,0,0,0,0,0,0,0,1,0,0,0,0,0
N350260,CARRINGTON HIGH SCHOOL,F38031,43,ND,N,Non_CBSA,N,N,0,0,0,0,0,0,0,0,0,0,1,0,0,0,0,0,0,0,0,0
N350565,SOUTH HIGH SCHOOL,F38017,12,ND,22020,"Fargo, ND-MN",244,"Fargo-Wahpeton, ND-MN",1,0,0,0,0,0,0,0,0,0,0,0,0,0,0,0,0,0,0,0
N350568,NORTH HIGH SCHOOL,F38017,12,ND,22020,"Fargo, ND-MN",244,"Fargo-Wahpeton, ND-MN",1,0,0,0,0,0,0,0,0,0,0,0,0,0,0,0,1,0,0,0
N350569,RONALD N DAVIES HIGH SCHOOL,F38017,41,ND,22020,"Fargo, ND-MN",244,"Fargo-Wahpeton, ND-MN",0,0,0,0,0,0,1,0,0,0,0,0,0,0,1,0,3,0,0,0
N350575,SHANLEY HIGH SCHOOL,F38017,41,ND,22020,"Fargo, ND-MN",244,"Fargo-Wahpeton, ND-MN",1,0,0,0,0,0,0,0,0,0,0,0,0,0,0,0,0,0,0,0
N350923,JAMESTOWN HIGH SCHOOL,F38093,33,ND,27420,"Jamestown, ND",N,N,0,0,0,0,0,0,0,0,1,0,0,0,0,0,1,0,0,0,0,0
N351260,MOHALL HIGH SCHOOL,F38075,43,ND,33500,"Minot, ND",N,N,0,0,0,0,0,0,1,0,0,0,0,0,1,0,0,0,0,0,0,0
N351880,WILLISTON HIGH SCHOOL,F38105,41,ND,48780,"Williston, ND",N,N,0,0,0,0,0,0,0,0,0,0,0,0,0,0,1,0,0,0,0,0
N360565,BOWLING GREEN SENIOR HIGH SCHOOL,F39173,31,OH,45780,"Toledo, OH",N,N,0,0,0,0,0,0,0,0,0,0,0,0,1,0,0,0,0,0,0,0
N360575,BRECKSVILLE BROADVIEW HEIGHTS HIGH SCHOOL,F39035,21,OH,17410,"Cleveland, OH",184,"Cleveland-Akron-Canton, OH",0,0,0,0,1,0,0,0,0,0,0,0,0,0,0,0,0,0,0,0
N360860,KENSTON HIGH SCHOOL,F39055,41,OH,17410,"Cleveland, OH",184,"Cleveland-Akron-Canton, OH",0,0,0,0,0,0,0,0,0,0,0,0,1,0,0,0,0,0,0,0
N361045,MOUNT NOTRE DAME HIGH SCHOOL,F39061,NA,OH,17140,"Cincinnati, OH-KY-IN",178,"Cincinnati-Wilmington, OH-KY-IN",0,0,0,0,0,0,0,0,0,0,0,0,1,0,0,0,0,0,0,0
N361110,ST XAVIER HIGH SCHOOL,F39061,21,OH,17140,"Cincinnati, OH-KY-IN",178,"Cincinnati-Wilmington, OH-KY-IN",0,0,0,0,0,0,0,0,0,0,1,0,0,0,0,0,0,0,0,0
N361120,THE SUMMIT COUNTRY DAY SCHOOL,F39061,11,OH,17140,"Cincinnati, OH-KY-IN",178,"Cincinnati-Wilmington, OH-KY-IN",0,0,0,0,0,0,1,0,0,0,0,0,0,0,0,0,0,0,0,0
N361121,TURPIN HIGH SCHOOL,F39061,21,OH,17140,"Cincinnati, OH-KY-IN",178,"Cincinnati-Wilmington, OH-KY-IN",0,0,0,0,0,0,0,0,0,0,0,0,0,0,1,0,0,0,0,0
N361125,URSULINE ACADEMY OF CINCINNATI,F39061,21,OH,17140,"Cincinnati, OH-KY-IN",178,"Cincinnati-Wilmington, OH-KY-IN",0,0,1,0,0,0,0,0,0,0,0,0,0,0,0,0,0,0,0,0
N361130,WALNUT HILLS HIGH SCHOOL,F39061,11,OH,17140,"Cincinnati, OH-KY-IN",178,"Cincinnati-Wilmington, OH-KY-IN",0,0,0,0,0,0,0,0,0,0,1,0,0,0,0,0,0,0,1,0
N361870,WAYNE HIGH SCHOOL,F39113,21,OH,19430,"Dayton-Kettering-Beavercreek, OH",212,"Dayton-Springfield-Kettering, OH",0,0,0,0,0,0,0,0,1,0,0,0,0,0,0,0,0,0,0,0
N361905,RUTHERFORD B HAYES HIGH SCHOOL,F39041,21,OH,18140,"Columbus, OH",198,"Columbus-Marion-Zanesville, OH",0,0,0,0,0,0,0,0,0,0,1,0,0,0,0,0,0,0,0,0
N362135,FINDLAY HIGH SCHOOL,F39063,32,OH,22300,"Findlay, OH",248,"Findlay-Tiffin, OH",0,0,0,0,0,0,0,0,0,0,0,0,1,0,0,0,0,0,0,0
N362295,VALLEY VIEW HIGH SCHOOL,F39113,41,OH,19430,"Dayton-Kettering-Beavercreek, OH",212,"Dayton-Springfield-Kettering, OH",0,0,0,0,0,0,0,0,0,0,0,0,1,0,0,0,0,0,0,0
N362385,GRANVILLE HIGH SCHOOL,F39089,23,OH,18140,"Columbus, OH",198,"Columbus-Marion-Zanesville, OH",0,0,0,0,0,0,0,0,0,0,0,0,1,0,0,0,0,0,0,0
N362465,FAIRFIELD HIGH SCHOOL,F39017,21,OH,17140,"Cincinnati, OH-KY-IN",178,"Cincinnati-Wilmington, OH-KY-IN",0,0,0,0,0,0,0,0,1,0,0,0,0,0,0,0,0,0,0,0
N362665,HURON HIGH SCHOOL,F39043,23,OH,41780,"Sandusky, OH",184,"Cleveland-Akron-Canton, OH",0,0,0,0,0,0,0,0,0,0,0,0,1,0,0,0,0,0,0,0
N362910,LEBANON HIGH SCHOOL,F39165,41,OH,17140,"Cincinnati, OH-KY-IN",178,"Cincinnati-Wilmington, OH-KY-IN",0,0,0,0,0,0,0,0,1,0,1,0,0,0,0,0,0,0,0,0
N363275,WILLIAM MASON HIGH SCHOOL,F39165,21,OH,17140,"Cincinnati, OH-KY-IN",178,"Cincinnati-Wilmington, OH-KY-IN",0,0,0,0,0,0,0,0,0,0,1,0,0,0,0,0,0,0,0,0
N363430,MILFORD HIGH SCHOOL,F39025,21,OH,17140,"Cincinnati, OH-KY-IN",178,"Cincinnati-Wilmington, OH-KY-IN",0,0,0,0,0,0,0,0,0,0,0,0,0,0,0,0,0,0,2,0
N363660,NEW BREMEN HIGH SCHOOL,F39011,32,OH,47540,"Wapakoneta, OH",338,"Lima-Van Wert-Celina, OH",0,0,0,0,0,0,0,0,0,0,0,0,1,0,0,0,0,0,0,0
N363835,NORDONIA HIGH SCHOOL,F39153,21,OH,10420,"Akron, OH",184,"Cleveland-Akron-Canton, OH",0,0,0,0,1,0,0,0,0,0,0,0,0,0,0,0,0,0,0,0
N364025,WATKINS MEMORIAL HIGH SCHOOL,F39089,21,OH,18140,"Columbus, OH",198,"Columbus-Marion-Zanesville, OH",1,0,0,0,0,0,0,0,0,0,0,0,0,0,0,0,0,0,0,0
N364930,SYLVANIA NORTHVIEW HIGH SCHOOL,F39095,21,OH,45780,"Toledo, OH",N,N,0,0,0,0,0,0,0,0,0,0,0,0,0,0,0,0,1,0,0,0
N365046,OLENTANGY LIBERTY HIGH SCHOOL,F39041,41,OH,18140,"Columbus, OH",198,"Columbus-Marion-Zanesville, OH",1,0,0,0,0,0,0,0,0,0,0,0,0,0,0,0,0,0,0,0
N365053,ST FRANCIS DE SALES SCHOOL,F39095,NA,OH,45780,"Toledo, OH",N,N,0,0,0,0,0,0,0,0,0,0,0,0,0,0,0,0,0,0,1,0
N365125,TWINSBURG HIGH SCHOOL,F39153,21,OH,10420,"Akron, OH",184,"Cleveland-Akron-Canton, OH",0,0,0,0,0,0,0,0,1,0,0,0,0,0,0,0,0,0,0,0
N365660,BEAVERCREEK HIGH SCHOOL,F39057,13,OH,19430,"Dayton-Kettering-Beavercreek, OH",212,"Dayton-Springfield-Kettering, OH",0,0,0,0,0,0,0,0,0,0,0,0,1,0,0,0,0,0,0,0
N365695,AUSTINTOWN FITCH HIGH SCHOOL,F39099,21,OH,49660,"Youngstown-Warren, OH",566,"Youngstown-Warren-Salem, OH",0,0,0,0,0,0,1,0,0,0,0,0,0,0,0,0,0,0,0,0
N370030,ADAIR HS,F40097,42,OK,N,Non_CBSA,N,N,0,0,0,0,0,0,0,0,0,0,0,0,0,0,0,0,1,0,0,0
N370330,BIXBY HIGH SCHOOL,F40143,41,OK,46140,"Tulsa, OK",538,"Tulsa-Bartlesville-Muskogee, OK",0,0,0,0,1,0,0,0,0,0,0,0,0,0,0,0,0,0,0,0
N371180,DEER CREEK HIGH SCHOOL,F40109,41,OK,36420,"Oklahoma City, OK",416,"Oklahoma City-Shawnee, OK",0,0,0,0,0,0,0,0,0,0,1,0,0,0,0,0,0,0,0,0
N371186,EDMOND NORTH HIGH SCHOOL,F40109,21,OK,36420,"Oklahoma City, OK",416,"Oklahoma City-Shawnee, OK",0,0,1,0,0,0,0,0,0,0,0,0,0,0,0,0,0,0,0,0
N371241,CHISHOLM HIGH SCHOOL,F40047,41,OK,21420,"Enid, OK",N,N,0,0,0,0,0,0,0,0,0,0,0,0,0,0,0,0,1,0,0,0
N371880,INDIANOLA HIGH SCHOOL,F40121,43,OK,32540,"McAlester, OK",N,N,0,0,0,0,0,0,0,0,0,0,0,0,1,0,0,0,0,0,0,0
N371905,JENKS HIGH SCHOOL,F40143,21,OK,46140,"Tulsa, OK",538,"Tulsa-Bartlesville-Muskogee, OK",0,0,0,0,0,0,0,0,0,0,0,0,0,0,1,0,0,0,0,0
N372555,NORMAN HIGH SCHOOL,F40027,22,OK,36420,"Oklahoma City, OK",416,"Oklahoma City-Shawnee, OK",0,0,0,0,0,0,0,0,0,0,0,0,1,0,0,0,0,0,0,0
N372557,NORMAN HIGH SCHOOL NORTH,F40027,22,OK,36420,"Oklahoma City, OK",416,"Oklahoma City-Shawnee, OK",0,0,1,0,0,0,0,0,0,0,0,0,0,0,0,0,0,0,0,0
N372692,PUTNAM CITY WEST HIGH SCHOOL,F40109,11,OK,36420,"Oklahoma City, OK",416,"Oklahoma City-Shawnee, OK",0,0,0,0,0,0,0,0,0,0,0,0,0,0,0,0,1,0,0,0
N372765,OOLOGAH HIGH SCHOOL,F40131,42,OK,46140,"Tulsa, OK",538,"Tulsa-Bartlesville-Muskogee, OK",0,0,0,0,0,0,0,0,0,0,0,0,1,0,0,0,0,0,0,0
N373150,SALLISAW HIGH SCHOOL,F40135,41,OK,22900,"Fort Smith, AR-OK",N,N,1,0,0,0,0,0,0,0,0,0,0,0,0,0,0,0,0,0,0,0
N373210,SEMINOLE HIGH SCHOOL,F40133,41,OK,N,Non_CBSA,N,N,0,0,0,0,0,0,0,0,0,0,0,0,0,0,0,0,0,0,1,0
N373260,FAMILY OF FAITH CHRISTIAN SCH,F40125,NA,OK,43060,"Shawnee, OK",416,"Oklahoma City-Shawnee, OK",0,0,0,0,0,0,0,0,0,0,0,0,0,0,0,0,0,0,1,0
N374020,YUKON HIGH SCHOOL,F40017,21,OK,36420,"Oklahoma City, OK",416,"Oklahoma City-Shawnee, OK",0,0,0,0,0,0,0,0,1,0,0,0,0,0,0,0,0,0,0,0
N380570,LA GRANDE HIGH SCHOOL,F41061,33,OR,29260,"La Grande, OR",N,N,0,0,0,0,0,0,0,0,1,0,0,0,0,0,0,0,0,0,0,0
N380573,LAKERIDGE HIGH SCHOOL,F41005,21,OR,38900,"Portland-Vancouver-Hillsboro, OR-WA",440,"Portland-Vancouver-Salem, OR-WA",0,0,0,0,0,0,1,0,0,0,0,0,0,0,0,0,0,0,0,0
N380645,MCMINNVILLE SENIOR HIGH SCHOOL,F41071,32,OR,38900,"Portland-Vancouver-Hillsboro, OR-WA",440,"Portland-Vancouver-Salem, OR-WA",0,0,0,0,0,0,0,0,1,0,0,0,0,0,0,0,0,0,0,0
N380785,OREGON CITY HIGH SCHOOL,F41005,21,OR,38900,"Portland-Vancouver-Hillsboro, OR-WA",440,"Portland-Vancouver-Salem, OR-WA",0,0,0,0,0,0,1,0,0,0,0,0,0,0,0,0,0,0,0,0
N380880,U S GRANT HIGH SCHOOL,F41051,11,OR,38900,"Portland-Vancouver-Hillsboro, OR-WA",440,"Portland-Vancouver-Salem, OR-WA",0,0,0,0,0,0,0,0,0,0,1,0,0,0,0,0,1,0,0,0
N380920,ST MARYS ACADEMY,F41051,NA,OR,38900,"Portland-Vancouver-Hillsboro, OR-WA",440,"Portland-Vancouver-Salem, OR-WA",0,0,0,0,0,0,0,0,0,0,0,0,0,0,0,0,0,0,1,0
N380973,REDMOND PROFICIENCY ACADEMY,F41017,32,OR,13460,"Bend, OR",N,N,0,0,0,0,0,0,0,0,1,0,0,0,0,0,0,0,0,0,0,0
N381258,WILSONVILLE HIGH SCHOOL,F41005,21,OR,38900,"Portland-Vancouver-Hillsboro, OR-WA",440,"Portland-Vancouver-Salem, OR-WA",0,0,0,0,2,0,0,0,0,0,0,0,0,0,0,0,0,0,0,0
N390190,BANGOR AREA SENIOR HIGH SCHOOL,F42095,41,PA,10900,"Allentown-Bethlehem-Easton, PA-NJ",106,"Allentown-Bethlehem-East Stroudsburg, PA-NJ",0,0,0,0,0,0,0,0,1,0,0,0,0,0,0,0,0,0,0,0
N390300,MOHAWK AREA JUNIOR SENIOR HIGH SCHOOL,F42073,41,PA,38300,"Pittsburgh, PA",430,"Pittsburgh-Weirton-Steubenville, PA-OH-WV",0,0,0,0,1,0,0,0,0,0,0,0,0,0,0,0,0,0,0,0
N390385,NORTH STAR HIGH SCHOOL,F42111,42,PA,43740,"Somerset, PA",306,"Johnstown-Somerset, PA",0,0,0,0,0,0,0,0,0,0,0,0,0,0,0,0,0,0,1,0
N390435,HARRY S TRUMAN HIGH SCHOOL,F42017,21,PA,37980,"Philadelphia-Camden-Wilmington, PA-NJ-DE-MD",428,"Philadelphia-Reading-Camden, PA-NJ-DE-MD",0,0,0,0,0,0,0,0,0,0,0,0,0,0,1,0,0,0,0,0
N390527,CEDAR CLIFF HIGH SCHOOL,F42041,21,PA,25420,"Harrisburg-Carlisle, PA",276,"Harrisburg-York-Lebanon, PA",0,0,0,0,0,0,0,0,0,0,1,0,0,0,0,0,0,0,0,0
N390530,CANON-MCMILLAN HIGH SCHOOL,F42125,21,PA,38300,"Pittsburgh, PA",430,"Pittsburgh-Weirton-Steubenville, PA-OH-WV",0,0,0,0,0,0,0,0,0,0,0,0,0,0,0,0,1,0,0,0
N390535,PETERS TOWNSHIP HIGH SCHOOL,F42125,21,PA,38300,"Pittsburgh, PA",430,"Pittsburgh-Weirton-Steubenville, PA-OH-WV",0,0,0,0,0,0,0,0,0,0,0,0,0,0,1,0,1,0,0,0
N390560,CARLISLE HIGH SCHOOL,F42041,13,PA,25420,"Harrisburg-Carlisle, PA",276,"Harrisburg-York-Lebanon, PA",1,0,1,0,0,0,0,0,0,0,0,0,0,0,0,0,0,0,0,0
N390965,BLACKHAWK HIGH SCHOOL,F42007,41,PA,38300,"Pittsburgh, PA",430,"Pittsburgh-Weirton-Steubenville, PA-OH-WV",0,0,0,0,0,0,0,0,0,0,0,0,0,0,0,0,0,0,1,0
N391036,DOWNINGTOWN STEM ACADEMY,F42029,21,PA,37980,"Philadelphia-Camden-Wilmington, PA-NJ-DE-MD",428,"Philadelphia-Reading-Camden, PA-NJ-DE-MD",0,0,0,0,0,0,0,0,0,0,1,0,0,0,0,0,0,0,0,0
N391325,RED LAND HIGH SCHOOL,F42133,21,PA,49620,"York-Hanover, PA",276,"Harrisburg-York-Lebanon, PA",0,0,0,0,0,0,0,0,0,0,0,0,0,0,0,0,0,0,1,0
N391537,GARNET VALLEY HIGH SCHOOL,F42045,21,PA,37980,"Philadelphia-Camden-Wilmington, PA-NJ-DE-MD",428,"Philadelphia-Reading-Camden, PA-NJ-DE-MD",0,0,0,0,0,0,0,0,0,0,0,0,1,0,0,0,0,0,0,0
N391628,SOUTH WESTERN HIGH SCHOOL,F42133,23,PA,49620,"York-Hanover, PA",276,"Harrisburg-York-Lebanon, PA",0,0,0,0,1,0,0,0,0,0,0,0,0,0,0,0,0,0,0,0
N391790,COUNCIL ROCK HS SOUTH,F42017,21,PA,37980,"Philadelphia-Camden-Wilmington, PA-NJ-DE-MD",428,"Philadelphia-Reading-Camden, PA-NJ-DE-MD",0,0,0,0,0,0,1,0,0,0,0,0,0,0,0,0,0,0,0,0
N391835,MOSHANNON VALLEY HIGH SCHOOL,F42033,42,PA,20180,"DuBois, PA",524,"State College-DuBois, PA",0,0,0,0,0,0,0,0,0,0,1,0,0,0,0,0,0,0,0,0
N391855,LOWER DAUPHIN HIGH SCHOOL,F42043,21,PA,25420,"Harrisburg-Carlisle, PA",276,"Harrisburg-York-Lebanon, PA",0,0,0,0,1,0,0,0,0,0,0,0,0,0,0,0,0,0,0,0
N391895,NORWIN SENIOR HIGH SCHOOL,F42129,21,PA,38300,"Pittsburgh, PA",430,"Pittsburgh-Weirton-Steubenville, PA-OH-WV",1,0,0,0,0,0,0,0,0,0,0,0,0,0,0,0,0,0,0,0
N392040,WYOMING SEMINARY,F42079,21,PA,42540,"Scranton--Wilkes-Barre, PA",N,N,0,0,0,0,0,0,0,0,1,0,0,0,0,0,0,0,0,0,0,0
N392187,NEW COVENANT CHRISTIAN SCHOOL,F42075,23,PA,30140,"Lebanon, PA",276,"Harrisburg-York-Lebanon, PA",0,0,0,0,0,0,0,0,0,0,0,0,1,0,0,0,0,0,0,0
N392210,NORTH CLARION COUNTY SCHOOL,F42031,43,PA,N,Non_CBSA,N,N,0,0,0,0,0,0,0,0,0,0,0,0,0,0,0,0,1,0,0,0
N392270,BETHEL PARK SENIOR HIGH SCHOOL,F42003,21,PA,38300,"Pittsburgh, PA",430,"Pittsburgh-Weirton-Steubenville, PA-OH-WV",0,0,1,0,0,0,0,0,0,0,0,0,0,0,0,0,0,0,0,0
N392595,MIDD-WEST HIGH SCHOOL,F42109,42,PA,42780,"Selinsgrove, PA",146,"Bloomsburg-Berwick-Sunbury, PA",0,0,0,0,0,0,0,0,0,0,1,0,0,0,0,0,0,0,0,0
N392720,MONTOURSVILLE AREA HIGH SCHOOL,F42081,23,PA,48700,"Williamsport, PA",558,"Williamsport-Lock Haven, PA",0,0,0,0,0,0,0,0,0,0,0,0,1,0,0,0,0,0,0,0
N392840,EASTERN LEBANON COUNTY HIGH SCHOOL,F42075,41,PA,30140,"Lebanon, PA",276,"Harrisburg-York-Lebanon, PA",0,0,0,0,0,0,0,0,0,0,0,0,0,0,0,0,0,0,1,0
N392855,ST JOSEPH HIGH SCHOOL,F42003,21,PA,38300,"Pittsburgh, PA",430,"Pittsburgh-Weirton-Steubenville, PA-OH-WV",0,0,0,0,0,0,0,0,1,0,0,0,0,0,0,0,0,0,0,0
N392955,SOLEBURY SCHOOL,F42017,41,PA,37980,"Philadelphia-Camden-Wilmington, PA-NJ-DE-MD",428,"Philadelphia-Reading-Camden, PA-NJ-DE-MD",0,0,0,0,0,0,1,0,0,0,0,0,0,0,0,0,0,0,0,0
N393620,FOX CHAPEL AREA HIGH SCHOOL,F42003,21,PA,38300,"Pittsburgh, PA",430,"Pittsburgh-Weirton-Steubenville, PA-OH-WV",0,0,0,0,1,0,0,0,0,0,0,0,0,0,0,0,0,0,0,0
N393707,UPPER SAINT CLAIR HIGH SCHOOL,F42003,21,PA,38300,"Pittsburgh, PA",430,"Pittsburgh-Weirton-Steubenville, PA-OH-WV",1,0,0,0,0,0,0,0,0,0,0,0,0,0,0,0,0,0,0,0
N393745,NORTH ALLEGHENY SENIOR HIGH SCHOOL,F42003,NA,PA,38300,"Pittsburgh, PA",430,"Pittsburgh-Weirton-Steubenville, PA-OH-WV",0,0,0,0,0,0,0,0,0,0,0,0,0,0,0,0,0,0,1,0
N393768,CAPA HIGH SCHOOL,F42003,NA,PA,38300,"Pittsburgh, PA",430,"Pittsburgh-Weirton-Steubenville, PA-OH-WV",0,0,0,0,0,0,0,0,0,0,0,0,0,0,1,0,0,0,0,0
N393772,PLUM SENIOR HIGH SCHOOL,F42003,21,PA,38300,"Pittsburgh, PA",430,"Pittsburgh-Weirton-Steubenville, PA-OH-WV",0,0,0,0,0,0,0,0,0,0,0,0,0,0,1,0,0,0,0,0
N394190,RED LION AREA SENIOR HIGH SCHOOL,F42133,22,PA,49620,"York-Hanover, PA",276,"Harrisburg-York-Lebanon, PA",1,0,0,0,0,0,0,0,0,0,0,0,0,0,0,0,0,0,0,0
N394413,PENN FOSTER HIGH SCHOOL,F42069,NA,PA,42540,"Scranton--Wilkes-Barre, PA",N,N,0,0,0,0,0,0,0,0,0,0,0,0,0,0,0,0,0,0,0,1
N394460,SELINSGROVE AREA HIGH SCHOOL,F42109,32,PA,42780,"Selinsgrove, PA",146,"Bloomsburg-Berwick-Sunbury, PA",0,0,0,0,0,0,0,0,0,0,0,0,0,0,0,0,1,0,0,0
N394695,LAKEVIEW HIGH SCHOOL,F42085,NA,PA,25850,"Hermitage, PA",430,"Pittsburgh-Weirton-Steubenville, PA-OH-WV",0,0,0,0,0,0,0,0,0,0,0,0,0,0,0,0,0,0,1,0
N394715,STROUDSBURG HIGH SCHOOL,F42089,31,PA,20700,"East Stroudsburg, PA",106,"Allentown-Bethlehem-East Stroudsburg, PA-NJ",0,0,0,0,0,0,1,0,0,0,0,0,0,0,0,0,0,0,0,0
N394955,UNIONVILLE HIGH SCHOOL,F42029,21,PA,37980,"Philadelphia-Camden-Wilmington, PA-NJ-DE-MD",428,"Philadelphia-Reading-Camden, PA-NJ-DE-MD",1,0,0,0,0,0,0,0,0,0,0,0,0,0,0,0,0,0,0,0
N395162,BISHOP SHANAHAN HIGH SCHOOL,F42029,21,PA,37980,"Philadelphia-Camden-Wilmington, PA-NJ-DE-MD",428,"Philadelphia-Reading-Camden, PA-NJ-DE-MD",0,0,0,0,0,0,0,0,1,0,0,0,0,0,0,0,0,0,0,0
N395300,WILLIAMSBURG HIGH SCHOOL,F42013,42,PA,11020,"Altoona, PA",107,"Altoona-Huntingdon, PA",0,0,0,0,0,0,0,0,1,0,0,0,0,0,0,0,0,0,0,0
N395395,WYALUSING VALLEY JUNIOR SENIOR HIGH SCHOOL,F42015,42,PA,42380,"Sayre, PA",N,N,0,0,0,0,0,0,0,0,0,0,0,0,0,0,0,0,0,0,1,0
N400055,BURRILLVILLE HIGH SCHOOL,F44007,21,RI,39300,"Providence-Warwick, RI-MA",148,"Boston-Worcester-Providence, MA-RI-NH",0,0,0,0,0,0,0,0,0,0,0,0,0,0,0,0,0,0,1,0
N400110,ST RAPHAEL ACADEMY,F44007,21,RI,39300,"Providence-Warwick, RI-MA",148,"Boston-Worcester-Providence, MA-RI-NH",0,0,0,0,0,0,0,0,0,0,1,0,0,0,0,0,0,0,0,0
N400130,PORTSMOUTH MIDDLE SCHOOL,F44005,21,RI,39300,"Providence-Warwick, RI-MA",148,"Boston-Worcester-Providence, MA-RI-NH",1,0,0,0,0,0,0,0,0,0,0,0,0,0,0,0,0,0,0,0
N400228,"PROUT SCHOOL, THE",F44009,NA,RI,39300,"Providence-Warwick, RI-MA",148,"Boston-Worcester-Providence, MA-RI-NH",0,0,0,0,0,0,0,0,0,0,0,0,0,0,1,0,0,0,0,0
N400238,BISHOP HENDRICKEN HIGH SCHOOL,F44003,NA,RI,39300,"Providence-Warwick, RI-MA",148,"Boston-Worcester-Providence, MA-RI-NH",0,0,0,0,0,0,0,0,0,0,0,0,1,0,0,0,0,0,0,0
N410285,CAMDEN MILITARY ACADEMY,F45055,NA,SC,17900,"Columbia, SC",192,"Columbia-Sumter-Orangeburg, SC",0,0,0,0,0,0,0,0,0,0,0,0,0,0,1,0,0,0,0,0
N411363,MAULDIN HIGH SCHOOL,F45045,13,SC,24860,"Greenville-Anderson-Greer, SC",273,"Greenville-Spartanburg-Anderson, SC",0,0,0,0,0,0,0,0,0,0,0,0,1,0,0,0,0,0,0,0
N411445,WANDO HIGH SCHOOL,F45019,21,SC,16700,"Charleston-North Charleston, SC",N,N,0,0,0,0,0,0,0,0,0,0,0,0,0,0,1,0,0,0,0,0
N411698,NORTHWESTERN HIGH SCHOOL,F45091,13,SC,16740,"Charlotte-Concord-Gastonia, NC-SC",172,"Charlotte-Concord, NC-SC",0,0,0,0,0,0,1,0,0,0,0,0,0,0,0,0,0,0,0,0
N411900,SUMMERVILLE HIGH SCHOOL,F45035,21,SC,16700,"Charleston-North Charleston, SC",N,N,0,0,0,0,0,0,0,0,0,0,0,0,1,0,0,0,0,0,0,0
N411904,CRESTWOOD HIGH SCHOOL,F45085,NA,SC,44940,"Sumter, SC",192,"Columbia-Sumter-Orangeburg, SC",0,0,0,0,0,0,0,0,0,0,0,0,0,0,0,0,1,0,0,0
N420000,CENTRAL HIGH SCHOOL,F46013,33,SD,10100,"Aberdeen, SD",N,N,0,0,0,0,0,0,0,0,0,0,1,0,0,0,0,0,0,0,0,0
N420070,BALTIC HIGH SCHOOL,F46099,42,SD,43620,"Sioux Falls, SD-MN",N,N,0,0,0,0,0,0,0,0,0,0,0,0,1,0,0,0,0,0,0,0
N420140,BRANDON VALLEY HIGH SCHOOL,F46099,31,SD,43620,"Sioux Falls, SD-MN",N,N,1,0,1,0,0,0,1,0,0,0,0,0,0,0,0,0,0,0,0,0
N420170,BROOKINGS HIGH SCHOOL,F46011,33,SD,15100,"Brookings, SD",N,N,0,0,1,0,0,0,0,0,0,0,0,0,1,0,0,0,0,0,2,0
N420215,CANTON HIGH SCHOOL,F46083,42,SD,43620,"Sioux Falls, SD-MN",N,N,0,0,0,0,0,0,0,0,0,0,1,0,0,0,1,0,0,0,2,0
N420240,CHAMBERLAIN HIGH SCHOOL,F46015,43,SD,N,Non_CBSA,N,N,0,0,0,0,0,0,0,0,0,0,0,0,0,0,0,0,0,0,2,0
N420325,DELL RAPIDS JUNIOR SENIOR HIGH SCHOOL,F46099,42,SD,43620,"Sioux Falls, SD-MN",N,N,0,0,0,0,0,0,0,0,0,0,0,0,2,0,0,0,0,0,0,0
N420375,ELK POINT-JEFFERSON HS,F46127,42,SD,43580,"Sioux City, IA-NE-SD",512,"Sioux City-Le Mars, IA-NE-SD",0,0,0,0,0,0,0,0,0,0,0,0,0,0,0,0,0,0,1,0
N420477,FREEMAN HI SCH,F46067,43,SD,N,Non_CBSA,N,N,0,0,0,0,0,0,0,0,0,0,0,0,0,0,0,0,0,0,1,0
N420560,HARRISBURG HIGH SCHOOL,F46083,31,SD,43620,"Sioux Falls, SD-MN",N,N,3,0,0,0,0,0,0,0,0,0,1,0,0,0,2,0,1,0,1,0
N420705,DAKOTA VALLEY HIGH SCHOOL,F46127,22,SD,43580,"Sioux City, IA-NE-SD",512,"Sioux City-Le Mars, IA-NE-SD",0,0,0,0,1,0,4,0,1,0,0,0,1,0,1,0,1,0,1,0
N420780,LENNOX HI SCH,F46083,42,SD,43620,"Sioux Falls, SD-MN",N,N,0,1,1,0,0,0,0,0,0,0,0,0,0,0,0,0,1,0,1,0
N420985,PARKSTON HI SCH,F46067,43,SD,N,Non_CBSA,N,N,0,0,0,0,0,0,0,0,0,0,0,0,1,0,0,0,0,0,0,0
N421015,THEODORE F RIGGS HIGH SCHOOL,F46065,33,SD,38180,"Pierre, SD",N,N,0,0,0,0,0,0,0,0,0,0,0,0,0,0,0,0,0,0,1,0
N421020,RED CLOUD INDIAN SCHOOL,F46102,42,SD,N,Non_CBSA,N,N,0,0,0,0,0,0,0,0,0,0,0,0,0,0,0,0,0,0,1,0
N421070,RAPID CITY CENTRAL HIGH,F46103,13,SD,39660,"Rapid City, SD",452,"Rapid City-Spearfish, SD",0,0,0,0,0,0,0,0,0,0,0,0,4,0,0,0,0,0,0,0
N421072,STEVENS HIGH SCHOOL,F46103,13,SD,39660,"Rapid City, SD",452,"Rapid City-Spearfish, SD",0,0,0,0,0,0,0,0,0,0,0,0,0,0,1,0,1,0,0,0
N421175,O'GORMAN HIGH SCHOOL,F46099,12,SD,43620,"Sioux Falls, SD-MN",N,N,1,0,0,0,3,0,1,0,1,0,0,0,1,0,0,0,3,0,1,0
N421178,LINCOLN HIGH SCHOOL,F46099,12,SD,43620,"Sioux Falls, SD-MN",N,N,2,0,3,0,1,0,2,0,0,0,0,0,1,0,1,0,2,0,0,0
N421182,SIOUX FALLS CHRISTIAN SCHOOLS,F46083,41,SD,43620,"Sioux Falls, SD-MN",N,N,1,0,1,0,1,0,0,0,0,0,1,0,0,0,1,0,0,0,0,0
N421183,ROOSEVELT HIGH SCHOOL,F46099,12,SD,43620,"Sioux Falls, SD-MN",N,N,0,0,0,0,0,0,0,0,0,0,1,0,1,0,0,0,0,0,0,0
N421185,WASHINGTON HIGH SCHOOL,F46099,12,SD,43620,"Sioux Falls, SD-MN",N,N,1,1,0,0,1,0,0,0,0,0,1,0,1,0,1,0,0,0,0,0
N421315,VERMILLION HIGH SCHOOL,F46027,32,SD,46820,"Vermillion, SD",N,N,0,0,0,0,0,0,0,0,1,0,0,0,0,0,0,0,0,0,0,0
N421385,WATERTOWN SENIOR HIGH SCHOOL,F46029,33,SD,47980,"Watertown, SD",N,N,0,0,0,0,0,0,0,0,0,0,0,0,0,0,0,0,1,0,0,0
N421500,YANKTON SENIOR HIGH SCHOOL,F46135,33,SD,49460,"Yankton, SD",N,N,0,0,0,0,2,0,1,0,0,0,0,0,0,0,0,0,0,0,0,0
N430410,COLLIERVILLE HIGH SCHOOL,F47157,41,TN,32820,"Memphis, TN-MS-AR",368,"Memphis-Clarksdale-Forrest City, TN-MS-AR",1,0,0,0,0,0,0,0,0,0,0,0,0,0,0,0,0,0,0,0
N430451,SAINT BENEDICT AUBURNDALE,F47157,11,TN,32820,"Memphis, TN-MS-AR",368,"Memphis-Clarksdale-Forrest City, TN-MS-AR",0,0,0,0,0,0,0,0,0,0,1,0,0,0,0,0,0,0,0,0
N430453,EVANGELICAL CHRISTIAN SCHOOL OF MEMPHIS INC.,F47157,11,TN,32820,"Memphis, TN-MS-AR",368,"Memphis-Clarksdale-Forrest City, TN-MS-AR",1,0,0,0,0,0,0,0,0,0,0,0,0,0,0,0,0,0,0,0
N430640,CENTRAL HIGH SCHOOL MCMINN COUNTY,F47107,41,TN,11940,"Athens, TN",174,"Chattanooga-Cleveland-Dalton, TN-GA-AL",0,0,0,0,0,0,0,0,0,0,1,0,0,0,0,0,0,0,0,0
N430894,POPE JOHN PAUL II HIGH SCHOOL,F47165,41,TN,34980,"Nashville-Davidson--Murfreesboro--Franklin, TN",400,"Nashville-Davidson--Murfreesboro, TN",0,0,0,0,0,0,0,0,0,0,0,0,0,0,0,0,1,0,0,0
N431094,CHRISTIAN ACADEMY OF KNOXVILLE,F47093,12,TN,28940,"Knoxville, TN",315,"Knoxville-Morristown-Sevierville, TN",1,0,0,0,0,0,0,0,0,0,0,0,0,0,0,0,0,0,0,0
N431280,WESTVIEW HIGH SCHOOL,F47183,41,TN,32280,"Martin, TN",542,"Union City-Martin, TN",0,0,1,0,0,0,0,0,0,0,0,0,0,0,0,0,0,0,0,0
N431417,HARDING ACADEMY OF MEMPHIS,F47157,11,TN,32820,"Memphis, TN-MS-AR",368,"Memphis-Clarksdale-Forrest City, TN-MS-AR",0,0,0,0,0,0,0,0,0,0,1,0,0,0,0,0,0,0,0,0
N431690,HUME-FOGG ACADEMIC HIGH SCHOOL,F47037,11,TN,34980,"Nashville-Davidson--Murfreesboro--Franklin, TN",400,"Nashville-Davidson--Murfreesboro, TN",0,0,0,0,0,0,0,0,0,0,0,0,0,0,1,0,0,0,0,0
N432035,ST ANDREW'S-SEWANEE SCHOOL,F47051,42,TN,49010,"Winchester, TN",400,"Nashville-Davidson--Murfreesboro, TN",0,0,0,0,0,0,1,0,0,0,0,0,0,0,0,0,0,0,0,0
N432109,SIGNAL MOUNTAIN MIDDLE/HS,F47065,NA,TN,16860,"Chattanooga, TN-GA",174,"Chattanooga-Cleveland-Dalton, TN-GA-AL",0,0,0,0,0,0,0,0,0,0,0,0,1,0,0,0,0,0,0,0
N440018,RAY BRASWELL H S,F48121,21,TX,19100,"Dallas-Fort Worth-Arlington, TX",206,"Dallas-Fort Worth, TX-OK",0,0,0,0,0,0,0,0,0,0,0,0,0,0,0,0,1,0,1,0
N440034,YES PREP EISENHOWER,F48201,11,TX,26420,"Houston-Pasadena-The Woodlands, TX",288,"Houston-Pasadena, TX",0,0,0,0,0,0,0,0,1,0,0,0,0,0,0,0,0,0,0,0
N440041,ACADEMY OF TECH/ENG/MATH/SCI,F48441,NA,TX,10180,"Abilene, TX",101,"Abilene-Sweetwater, TX",0,0,0,0,0,0,0,0,0,0,0,0,0,0,1,0,0,0,0,0
N440047,CYPRESS PARK HIGH SCHOOL,F48201,NA,TX,26420,"Houston-Pasadena-The Woodlands, TX",288,"Houston-Pasadena, TX",0,0,0,0,0,0,0,0,0,0,0,0,0,0,0,0,0,0,1,0
N440065,ALEDO HIGH SCHOOL,F48367,31,TX,19100,"Dallas-Fort Worth-Arlington, TX",206,"Dallas-Fort Worth, TX-OK",0,0,0,0,0,0,0,0,0,0,0,0,0,0,0,0,0,0,1,0
N440069,LASA H S,F48453,11,TX,12420,"Austin-Round Rock-San Marcos, TX",N,N,1,0,0,0,0,0,1,0,0,0,0,0,0,0,1,0,0,0,0,0
N440077,ALLEN HIGH SCHOOL,F48085,21,TX,19100,"Dallas-Fort Worth-Arlington, TX",206,"Dallas-Fort Worth, TX-OK",0,0,0,0,0,0,0,0,0,0,1,0,1,0,0,0,0,0,0,0
N440103,AESA PREP ACADEMY,F48209,41,TX,12420,"Austin-Round Rock-San Marcos, TX",N,N,0,0,0,0,1,0,0,0,0,0,0,0,0,0,0,0,0,0,0,0
N440125,AMARILLO HIGH SCHOOL,F48381,12,TX,11100,"Amarillo, TX",108,"Amarillo-Borger, TX",0,0,0,0,0,0,0,0,0,0,0,0,0,0,0,0,0,0,1,0
N440240,ARLINGTON HIGH SCHOOL,F48439,11,TX,19100,"Dallas-Fort Worth-Arlington, TX",206,"Dallas-Fort Worth, TX-OK",0,0,0,0,0,0,0,0,0,0,1,0,0,0,0,0,0,0,0,0
N440256,ARGYLE HIGH SCHOOL,F48121,41,TX,19100,"Dallas-Fort Worth-Arlington, TX",206,"Dallas-Fort Worth, TX-OK",0,0,0,0,0,0,0,0,0,0,1,0,1,0,0,0,0,0,0,0
N440259,JUAN SEGUIN HIGH SCHOOL,F48439,11,TX,19100,"Dallas-Fort Worth-Arlington, TX",206,"Dallas-Fort Worth, TX-OK",0,0,0,0,0,0,0,0,0,0,0,0,0,0,0,0,0,0,1,0
N440265,SOUTHWEST HIGH SCHOOL,F48029,41,TX,41700,"San Antonio-New Braunfels, TX",484,"San Antonio-New Braunfels-Kerrville, TX",0,0,2,0,0,0,0,0,0,0,0,0,0,0,0,0,0,0,0,0
N440281,BRIDGELAND HIGH SCHOOL,F48201,NA,TX,26420,"Houston-Pasadena-The Woodlands, TX",288,"Houston-Pasadena, TX",0,0,0,0,0,0,0,0,0,0,0,0,0,0,0,0,1,0,0,0
N440294,L C ANDERSON HIGH SCHOOL,F48453,11,TX,12420,"Austin-Round Rock-San Marcos, TX",N,N,0,0,0,0,0,0,0,0,0,0,0,0,0,0,1,0,0,0,1,0
N440303,MCNEIL HIGH SCHOOL,F48453,21,TX,12420,"Austin-Round Rock-San Marcos, TX",N,N,1,0,1,0,0,0,0,0,0,0,0,0,0,0,0,0,0,0,0,0
N440311,LAKE TRAVIS HIGH SCHOOL,F48453,21,TX,12420,"Austin-Round Rock-San Marcos, TX",N,N,1,0,0,0,0,0,0,0,0,0,0,0,0,0,0,0,0,0,0,0
N440326,WESTWOOD HIGH SCHOOL,F48491,11,TX,12420,"Austin-Round Rock-San Marcos, TX",N,N,0,0,0,0,0,0,0,0,0,0,0,0,0,0,0,0,0,0,1,0
N440331,JAMES BOWIE HIGH SCHOOL,F48453,11,TX,12420,"Austin-Round Rock-San Marcos, TX",N,N,0,0,1,0,0,0,0,0,0,0,0,0,0,0,0,0,0,0,0,0
N440408,FUSION ACADEMY - SUGAR LAND,F48157,12,TX,26420,"Houston-Pasadena-The Woodlands, TX",288,"Houston-Pasadena, TX",0,0,0,0,1,0,0,0,0,0,0,0,0,0,0,0,0,0,0,0
N440416,MEMORIAL HIGH SCHOOL,F48121,NA,TX,19100,"Dallas-Fort Worth-Arlington, TX",206,"Dallas-Fort Worth, TX-OK",0,0,0,0,0,0,0,0,0,0,0,0,1,0,0,0,0,0,0,0
N440423,TEXAS VIRTUAL ACDMY HALLSVILLE,F48121,NA,TX,19100,"Dallas-Fort Worth-Arlington, TX",206,"Dallas-Fort Worth, TX-OK",0,0,0,0,0,0,0,0,0,0,0,0,0,0,0,0,1,0,0,0
N440513,WEST BROOK SENIOR HIGH SCHOOL,F48245,41,TX,13140,"Beaumont-Port Arthur, TX",N,N,0,0,1,0,0,0,0,0,0,0,0,0,0,0,0,0,0,0,0,0
N440557,BELLAIRE SENIOR HIGH SCHOOL,F48201,21,TX,26420,"Houston-Pasadena-The Woodlands, TX",288,"Houston-Pasadena, TX",0,0,0,0,0,0,0,0,0,0,0,0,0,0,0,0,1,0,0,0
N440780,BOVINA HIGH SCHOOL,F48369,43,TX,N,Non_CBSA,N,N,0,0,0,0,0,0,1,0,0,0,0,0,0,0,0,0,0,0,0,0
N441146,HEBRON HIGH SCHOOL,F48121,21,TX,19100,"Dallas-Fort Worth-Arlington, TX",206,"Dallas-Fort Worth, TX-OK",0,0,0,0,1,0,0,0,0,0,0,0,0,0,0,0,0,0,0,0
N441176,VISTA RIDGE H S,F48491,21,TX,12420,"Austin-Round Rock-San Marcos, TX",N,N,0,0,0,0,0,0,0,0,0,0,0,0,0,0,0,0,0,0,1,0
N441401,COLLEGE STATION H S,F48041,12,TX,17780,"College Station-Bryan, TX",N,N,0,0,0,0,0,0,0,0,0,0,0,0,0,0,0,0,1,0,0,0
N441404,KOR EDUCATION SCHOOL,F48041,NA,TX,17780,"College Station-Bryan, TX",N,N,0,0,0,0,0,0,0,0,0,0,0,0,0,0,0,0,1,0,0,0
N441471,THE WOODLANDS HIGH SCHOOL,F48339,12,TX,26420,"Houston-Pasadena-The Woodlands, TX",288,"Houston-Pasadena, TX",2,0,1,0,0,0,1,0,0,0,0,0,0,0,0,0,0,0,0,0
N441500,FLOUR BLUFF HIGH SCHOOL,F48355,11,TX,18580,"Corpus Christi, TX",204,"Corpus Christi-Kingsville-Alice, TX",0,0,0,0,0,0,0,1,0,0,0,0,0,0,0,0,0,0,0,0
N441509,RICHARD KING HIGH SCHOOL,F48355,11,TX,18580,"Corpus Christi, TX",204,"Corpus Christi-Kingsville-Alice, TX",0,0,0,0,0,0,0,0,0,0,0,0,1,0,0,0,0,0,0,0
N441516,VETERANS MEMORIAL H S,F48355,11,TX,18580,"Corpus Christi, TX",204,"Corpus Christi-Kingsville-Alice, TX",0,0,0,0,0,0,0,0,0,0,0,0,1,0,0,0,0,0,0,0
N441523,THE CONNECTION SCHOOL OF HOUSTON,F48201,21,TX,26420,"Houston-Pasadena-The Woodlands, TX",288,"Houston-Pasadena, TX",0,0,1,0,0,0,0,0,0,0,0,0,0,0,0,0,0,0,0,0
N441525,TULOSO-MIDWAY HIGH SCHOOL,F48355,11,TX,18580,"Corpus Christi, TX",204,"Corpus Christi-Kingsville-Alice, TX",0,0,1,0,0,0,0,0,0,0,0,0,0,0,0,0,0,0,0,0
N441529,COLLEGIATE HIGH SCHOOL,F48355,NA,TX,18580,"Corpus Christi, TX",204,"Corpus Christi-Kingsville-Alice, TX",0,0,0,0,0,0,0,0,0,0,0,0,1,0,0,0,0,0,0,0
N441530,W B RAY HIGH SCHOOL,F48355,11,TX,18580,"Corpus Christi, TX",204,"Corpus Christi-Kingsville-Alice, TX",0,0,0,0,1,0,0,0,0,0,0,0,0,0,0,0,0,0,0,0
N441647,CROWLEY HIGH SCHOOL,F48439,21,TX,19100,"Dallas-Fort Worth-Arlington, TX",206,"Dallas-Fort Worth, TX-OK",1,0,0,0,0,0,0,0,0,0,0,0,0,0,0,0,0,0,0,0
N441689,CYPRESS RANCH H S,F48201,21,TX,26420,"Houston-Pasadena-The Woodlands, TX",288,"Houston-Pasadena, TX",0,0,1,0,0,0,0,0,0,0,0,0,0,0,0,0,1,0,0,0
N441712,DALLAS INTERNATIONAL SCHOOL,F48085,NA,TX,19100,"Dallas-Fort Worth-Arlington, TX",206,"Dallas-Fort Worth, TX-OK",0,0,0,0,0,0,0,0,0,0,0,0,0,0,1,0,0,0,0,0
N441718,BISHOP LYNCH HIGH SCHOOL,F48113,11,TX,19100,"Dallas-Fort Worth-Arlington, TX",206,"Dallas-Fort Worth, TX-OK",0,0,0,0,1,0,0,0,0,0,0,0,0,0,0,0,0,0,0,0
N441729,DAVID W CARTER HIGH SCHOOL,F48113,11,TX,19100,"Dallas-Fort Worth-Arlington, TX",206,"Dallas-Fort Worth, TX-OK",1,0,0,0,0,0,0,0,0,0,0,0,0,0,0,0,0,0,0,0
N441740,HIGHLAND PARK HIGH SCHOOL,F48113,21,TX,19100,"Dallas-Fort Worth-Arlington, TX",206,"Dallas-Fort Worth, TX-OK",0,0,0,0,0,0,0,0,0,0,0,0,0,0,0,0,1,0,0,0
N441755,JESUIT COLLEGE PREP SCHOOL,F48113,11,TX,19100,"Dallas-Fort Worth-Arlington, TX",206,"Dallas-Fort Worth, TX-OK",0,0,0,0,0,0,0,0,1,0,0,0,0,0,0,0,0,0,0,0
N441758,LAKE HIGHLANDS HIGH SCHOOL,F48113,11,TX,19100,"Dallas-Fort Worth-Arlington, TX",206,"Dallas-Fort Worth, TX-OK",0,0,0,0,0,0,1,0,0,0,0,0,0,0,0,0,0,0,0,0
N441811,SCIENCE AND ENGINEERING MAGNET AT TOWNVIEW CENTER,F48113,11,TX,19100,"Dallas-Fort Worth-Arlington, TX",206,"Dallas-Fort Worth, TX-OK",0,0,1,0,0,0,0,0,0,0,0,0,0,0,0,0,0,0,0,0
N441814,TALENTED AND GIFTED MAGNET SCHOOL,F48113,11,TX,19100,"Dallas-Fort Worth-Arlington, TX",206,"Dallas-Fort Worth, TX-OK",0,0,0,0,0,0,0,0,0,0,0,0,0,0,0,0,0,0,1,0
N441835,WOODROW WILSON HIGH SCHOOL,F48113,11,TX,19100,"Dallas-Fort Worth-Arlington, TX",206,"Dallas-Fort Worth, TX-OK",0,0,0,0,0,0,0,0,0,0,0,0,0,1,0,0,0,0,0,0
N441853,IRMA RANGEL YOUNG WOMENS LEADERSHIP SCHOOL,F48113,11,TX,19100,"Dallas-Fort Worth-Arlington, TX",206,"Dallas-Fort Worth, TX-OK",1,0,0,0,2,0,0,0,0,0,0,0,0,0,0,0,0,0,0,0
N441887,WILMER-HUTCHINS HIGH SCHOOL,F48113,NA,TX,19100,"Dallas-Fort Worth-Arlington, TX",206,"Dallas-Fort Worth, TX-OK",0,0,0,0,0,0,0,0,0,0,0,0,0,0,0,0,0,0,1,0
N441901,HEIGHTS PREPARATORY HIGH SCHL,F48113,11,TX,19100,"Dallas-Fort Worth-Arlington, TX",206,"Dallas-Fort Worth, TX-OK",0,0,0,0,0,0,1,0,0,0,0,0,0,0,0,0,0,0,0,0
N441946,JOHN H GUYER HIGH SCHOOL,F48121,12,TX,19100,"Dallas-Fort Worth-Arlington, TX",206,"Dallas-Fort Worth, TX-OK",0,0,1,0,0,0,0,0,0,0,0,0,0,0,0,0,0,0,0,0
N441954,TEXAS ACADEMY MATH & SCIENCE,F48121,12,TX,19100,"Dallas-Fort Worth-Arlington, TX",206,"Dallas-Fort Worth, TX-OK",0,0,1,0,0,0,0,0,0,0,0,0,0,0,0,0,0,0,0,0
N442065,DRIPPING SPRINGS HIGH SCHOOL,F48209,42,TX,12420,"Austin-Round Rock-San Marcos, TX",N,N,1,0,0,0,0,0,1,0,0,0,0,0,0,0,0,0,0,0,0,0
N442144,IDEA QUEST COLLEGE PREPARATORY,F48215,41,TX,32580,"McAllen-Edinburg-Mission, TX",365,"McAllen-Edinburg, TX",1,0,0,0,0,0,0,0,0,0,0,0,0,0,0,0,0,0,0,0
N442195,EL DORADO H S,F48141,11,TX,21340,"El Paso, TX",238,"El Paso-Las Cruces, TX-NM",1,0,0,0,0,0,0,0,0,0,0,0,0,0,0,0,0,0,0,0
N442322,TRINITY HIGH SCHOOL,F48439,21,TX,19100,"Dallas-Fort Worth-Arlington, TX",206,"Dallas-Fort Worth, TX-OK",0,0,1,0,0,0,0,0,0,0,0,0,0,0,0,0,0,0,0,0
N442368,PARISH EPISCOPAL SCHOOL,F48113,21,TX,19100,"Dallas-Fort Worth-Arlington, TX",206,"Dallas-Fort Worth, TX-OK",0,0,0,0,0,0,0,0,0,0,1,0,0,0,0,0,0,0,0,0
N442434,FLOWER MOUND HS,F48121,21,TX,19100,"Dallas-Fort Worth-Arlington, TX",206,"Dallas-Fort Worth, TX-OK",1,0,0,0,0,0,1,0,0,0,0,0,0,0,0,0,0,0,1,0
N442436,CORAM DEO ACADEMY,F48121,NA,TX,19100,"Dallas-Fort Worth-Arlington, TX",206,"Dallas-Fort Worth, TX-OK",0,0,0,0,0,0,0,0,0,0,0,0,0,0,0,0,0,0,1,0
N442488,HERITAGE H S,F48085,21,TX,19100,"Dallas-Fort Worth-Arlington, TX",206,"Dallas-Fort Worth, TX-OK",1,0,0,0,0,0,1,0,1,0,0,0,0,0,0,0,0,0,1,0
N442489,YOUNG WOMEN'S LEADERSHIP ACADEMY,F48439,11,TX,19100,"Dallas-Fort Worth-Arlington, TX",206,"Dallas-Fort Worth, TX-OK",0,0,0,0,0,0,1,0,0,0,0,0,0,0,0,0,0,0,0,0
N442498,ALL SAINTS EPISCOPAL SCHOOL,F48439,11,TX,19100,"Dallas-Fort Worth-Arlington, TX",206,"Dallas-Fort Worth, TX-OK",0,0,0,0,0,0,0,0,0,0,0,0,0,0,1,0,0,0,0,0
N442500,AMON CARTER-RIVERSIDE HIGH SCHOOL,F48439,11,TX,19100,"Dallas-Fort Worth-Arlington, TX",206,"Dallas-Fort Worth, TX-OK",1,0,0,0,0,0,0,0,0,0,0,0,0,0,0,0,0,0,0,0
N442549,NOLAN CATHOLIC HIGH SCHOOL,F48439,11,TX,19100,"Dallas-Fort Worth-Arlington, TX",206,"Dallas-Fort Worth, TX-OK",1,0,0,0,0,0,0,0,0,0,0,0,0,0,1,0,0,0,0,0
N442558,RICHLAND SENIOR HIGH SCHOOL,F48439,21,TX,19100,"Dallas-Fort Worth-Arlington, TX",206,"Dallas-Fort Worth, TX-OK",0,0,1,0,0,0,0,0,0,0,0,0,0,0,0,0,0,0,0,0
N442583,CENTRAL HIGH SCHOOL,F48439,11,TX,19100,"Dallas-Fort Worth-Arlington, TX",206,"Dallas-Fort Worth, TX-OK",0,0,0,0,0,0,0,0,0,0,1,0,0,0,0,0,0,0,0,0
N442602,WAKELAND H S,F48121,21,TX,19100,"Dallas-Fort Worth-Arlington, TX",206,"Dallas-Fort Worth, TX-OK",1,0,0,0,0,0,0,0,0,0,0,0,0,0,0,0,0,0,0,0
N442611,V R EATON H S,F48439,11,TX,19100,"Dallas-Fort Worth-Arlington, TX",206,"Dallas-Fort Worth, TX-OK",0,0,0,0,0,0,0,0,0,0,1,0,0,0,0,0,0,0,0,0
N442627,REEDY HIGH SCHOOL,F48121,21,TX,19100,"Dallas-Fort Worth-Arlington, TX",206,"Dallas-Fort Worth, TX-OK",0,0,0,0,0,0,0,0,0,0,0,0,0,0,0,0,0,0,1,0
N442635,FRISCO HIGH SCHOOL,F48085,21,TX,19100,"Dallas-Fort Worth-Arlington, TX",206,"Dallas-Fort Worth, TX-OK",0,0,0,0,0,0,0,0,0,0,0,0,1,0,0,0,0,0,0,0
N442690,BALL HIGH SCHOOL,F48167,13,TX,26420,"Houston-Pasadena-The Woodlands, TX",288,"Houston-Pasadena, TX",0,0,0,0,0,0,0,0,1,0,0,0,0,0,0,0,0,0,0,0
N442965,GRAPEVINE SENIOR HIGH SCHOOL,F48439,13,TX,19100,"Dallas-Fort Worth-Arlington, TX",206,"Dallas-Fort Worth, TX-OK",0,0,0,0,0,0,0,0,0,0,0,0,1,0,0,0,0,0,0,0
N443128,MARINE MILITARY ACADEMY,F48061,13,TX,15180,"Brownsville-Harlingen, TX",154,"Brownsville-Harlingen-Raymondville, TX",0,0,0,0,0,0,0,0,1,0,0,0,0,0,0,0,0,0,0,0
N443191,ROCKWALL-HEATH H S,F48397,21,TX,19100,"Dallas-Fort Worth-Arlington, TX",206,"Dallas-Fort Worth, TX-OK",0,0,0,0,1,0,0,0,0,0,0,0,0,0,0,0,1,0,0,0
N443203,YES PREP - SOUTHWEST,F48157,21,TX,26420,"Houston-Pasadena-The Woodlands, TX",288,"Houston-Pasadena, TX",1,0,0,0,1,0,1,0,0,0,0,0,0,0,0,0,0,0,0,0
N443292,YES PREP - GULFTON,F48201,11,TX,26420,"Houston-Pasadena-The Woodlands, TX",288,"Houston-Pasadena, TX",0,0,0,0,0,0,0,0,0,0,0,0,0,0,0,0,0,0,1,0
N443312,YES COLLEGE PREPARATORY SCHOOL,F48201,11,TX,26420,"Houston-Pasadena-The Woodlands, TX",288,"Houston-Pasadena, TX",0,0,1,0,0,0,0,0,0,0,0,0,0,0,0,0,0,0,0,0
N443381,JERSEY VILLAGE HIGH SCHOOL,F48201,21,TX,26420,"Houston-Pasadena-The Woodlands, TX",288,"Houston-Pasadena, TX",0,0,0,0,0,0,0,0,0,0,0,0,0,0,0,0,0,0,1,0
N443426,MAYDE CREEK HIGH SCHOOL,F48201,21,TX,26420,"Houston-Pasadena-The Woodlands, TX",288,"Houston-Pasadena, TX",0,0,1,0,0,0,0,0,0,0,0,0,0,0,0,0,0,0,0,0
N443432,ST PIUS X HIGH SCHOOL,F48201,11,TX,26420,"Houston-Pasadena-The Woodlands, TX",288,"Houston-Pasadena, TX",1,0,0,0,0,0,0,0,0,0,0,0,0,0,0,0,0,0,0,0
N443481,HARGRAVE HIGH SCHOOL,F48201,41,TX,26420,"Houston-Pasadena-The Woodlands, TX",288,"Houston-Pasadena, TX",0,0,0,0,1,0,0,0,0,0,0,0,0,0,0,0,0,0,0,0
N443500,HUNTSVILLE HIGH SCHOOL,F48471,32,TX,26660,"Huntsville, TX",288,"Houston-Pasadena, TX",0,0,0,0,1,0,0,0,0,0,0,0,0,0,0,0,0,0,0,0
N443502,LAWRENCE D BELL HIGH SCHOOL,F48439,21,TX,19100,"Dallas-Fort Worth-Arlington, TX",206,"Dallas-Fort Worth, TX-OK",0,0,0,0,0,0,0,0,0,0,0,0,0,0,0,0,0,0,1,0
N443522,WESTSIDE HIGH SCHOOL,F48201,11,TX,26420,"Houston-Pasadena-The Woodlands, TX",288,"Houston-Pasadena, TX",0,0,0,0,0,0,0,0,0,0,0,0,0,0,1,0,0,0,0,0
N443525,INGLESIDE HIGH SCHOOL,F48409,41,TX,18580,"Corpus Christi, TX",204,"Corpus Christi-Kingsville-Alice, TX",1,0,0,0,0,0,0,0,0,0,0,0,0,0,0,0,0,0,0,0
N443541,CARNEGIE VANGUARD HIGH SCHOOL,F48201,11,TX,26420,"Houston-Pasadena-The Woodlands, TX",288,"Houston-Pasadena, TX",0,0,1,0,0,0,0,0,0,0,0,0,0,0,0,0,0,0,0,0
N443551,NORTH HILLS SCHOOL,F48113,11,TX,19100,"Dallas-Fort Worth-Arlington, TX",206,"Dallas-Fort Worth, TX-OK",0,0,0,0,0,0,0,0,0,0,0,0,1,0,0,0,0,0,0,0
N443558,CISTERCIAN PREPARATORY SCHOOL,F48113,11,TX,19100,"Dallas-Fort Worth-Arlington, TX",206,"Dallas-Fort Worth, TX-OK",0,0,0,0,0,0,0,0,0,0,1,0,0,0,0,0,0,0,0,0
N443588,YES PREP PUBLIC SCHS-N CENTRAL,F48201,21,TX,26420,"Houston-Pasadena-The Woodlands, TX",288,"Houston-Pasadena, TX",1,0,0,0,0,0,0,0,0,0,0,0,0,0,0,0,0,0,0,0
N443648,YES PREP PUBLIC SCHOOLS-WEST,F48201,11,TX,26420,"Houston-Pasadena-The Woodlands, TX",288,"Houston-Pasadena, TX",2,0,1,0,2,0,0,0,0,0,0,0,0,0,0,0,0,0,0,0
N443665,YES PREP - NORTHSIDE,F48201,11,TX,26420,"Houston-Pasadena-The Woodlands, TX",288,"Houston-Pasadena, TX",0,0,0,0,0,0,1,0,0,0,0,0,0,0,0,0,0,0,0,0
N443715,NORTHWEST HIGH SCHOOL,F48121,11,TX,19100,"Dallas-Fort Worth-Arlington, TX",206,"Dallas-Fort Worth, TX-OK",0,0,0,0,0,0,1,0,0,0,0,0,0,0,0,0,0,0,0,0
N443726,OBRA D TOMPKINS HIGH SCHOOL,F48157,NA,TX,26420,"Houston-Pasadena-The Woodlands, TX",288,"Houston-Pasadena, TX",0,0,0,0,0,0,0,0,0,0,0,0,0,0,0,0,0,0,1,0
N443727,SEVEN LAKES H S,F48157,21,TX,26420,"Houston-Pasadena-The Woodlands, TX",288,"Houston-Pasadena, TX",0,0,2,0,1,0,1,0,0,0,0,0,0,0,0,0,0,0,0,0
N443735,KATY HIGH SCHOOL,F48157,21,TX,26420,"Houston-Pasadena-The Woodlands, TX",288,"Houston-Pasadena, TX",0,0,0,0,0,0,0,0,1,0,0,0,0,0,0,0,0,0,0,0
N443736,JAMES E TAYLOR HIGH SCHOOL,F48201,21,TX,26420,"Houston-Pasadena-The Woodlands, TX",288,"Houston-Pasadena, TX",0,0,1,0,0,0,0,0,0,0,0,0,0,0,0,0,0,0,0,0
N443752,TIMBER CREEK H S,F48439,11,TX,19100,"Dallas-Fort Worth-Arlington, TX",206,"Dallas-Fort Worth, TX-OK",0,0,1,0,0,0,1,0,0,0,1,0,0,0,0,0,0,0,0,0
N443760,ENERGY INSTITUTE HIGH SCHOOL,F48201,11,TX,26420,"Houston-Pasadena-The Woodlands, TX",288,"Houston-Pasadena, TX",0,0,0,0,0,0,1,0,0,0,1,0,0,0,0,0,0,0,0,0
N443863,KINGWOOD HIGH SCHOOL,F48201,11,TX,26420,"Houston-Pasadena-The Woodlands, TX",288,"Houston-Pasadena, TX",0,0,0,0,0,0,0,0,1,0,2,0,0,0,1,0,0,0,0,0
N443915,KRESS HIGH SCHOOL,F48437,42,TX,N,Non_CBSA,N,N,0,0,0,0,0,0,0,0,0,0,0,0,0,0,0,0,1,0,0,0
N444080,CLEAR FALLS H S,F48167,21,TX,26420,"Houston-Pasadena-The Woodlands, TX",288,"Houston-Pasadena, TX",0,0,0,0,0,0,1,0,0,0,0,0,0,0,0,0,0,0,1,0
N444082,CLEAR SPRINGS H S,F48167,21,TX,26420,"Houston-Pasadena-The Woodlands, TX",288,"Houston-Pasadena, TX",0,0,0,0,0,0,0,0,1,0,0,0,0,0,0,0,0,0,0,0
N444087,CLEAR CREEK HIGH SCHOOL,F48167,21,TX,26420,"Houston-Pasadena-The Woodlands, TX",288,"Houston-Pasadena, TX",0,0,0,0,0,0,0,0,0,0,1,0,0,0,0,0,1,0,0,0
N444132,EDWARD S MARCUS HIGH SCHOOL,F48121,21,TX,19100,"Dallas-Fort Worth-Arlington, TX",206,"Dallas-Fort Worth, TX-OK",0,0,0,0,0,0,0,0,0,0,0,0,1,0,0,0,0,0,0,0
N444135,LEWISVILLE HIGH SCHOOL,F48121,21,TX,19100,"Dallas-Fort Worth-Arlington, TX",206,"Dallas-Fort Worth, TX-OK",0,0,0,0,1,0,0,0,0,0,0,0,0,0,0,0,0,0,0,0
N444159,ISCHOOL HIGH LEWISVILLE ENTREP,F48121,21,TX,19100,"Dallas-Fort Worth-Arlington, TX",206,"Dallas-Fort Worth, TX-OK",0,0,0,0,0,0,1,0,0,0,0,0,0,0,0,0,0,0,0,0
N444198,LITTLE ELM HIGH SCHOOL,F48121,21,TX,19100,"Dallas-Fort Worth-Arlington, TX",206,"Dallas-Fort Worth, TX-OK",0,0,0,0,0,0,1,0,0,0,0,0,0,0,0,0,0,0,0,0
N444235,LOCKHART HIGH SCHOOL,F48055,32,TX,12420,"Austin-Round Rock-San Marcos, TX",N,N,0,0,0,0,1,0,0,0,0,0,0,0,0,0,0,0,0,0,0,0
N444368,LOVEJOY H S,F48085,21,TX,19100,"Dallas-Fort Worth-Arlington, TX",206,"Dallas-Fort Worth, TX-OK",0,0,0,0,0,0,0,0,0,0,0,0,0,0,0,0,0,0,1,0
N444457,MANSFIELD LAKE RIDGE H S,F48439,21,TX,19100,"Dallas-Fort Worth-Arlington, TX",206,"Dallas-Fort Worth, TX-OK",0,0,0,0,0,0,0,0,0,0,0,0,0,0,0,0,1,0,0,0
N444630,MCKINNEY HIGH SCHOOL,F48085,21,TX,19100,"Dallas-Fort Worth-Arlington, TX",206,"Dallas-Fort Worth, TX-OK",0,0,0,0,0,0,0,0,0,0,0,0,0,0,0,0,1,0,0,0
N444632,MCKINNEY HIGH SCHOOL NORTH,F48085,21,TX,19100,"Dallas-Fort Worth-Arlington, TX",206,"Dallas-Fort Worth, TX-OK",0,0,0,0,1,0,0,0,0,0,0,0,1,0,0,0,0,0,0,0
N444682,SCIENCE ACADEMY OF SOUTH TEXAS,F48215,21,TX,32580,"McAllen-Edinburg-Mission, TX",365,"McAllen-Edinburg, TX",1,0,0,0,0,0,0,0,0,0,0,0,0,0,0,0,0,0,0,0
N444750,MIDLOTHIAN HIGH SCHOOL,F48139,31,TX,19100,"Dallas-Fort Worth-Arlington, TX",206,"Dallas-Fort Worth, TX-OK",1,0,0,0,0,0,0,0,0,0,1,0,0,0,0,0,0,0,0,0
N444799,TRAVIS EARLY COLLEGE H S,F48029,11,TX,41700,"San Antonio-New Braunfels, TX",484,"San Antonio-New Braunfels-Kerrville, TX",0,0,0,0,0,0,0,0,0,0,0,0,0,0,1,0,0,0,0,0
N444836,RIDGE POINT H S,F48157,21,TX,26420,"Houston-Pasadena-The Woodlands, TX",288,"Houston-Pasadena, TX",0,0,0,0,0,0,1,0,0,0,0,0,0,0,0,0,0,0,0,0
N444916,BYRON NELSON H S,F48121,21,TX,19100,"Dallas-Fort Worth-Arlington, TX",206,"Dallas-Fort Worth, TX-OK",0,0,0,0,0,0,0,0,0,0,0,0,0,0,0,0,0,0,2,0
N445052,COMAL LEADERSHIP INSTITUTE,F48091,12,TX,41700,"San Antonio-New Braunfels, TX",484,"San Antonio-New Braunfels-Kerrville, TX",0,0,0,0,0,0,0,0,0,0,0,0,0,0,0,0,0,0,1,0
N445053,CANYON HIGH SCHOOL,F48091,12,TX,41700,"San Antonio-New Braunfels, TX",484,"San Antonio-New Braunfels-Kerrville, TX",0,0,0,0,0,0,0,0,0,0,0,0,1,0,0,0,0,0,0,0
N445137,BIRDVILLE HIGH SCHOOL,F48439,21,TX,19100,"Dallas-Fort Worth-Arlington, TX",206,"Dallas-Fort Worth, TX-OK",0,0,1,0,0,0,0,0,0,0,0,0,0,0,0,0,0,0,0,0
N445410,PEARLAND HIGH SCHOOL,F48039,21,TX,26420,"Houston-Pasadena-The Woodlands, TX",288,"Houston-Pasadena, TX",0,0,1,0,1,0,0,0,0,0,0,0,0,0,0,0,0,0,0,0
N445414,GLENDA DAWSON HIGH SCHOOL,F48039,21,TX,26420,"Houston-Pasadena-The Woodlands, TX",288,"Houston-Pasadena, TX",0,0,0,0,0,0,1,0,0,0,0,0,0,0,0,0,0,0,0,0
N445499,HENDRICKSON HIGH SCHOOL,F48453,21,TX,12420,"Austin-Round Rock-San Marcos, TX",N,N,0,0,0,0,0,0,0,0,0,0,0,0,0,0,0,0,0,0,1,0
N445520,PILOT POINT HIGH SCHOOL,F48121,42,TX,19100,"Dallas-Fort Worth-Arlington, TX",206,"Dallas-Fort Worth, TX-OK",0,0,0,0,0,0,0,0,0,0,0,0,0,0,1,0,0,0,0,0
N445569,PLANO EAST SENIOR HIGH SCHOOL,F48085,11,TX,19100,"Dallas-Fort Worth-Arlington, TX",206,"Dallas-Fort Worth, TX-OK",0,0,0,0,0,0,0,0,0,0,0,0,0,0,1,0,1,0,0,0
N445573,PLANO WEST SENIOR HIGH SCHOOL,F48085,11,TX,19100,"Dallas-Fort Worth-Arlington, TX",206,"Dallas-Fort Worth, TX-OK",0,0,1,0,0,0,0,0,0,0,0,0,0,0,1,0,0,0,0,0
N445578,JOHN PAUL II HIGH SCHOOL,F48085,NA,TX,19100,"Dallas-Fort Worth-Arlington, TX",206,"Dallas-Fort Worth, TX-OK",0,0,0,0,0,0,0,0,0,0,1,0,0,0,1,0,0,0,1,0
N445579,LIBERTY H S,F48085,21,TX,19100,"Dallas-Fort Worth-Arlington, TX",206,"Dallas-Fort Worth, TX-OK",0,0,1,0,0,0,0,0,0,0,0,0,0,0,0,0,0,0,0,0
N445582,PLANO ISD ACADEMY H S,F48085,11,TX,19100,"Dallas-Fort Worth-Arlington, TX",206,"Dallas-Fort Worth, TX-OK",0,0,1,0,2,0,0,0,0,0,0,0,0,0,0,0,0,0,0,0
N445715,PROSPER HIGH SCHOOL,F48085,21,TX,19100,"Dallas-Fort Worth-Arlington, TX",206,"Dallas-Fort Worth, TX-OK",0,0,1,0,0,0,0,0,0,0,0,0,0,0,0,0,0,0,0,0
N445848,WILLIAM B TRAVIS H S,F48157,21,TX,26420,"Houston-Pasadena-The Woodlands, TX",288,"Houston-Pasadena, TX",0,0,0,0,0,0,1,0,1,0,0,0,0,0,0,0,0,0,0,0
N445862,GEORGE RANCH H S,F48157,21,TX,26420,"Houston-Pasadena-The Woodlands, TX",288,"Houston-Pasadena, TX",0,0,0,0,0,0,0,0,0,0,0,0,0,0,0,0,1,0,0,0
N445895,ROBERT LEE HIGH SCHOOL,F48081,42,TX,N,Non_CBSA,N,N,0,0,0,0,0,0,0,0,0,0,0,0,0,0,1,0,0,0,0,0
N445952,ROCKWALL HIGH SCHOOL,F48397,21,TX,19100,"Dallas-Fort Worth-Arlington, TX",206,"Dallas-Fort Worth, TX-OK",0,0,0,0,1,0,0,0,0,0,0,0,0,0,0,0,0,0,0,0
N446025,ROUND ROCK HIGH SCHOOL,F48491,12,TX,12420,"Austin-Round Rock-San Marcos, TX",N,N,0,0,0,0,0,0,0,0,0,0,0,0,0,0,0,0,0,0,1,0
N446027,CEDAR RIDGE H S,F48491,12,TX,12420,"Austin-Round Rock-San Marcos, TX",N,N,0,0,0,0,0,0,0,0,0,0,0,0,0,0,0,0,0,0,1,0
N446087,SAGINAW H S,F48439,21,TX,19100,"Dallas-Fort Worth-Arlington, TX",206,"Dallas-Fort Worth, TX-OK",0,0,0,0,0,0,0,0,0,0,0,0,0,0,0,0,0,1,0,0
N446090,SALADO HIGH SCHOOL,F48027,42,TX,28660,"Killeen-Temple, TX",N,N,0,0,0,0,0,0,0,0,0,0,0,0,0,0,0,0,0,0,1,0
N446093,JOHNSON H S,F48029,11,TX,41700,"San Antonio-New Braunfels, TX",484,"San Antonio-New Braunfels-Kerrville, TX",0,0,0,0,0,0,0,0,0,0,0,0,0,0,1,0,0,0,0,0
N446105,CORNERSTONE CHRISTIAN SCHOOLS,F48029,41,TX,41700,"San Antonio-New Braunfels, TX",484,"San Antonio-New Braunfels-Kerrville, TX",0,0,0,0,0,0,0,1,0,0,0,0,0,0,0,0,0,0,0,0
N446120,ALAMO HEIGHTS HIGH SCHOOL,F48029,21,TX,41700,"San Antonio-New Braunfels, TX",484,"San Antonio-New Braunfels-Kerrville, TX",0,0,0,0,0,0,0,0,1,0,0,0,0,0,1,0,0,0,0,0
N446147,SAN ANTONIO CHRISTIAN SCHOOL,F48029,NA,TX,41700,"San Antonio-New Braunfels, TX",484,"San Antonio-New Braunfels-Kerrville, TX",0,0,0,0,0,0,0,0,0,0,0,0,1,0,0,0,0,0,0,0
N446156,JOHN JAY HIGH SCHOOL,F48029,11,TX,41700,"San Antonio-New Braunfels, TX",484,"San Antonio-New Braunfels-Kerrville, TX",0,0,0,0,1,0,0,0,0,0,0,0,0,0,0,0,0,0,0,0
N446204,ROBERT G COLE HIGH SCHOOL,F48029,11,TX,41700,"San Antonio-New Braunfels, TX",484,"San Antonio-New Braunfels-Kerrville, TX",0,0,0,0,0,0,0,0,0,0,1,0,0,0,0,0,0,0,0,0
N446207,RONALD REAGAN HIGH SCHOOL,F48029,11,TX,41700,"San Antonio-New Braunfels, TX",484,"San Antonio-New Braunfels-Kerrville, TX",0,0,0,0,0,0,0,0,0,0,0,0,0,0,1,0,0,0,0,0
N446215,STEVENS H S,F48029,11,TX,41700,"San Antonio-New Braunfels, TX",484,"San Antonio-New Braunfels-Kerrville, TX",0,0,0,0,1,0,0,0,0,0,0,0,0,0,0,0,0,0,0,0
N446281,YOUNG WOMENS LEADERSHIP ACADEMY,F48029,11,TX,41700,"San Antonio-New Braunfels, TX",484,"San Antonio-New Braunfels-Kerrville, TX",0,0,1,0,0,0,0,0,0,0,0,0,0,0,0,0,0,0,0,0
N446600,SMITHVILLE HIGH SCHOOL,F48021,42,TX,12420,"Austin-Round Rock-San Marcos, TX",N,N,0,0,0,0,0,0,0,0,0,0,0,0,0,0,0,0,0,0,1,0
N446688,THE WOODLANDS PREPORATORY SCHOOL,F48201,41,TX,26420,"Houston-Pasadena-The Woodlands, TX",288,"Houston-Pasadena, TX",1,0,0,0,0,0,0,0,0,0,0,0,0,0,0,0,0,0,0,0
N446689,CARL WUNSCHE SR H S,F48201,21,TX,26420,"Houston-Pasadena-The Woodlands, TX",288,"Houston-Pasadena, TX",0,0,0,0,0,0,0,0,0,0,0,0,0,0,0,0,1,0,0,0
N446785,JOHN FOSTER DULLES HIGH SCHOOL,F48157,12,TX,26420,"Houston-Pasadena-The Woodlands, TX",288,"Houston-Pasadena, TX",0,0,1,0,0,0,0,0,0,0,0,0,0,0,0,0,0,0,0,0
N446989,COLONY HIGH SCHOOL,F48121,21,TX,19100,"Dallas-Fort Worth-Arlington, TX",206,"Dallas-Fort Worth, TX-OK",0,0,0,0,0,0,0,0,0,0,0,0,0,0,0,0,1,0,0,0
N447043,TOMBALL HIGH SCHOOL,F48201,21,TX,26420,"Houston-Pasadena-The Woodlands, TX",288,"Houston-Pasadena, TX",0,0,1,0,0,0,0,0,0,0,0,0,0,0,0,0,0,0,0,0
N447044,TOMBALL MEMORIAL H S,F48201,21,TX,26420,"Houston-Pasadena-The Woodlands, TX",288,"Houston-Pasadena, TX",0,0,2,0,0,0,1,0,0,0,0,0,0,0,0,0,0,0,0,0
N447290,MIDWAY HIGH SCHOOL,F48309,12,TX,47380,"Waco, TX",N,N,0,0,1,0,0,0,0,0,0,0,0,0,0,0,0,0,0,0,1,0
N447481,IDEA COLLEGE PREP EDINBURG,F48215,NA,TX,32580,"McAllen-Edinburg-Mission, TX",365,"McAllen-Edinburg, TX",0,0,0,0,0,0,0,0,0,0,0,0,0,0,0,0,1,0,0,0
N447555,WICHITA FALLS HIGH SCHOOL,F48485,12,TX,48660,"Wichita Falls, TX",N,N,0,0,0,0,0,0,0,0,1,0,0,0,0,0,0,0,0,0,0,0
N447640,FRENSHIP HIGH SCHOOL,F48303,21,TX,31180,"Lubbock, TX",352,"Lubbock-Plainview, TX",0,0,0,0,0,0,0,0,1,0,0,0,0,0,0,0,0,0,0,0
N448108,NA,NA,NA,NA,NA,NA,NA,NA,0,0,0,0,0,0,0,0,0,0,0,0,0,0,0,0,0,0,1,0
N450017,GREEN CANYON HIGH SCHOOL,F49005,NA,UT,30860,"Logan, UT-ID",N,N,0,0,0,0,0,0,0,0,0,0,0,0,0,0,0,0,1,0,0,0
N450235,MURRAY HIGH SCHOOL,F49035,13,UT,41620,"Salt Lake City-Murray, UT",482,"Salt Lake City-Provo-Orem, UT-ID",0,0,0,0,1,0,0,0,0,0,0,0,0,0,0,0,0,0,0,0
N450312,BRIGHAM YOUNG UNIV INDEP HS,F49049,NA,UT,39340,"Provo-Orem-Lehi, UT",482,"Salt Lake City-Provo-Orem, UT-ID",0,0,0,0,0,0,0,0,0,0,0,0,1,0,0,0,0,0,0,0
N450408,SKY VIEW HIGH SCHOOL,F49005,22,UT,30860,"Logan, UT-ID",N,N,0,0,0,0,0,0,0,0,0,0,0,0,0,0,1,0,0,0,0,0
N460175,CHAMPLAIN VALLEY UNION HIGH SCHOOL,F50007,42,VT,15540,"Burlington-South Burlington, VT",162,"Burlington-South Burlington-Barre, VT",1,0,0,0,0,0,0,0,0,0,0,0,0,0,0,0,0,0,0,0
N460413,SOUTH BURLINGTON HIGH SCHOOL,F50007,13,VT,15540,"Burlington-South Burlington, VT",162,"Burlington-South Burlington-Barre, VT",0,0,0,0,0,0,0,0,0,0,0,0,0,0,0,0,1,0,0,0
N460495,HARTFORD HIGH SCHOOL,F50027,33,VT,30150,"Lebanon-Claremont, NH-VT",N,N,0,0,1,0,0,0,0,0,0,0,0,0,0,0,0,0,0,0,0,0
N470028,HAYFIELD SECONDARY SCHOOL,F51059,21,VA,47900,"Washington-Arlington-Alexandria, DC-VA-MD-WV",548,"Washington-Baltimore-Arlington, DC-MD-VA-WV-PA",0,0,0,0,0,0,0,0,0,0,0,0,0,0,0,0,1,0,0,0
N470054,THOMAS JEFFERSON HIGH SCHOOL OF SCIENCE AND TECHNO,F51059,21,VA,47900,"Washington-Arlington-Alexandria, DC-VA-MD-WV",548,"Washington-Baltimore-Arlington, DC-MD-VA-WV-PA",0,0,0,0,0,0,0,0,0,0,0,0,0,0,0,0,0,0,1,0
N470064,RIVERSIDE HIGH,F51107,21,VA,47900,"Washington-Arlington-Alexandria, DC-VA-MD-WV",548,"Washington-Baltimore-Arlington, DC-MD-VA-WV-PA",0,0,0,0,0,0,0,0,0,0,1,0,0,0,0,0,0,0,0,0
N470072,VIRGINIA VIRTUAL ACADEMY,F51059,NA,VA,47900,"Washington-Arlington-Alexandria, DC-VA-MD-WV",548,"Washington-Baltimore-Arlington, DC-MD-VA-WV-PA",0,0,0,0,0,0,0,0,0,0,0,0,0,0,0,0,0,0,1,0
N470132,DODEA VIRTUAL HIGH SCHOOL,F51510,21,VA,47900,"Washington-Arlington-Alexandria, DC-VA-MD-WV",548,"Washington-Baltimore-Arlington, DC-MD-VA-WV-PA",0,0,1,0,0,0,0,0,0,0,0,0,0,0,0,0,0,0,0,0
N470139,STONE BRIDGE HIGH,F51107,21,VA,47900,"Washington-Arlington-Alexandria, DC-VA-MD-WV",548,"Washington-Baltimore-Arlington, DC-MD-VA-WV-PA",0,0,0,0,0,0,0,0,0,0,0,0,1,0,0,0,0,0,0,0
N470353,LAKE BRADDOCK SECONDARY SCHOOL,F51059,21,VA,47900,"Washington-Arlington-Alexandria, DC-VA-MD-WV",548,"Washington-Baltimore-Arlington, DC-MD-VA-WV-PA",0,0,0,0,0,0,0,0,0,0,0,0,1,0,0,0,0,0,0,0
N470402,CHANTILLY HIGH SCHOOL,F51059,21,VA,47900,"Washington-Arlington-Alexandria, DC-VA-MD-WV",548,"Washington-Baltimore-Arlington, DC-MD-VA-WV-PA",0,0,0,0,1,0,0,0,0,0,0,0,0,0,0,0,0,0,0,0
N470406,WESTFIELD HIGH,F51059,21,VA,47900,"Washington-Arlington-Alexandria, DC-VA-MD-WV",548,"Washington-Baltimore-Arlington, DC-MD-VA-WV-PA",0,0,0,0,1,0,0,0,0,0,0,0,1,0,0,0,0,0,0,0
N470520,CHURCHLAND HIGH SCHOOL,F51740,13,VA,47260,"Virginia Beach-Chesapeake-Norfolk, VA-NC",545,"Virginia Beach-Chesapeake, VA-NC",0,0,1,0,0,0,0,0,0,0,0,0,0,0,0,0,0,0,0,0
N470788,W T WOODSON HIGH SCHOOL,F51059,21,VA,47900,"Washington-Arlington-Alexandria, DC-VA-MD-WV",548,"Washington-Baltimore-Arlington, DC-MD-VA-WV-PA",0,0,0,0,0,0,0,0,0,0,0,0,0,0,0,0,0,0,1,0
N470789,JAMES W ROBINSON JUNIOR SECONDARY SCHOOL,F51059,21,VA,47900,"Washington-Arlington-Alexandria, DC-VA-MD-WV",548,"Washington-Baltimore-Arlington, DC-MD-VA-WV-PA",1,0,0,0,0,0,0,0,0,0,0,0,0,0,0,0,0,0,1,0
N470794,GEORGE C MARSHALL HIGH SCHOOL,F51059,21,VA,47900,"Washington-Arlington-Alexandria, DC-VA-MD-WV",548,"Washington-Baltimore-Arlington, DC-MD-VA-WV-PA",0,0,0,0,0,0,0,0,0,0,0,0,0,0,1,0,1,0,0,0
N470795,GEORGE MASON HIGH SCHOOL,F51610,21,VA,47900,"Washington-Arlington-Alexandria, DC-VA-MD-WV",548,"Washington-Baltimore-Arlington, DC-MD-VA-WV-PA",0,0,0,0,0,0,0,0,0,0,0,0,0,0,1,0,0,0,0,0
N471065,HERNDON HIGH SCHOOL,F51059,21,VA,47900,"Washington-Arlington-Alexandria, DC-VA-MD-WV",548,"Washington-Baltimore-Arlington, DC-MD-VA-WV-PA",0,0,0,0,1,0,0,0,0,0,0,0,0,0,0,0,0,0,0,0
N471345,OSBOURN PARK SENIOR HIGH SCHOOL,F51153,21,VA,47900,"Washington-Arlington-Alexandria, DC-VA-MD-WV",548,"Washington-Baltimore-Arlington, DC-MD-VA-WV-PA",0,0,0,0,0,0,0,0,0,0,0,0,0,0,1,0,0,0,0,0
N471395,MCLEAN HIGH SCHOOL,F51059,13,VA,47900,"Washington-Arlington-Alexandria, DC-VA-MD-WV",548,"Washington-Baltimore-Arlington, DC-MD-VA-WV-PA",0,0,0,0,1,0,0,0,0,0,0,0,0,0,0,0,0,0,0,0
N471429,CLOVER HILL HIGH SCHOOL,F51041,21,VA,40060,"Richmond, VA",N,N,0,0,0,0,0,0,0,0,0,0,1,0,0,0,0,0,0,0,0,0
N471430,MIDLOTHIAN HIGH SCHOOL,F51041,21,VA,40060,"Richmond, VA",N,N,0,0,0,0,0,0,0,0,0,0,1,0,0,0,0,0,0,0,0,0
N471561,KETTLE RUN HIGH SCHOOL,F51153,41,VA,47900,"Washington-Arlington-Alexandria, DC-VA-MD-WV",548,"Washington-Baltimore-Arlington, DC-MD-VA-WV-PA",0,0,0,0,0,0,0,0,1,0,0,0,0,0,0,0,0,0,0,0
N471590,GREAT BRIDGE HIGH SCHOOL,F51550,11,VA,47260,"Virginia Beach-Chesapeake-Norfolk, VA-NC",545,"Virginia Beach-Chesapeake, VA-NC",1,0,0,0,0,0,0,0,0,0,0,0,0,0,0,0,0,0,0,0
N471744,ALLIANCE CHRISTIAN SCHOOLS,F51740,13,VA,47260,"Virginia Beach-Chesapeake-Norfolk, VA-NC",545,"Virginia Beach-Chesapeake, VA-NC",0,0,1,0,0,0,0,0,0,0,0,0,0,0,0,0,0,0,0,0
N471785,POWHATAN HIGH SCHOOL,F51145,41,VA,40060,"Richmond, VA",N,N,1,0,0,0,0,0,0,0,0,0,0,0,0,0,0,0,0,0,0,0
N471804,WOODGROVE HIGH,F51107,31,VA,47900,"Washington-Arlington-Alexandria, DC-VA-MD-WV",548,"Washington-Baltimore-Arlington, DC-MD-VA-WV-PA",0,0,1,0,0,0,1,0,0,0,0,0,0,0,0,0,0,0,1,0
N471826,SOUTH LAKES HIGH SCHOOL,F51059,13,VA,47900,"Washington-Arlington-Alexandria, DC-VA-MD-WV",548,"Washington-Baltimore-Arlington, DC-MD-VA-WV-PA",0,0,0,0,0,0,0,0,0,0,0,0,0,0,0,0,0,0,1,0
N471933,CAVE SPRING HIGH SCHOOL,F51161,22,VA,40220,"Roanoke, VA",N,N,0,0,0,0,0,0,0,0,0,0,0,0,0,0,1,0,0,0,0,0
N472110,FREEDOM HIGH,F51107,21,VA,47900,"Washington-Arlington-Alexandria, DC-VA-MD-WV",548,"Washington-Baltimore-Arlington, DC-MD-VA-WV-PA",0,0,0,0,0,0,0,0,0,0,0,0,1,0,0,0,0,0,0,0
N472140,WEST SPRINGFIELD HIGH SCHOOL,F51059,21,VA,47900,"Washington-Arlington-Alexandria, DC-VA-MD-WV",548,"Washington-Baltimore-Arlington, DC-MD-VA-WV-PA",0,0,0,0,1,0,0,0,0,0,0,0,0,0,0,0,0,0,0,0
N472273,LANDSTOWN HIGH,F51810,11,VA,47260,"Virginia Beach-Chesapeake-Norfolk, VA-NC",545,"Virginia Beach-Chesapeake, VA-NC",0,0,0,0,0,0,0,0,0,0,0,0,0,0,2,0,0,0,0,0
N472278,JAMES MADISON HIGH SCHOOL,F51059,21,VA,47900,"Washington-Arlington-Alexandria, DC-VA-MD-WV",548,"Washington-Baltimore-Arlington, DC-MD-VA-WV-PA",0,0,0,0,0,0,0,0,0,0,0,0,1,0,0,0,0,0,0,0
N472287,FLOYD E KELLAM HIGH SCHOOL,F51810,11,VA,47260,"Virginia Beach-Chesapeake-Norfolk, VA-NC",545,"Virginia Beach-Chesapeake, VA-NC",0,0,0,0,0,0,0,0,0,0,0,0,0,0,0,0,1,0,0,0
N472403,JAMESTOWN HIGH SCHOOL,F51095,23,VA,47260,"Virginia Beach-Chesapeake-Norfolk, VA-NC",545,"Virginia Beach-Chesapeake, VA-NC",0,0,0,0,0,0,0,0,0,0,0,0,1,0,0,0,0,0,0,0
N472468,FOREST PARK SENIOR HS,F51153,21,VA,47900,"Washington-Arlington-Alexandria, DC-VA-MD-WV",548,"Washington-Baltimore-Arlington, DC-MD-VA-WV-PA",0,0,0,0,0,0,0,0,0,0,0,0,0,0,1,0,0,0,0,0
N480013,NORTH CREEK HIGH SCHOOL,F53061,21,WA,42660,"Seattle-Tacoma-Bellevue, WA",500,"Seattle-Tacoma, WA",0,0,0,0,0,0,0,0,1,0,0,0,0,0,0,0,0,0,0,0
N480069,INTERLAKE HIGH SCHOOL,F53033,12,WA,42660,"Seattle-Tacoma-Bellevue, WA",500,"Seattle-Tacoma, WA",0,0,0,0,0,0,1,0,0,0,0,0,0,0,0,0,0,0,0,0
N480083,SEHOME HIGH SCHOOL,F53073,13,WA,13380,"Bellingham, WA",N,N,0,0,0,0,0,0,0,0,0,0,0,0,1,0,0,0,0,0,0,0
N480091,SQUALICUM HIGH SCHOOL,F53073,13,WA,13380,"Bellingham, WA",N,N,0,0,0,0,0,0,0,0,0,0,0,0,0,0,0,0,1,0,0,0
N480159,RIDGELINE HIGH SCHOOL,F53063,NA,WA,44060,"Spokane-Spokane Valley, WA",518,"Spokane-Spokane Valley-Coeur d'Alene, WA-ID",0,0,0,0,0,0,0,0,0,0,0,0,0,0,1,0,0,0,0,0
N480344,EDMONDS-WOODWAY HIGH SCHOOL,F53061,21,WA,42660,"Seattle-Tacoma-Bellevue, WA",500,"Seattle-Tacoma, WA",0,0,0,0,0,0,0,0,0,0,0,0,0,0,0,0,1,0,0,0
N480383,CASCADE SENIOR HIGH SCHOOL,F53061,12,WA,42660,"Seattle-Tacoma-Bellevue, WA",500,"Seattle-Tacoma, WA",1,0,0,0,0,0,0,0,0,0,0,0,0,0,0,0,0,0,0,0
N480501,SKYLINE HIGH SCHOOL,F53033,21,WA,42660,"Seattle-Tacoma-Bellevue, WA",500,"Seattle-Tacoma, WA",0,0,0,0,0,0,0,0,0,0,0,0,0,0,1,0,0,0,0,0
N480502,LIBERTY HIGH SCHOOL,F53033,21,WA,42660,"Seattle-Tacoma-Bellevue, WA",500,"Seattle-Tacoma, WA",0,0,0,0,0,0,0,0,0,0,0,0,0,0,1,0,0,0,0,0
N480548,EASTLAKE HIGH SCHOOL,F53033,21,WA,42660,"Seattle-Tacoma-Bellevue, WA",500,"Seattle-Tacoma, WA",0,0,0,0,0,0,0,0,0,0,2,0,0,0,0,0,0,0,0,0
N480698,MERCER ISLAND HIGH SCHOOL,F53033,21,WA,42660,"Seattle-Tacoma-Bellevue, WA",500,"Seattle-Tacoma, WA",1,0,0,0,0,0,0,0,0,0,0,0,0,0,0,0,0,0,0,0
N480758,KAMIAK HIGH SCHOOL,F53061,21,WA,42660,"Seattle-Tacoma-Bellevue, WA",500,"Seattle-Tacoma, WA",0,0,0,0,0,0,0,0,1,0,0,0,0,0,1,0,0,0,0,0
N480810,OAK HARBOR HIGH SCHOOL,F53029,32,WA,36020,"Oak Harbor, WA",500,"Seattle-Tacoma, WA",0,0,0,0,0,0,0,0,0,0,0,0,0,0,0,0,2,0,0,0
N480835,OLYMPIA HIGH SCHOOL,F53067,13,WA,36500,"Olympia-Lacey-Tumwater, WA",500,"Seattle-Tacoma, WA",0,0,0,0,0,0,0,0,0,0,0,0,0,0,0,0,1,0,0,0
N480870,GARFIELD-PALOUSE HIGH SCHOOL,F53075,43,WA,39420,"Pullman, WA",446,"Pullman-Moscow, WA-ID",0,0,0,0,0,0,0,0,0,0,0,0,0,0,1,0,0,0,0,0
N480976,TESLA STEM HIGH SCHOOL,F53033,21,WA,42660,"Seattle-Tacoma-Bellevue, WA",500,"Seattle-Tacoma, WA",1,0,0,0,0,0,0,0,0,0,0,0,0,0,0,0,0,0,0,0
N480978,REDMOND HIGH SCHOOL,F53033,13,WA,42660,"Seattle-Tacoma-Bellevue, WA",500,"Seattle-Tacoma, WA",0,0,0,0,0,0,0,0,0,0,1,0,0,0,0,0,0,0,0,0
N481000,RICHLAND HIGH SCHOOL,F53005,13,WA,28420,"Kennewick-Richland, WA",314,"Kennewick-Richland-Walla Walla, WA",0,0,0,0,0,0,0,0,1,0,0,0,0,0,0,0,0,0,0,0
N481112,INGRAHAM HIGH SCHOOL,F53033,11,WA,42660,"Seattle-Tacoma-Bellevue, WA",500,"Seattle-Tacoma, WA",0,0,0,0,0,0,1,0,0,0,0,0,0,0,0,0,0,0,0,0
N481142,APEX LEARNING,F53033,NA,WA,42660,"Seattle-Tacoma-Bellevue, WA",500,"Seattle-Tacoma, WA",0,0,0,0,0,0,0,0,0,0,0,0,1,0,0,0,0,0,0,0
N481185,SEQUIM HIGH SCHOOL,F53009,32,WA,38820,"Port Angeles, WA",N,N,0,0,1,0,0,0,0,0,1,0,0,0,0,0,0,0,0,0,0,0
N481265,LEWIS AND CLARK HIGH SCHOOL,F53063,12,WA,44060,"Spokane-Spokane Valley, WA",518,"Spokane-Spokane Valley-Coeur d'Alene, WA-ID",0,0,1,0,0,0,0,0,0,0,0,0,0,0,0,0,0,0,0,0
N481477,MOUNTAIN VIEW HIGH SCHOOL,F53011,12,WA,38900,"Portland-Vancouver-Hillsboro, OR-WA",440,"Portland-Vancouver-Salem, OR-WA",0,0,0,0,0,0,0,0,0,0,0,0,0,0,0,0,0,0,1,0
N481580,BAINBRIDGE HIGH SCHOOL,F53035,22,WA,14740,"Bremerton-Silverdale-Port Orchard, WA",500,"Seattle-Tacoma, WA",0,0,0,0,0,0,0,0,1,0,0,0,0,0,0,0,0,0,0,0
N481592,BEAR CREEK SCHOOL,F53033,NA,WA,42660,"Seattle-Tacoma-Bellevue, WA",500,"Seattle-Tacoma, WA",0,0,0,0,0,0,0,0,0,0,0,0,0,0,0,0,0,0,1,0
N481600,WOODLAND HIGH SCHOOL,F53015,31,WA,31020,"Longview-Kelso, WA",440,"Portland-Vancouver-Salem, OR-WA",0,0,0,0,0,0,1,0,0,0,0,0,0,0,0,0,0,0,0,0
N490175,MUSSELMAN HIGH SCHOOL,F54003,22,WV,25180,"Hagerstown-Martinsburg, MD-WV",548,"Washington-Baltimore-Arlington, DC-MD-VA-WV-PA",0,0,0,0,0,0,0,0,1,0,0,0,0,0,0,0,0,0,0,0
N500032,FREEDOMPROJECT ACADEMY,F55087,NA,WI,11540,"Appleton, WI",118,"Appleton-Oshkosh-Neenah, WI",0,0,0,0,0,0,0,0,0,0,0,0,0,0,0,0,1,0,0,0
N500035,ALTOONA HIGH SCHOOL,F55035,22,WI,20740,"Eau Claire, WI",232,"Eau Claire-Menomonie, WI",0,0,0,0,0,0,0,0,0,0,1,0,1,0,0,0,0,0,0,0
N500045,AMERY HIGH SCHOOL,F55095,43,WI,N,Non_CBSA,N,N,0,0,0,0,0,0,0,0,0,0,0,0,0,0,1,0,3,0,0,0
N500058,EAST HIGH,F55087,13,WI,11540,"Appleton, WI",118,"Appleton-Oshkosh-Neenah, WI",0,0,1,0,0,0,0,0,0,0,0,0,0,0,0,0,0,0,0,0
N500060,APPLETON WEST HIGH SCHOOL,F55087,13,WI,11540,"Appleton, WI",118,"Appleton-Oshkosh-Neenah, WI",1,0,0,0,0,0,0,0,1,0,1,0,0,0,0,0,0,0,0,0
N500063,XAVIER HIGH SCHOOL,F55087,13,WI,11540,"Appleton, WI",118,"Appleton-Oshkosh-Neenah, WI",0,0,1,0,0,0,0,0,2,0,0,0,1,0,1,0,0,0,2,0
N500064,APPLETON NORTH HIGH SCHOOL,F55087,13,WI,11540,"Appleton, WI",118,"Appleton-Oshkosh-Neenah, WI",0,0,0,0,1,0,0,0,0,0,0,0,0,0,0,0,0,0,0,0
N500125,BALDWIN-WOODVILLE HIGH SCHOOL,F55109,42,WI,33460,"Minneapolis-St. Paul-Bloomington, MN-WI",378,"Minneapolis-St. Paul, MN-WI",0,0,0,0,0,0,0,0,1,0,0,0,0,0,0,0,0,0,0,0
N500130,UNITY HIGH SCHOOL,F55095,43,WI,N,Non_CBSA,N,N,1,0,0,0,0,0,0,0,0,0,0,0,0,0,0,0,0,0,0,0
N500165,BEAVER DAM HIGH SCHOOL,F55027,32,WI,13180,"Beaver Dam, WI",376,"Milwaukee-Racine-Waukesha, WI",0,0,0,0,1,0,0,0,0,0,0,0,0,0,0,0,0,0,0,0
N500170,WAYLAND ACADEMY,F55027,32,WI,13180,"Beaver Dam, WI",376,"Milwaukee-Racine-Waukesha, WI",0,0,0,0,0,0,0,0,1,0,0,0,0,0,0,0,0,0,0,0
N500183,BELOIT MEMORIAL HIGH SCHOOL,F55105,13,WI,27500,"Janesville-Beloit, WI",357,"Madison-Janesville-Beloit, WI",0,0,0,0,0,0,1,0,0,0,0,0,0,0,0,0,0,0,0,0
N500194,ROCK COUNTY CHRISTIAN SCHOOL,F55105,23,WI,27500,"Janesville-Beloit, WI",357,"Madison-Janesville-Beloit, WI",0,0,0,0,1,0,0,0,0,0,0,0,0,0,0,0,0,0,0,0
N500200,BERLIN SENIOR HS,F55047,32,WI,N,Non_CBSA,N,N,0,0,0,0,0,0,0,0,1,0,0,0,0,0,0,0,0,0,0,0
N500220,BLACK RIVER FALLS HIGH SCHOOL,F55053,32,WI,N,Non_CBSA,N,N,0,0,0,0,0,0,0,0,0,0,0,0,0,0,0,0,1,0,0,0
N500230,PECATONICA AREA HIGH SCHOOL,F55065,42,WI,N,Non_CBSA,N,N,0,0,0,0,0,0,0,0,0,0,1,0,0,0,0,0,0,0,0,0
N500265,BOYCEVILLE SENIOR HIGH SCHOOL,F55033,42,WI,32860,"Menomonie, WI",232,"Eau Claire-Menomonie, WI",0,0,0,0,0,0,0,0,0,0,0,0,0,0,1,0,0,0,0,0
N500281,BROOKFIELD EAST HIGH SCHOOL,F55133,21,WI,33340,"Milwaukee-Waukesha, WI",376,"Milwaukee-Racine-Waukesha, WI",2,0,0,0,0,0,0,0,0,0,0,0,0,0,0,0,1,0,0,0
N500282,BROOKFIELD CENTRAL HIGH SCHOOL,F55133,21,WI,33340,"Milwaukee-Waukesha, WI",376,"Milwaukee-Racine-Waukesha, WI",0,0,0,0,0,0,0,0,0,0,0,0,1,0,0,0,0,0,0,0
N500295,SOUTHERN DOOR HIGH SCHOOL,F55029,42,WI,N,Non_CBSA,N,N,0,0,0,0,0,0,0,0,0,0,0,0,1,0,0,0,0,0,0,0
N500300,BURLINGTON HIGH SCHOOL,F55101,31,WI,39540,"Racine-Mount Pleasant, WI",376,"Milwaukee-Racine-Waukesha, WI",0,0,0,0,0,0,0,0,0,0,1,0,1,0,0,0,0,0,0,0
N500320,CADOTT HIGH,F55017,42,WI,20740,"Eau Claire, WI",232,"Eau Claire-Menomonie, WI",0,0,0,0,0,0,0,0,0,0,0,0,1,0,0,0,0,0,0,0
N500330,CAMBRIDGE SENIOR HIGH SCHOOL,F55055,42,WI,48020,"Watertown-Fort Atkinson, WI",376,"Milwaukee-Racine-Waukesha, WI",0,0,1,0,0,0,0,0,0,0,0,0,1,0,0,0,0,0,0,0
N500340,CAMPBELLSPORT HIGH SCHOOL,F55039,42,WI,22540,"Fond du Lac, WI",N,N,0,0,0,0,0,0,0,0,0,0,0,0,2,0,0,0,0,0,0,0
N500355,CASHTON HS,F55081,42,WI,43890,"Sparta, WI",317,"La Crosse-Onalaska-Sparta, WI-MN",0,0,0,0,0,0,0,0,0,0,0,0,0,0,0,0,1,0,0,0
N500365,WESTON HS,F55111,42,WI,12660,"Baraboo, WI",357,"Madison-Janesville-Beloit, WI",1,0,0,0,0,0,0,0,0,0,0,0,0,0,0,0,0,0,0,0
N500370,CEDARBURG SENIOR HIGH SCHOOL,F55089,31,WI,33340,"Milwaukee-Waukesha, WI",376,"Milwaukee-Racine-Waukesha, WI",1,0,3,0,1,0,0,0,1,0,0,0,0,0,0,0,5,0,3,0
N500387,CHETEK-WEYERHAEUSER HIGH SCHL,F55005,32,WI,39960,"Rice Lake, WI",N,N,0,0,0,0,1,0,0,0,0,0,0,0,0,0,0,0,0,0,0,0
N500400,CHIPPEWA FALLS SENIOR HIGH SCHOOL,F55017,22,WI,20740,"Eau Claire, WI",232,"Eau Claire-Menomonie, WI",0,0,0,0,0,0,0,0,0,0,0,0,1,0,0,0,0,0,0,0
N500402,MCDONELL CENTRAL CATHOLIC HIGH SCHOOL,F55017,NA,WI,20740,"Eau Claire, WI",232,"Eau Claire-Menomonie, WI",0,0,0,0,0,0,0,0,0,0,0,0,0,0,1,0,1,0,0,0
N500450,COLUMBUS SENIOR HIGH SCHOOL,F55021,32,WI,31540,"Madison, WI",357,"Madison-Janesville-Beloit, WI",0,0,0,0,0,0,0,0,0,0,0,0,0,0,0,0,0,0,1,0
N500470,CUBA CITY HIGH SCHOOL,F55043,42,WI,38420,"Platteville, WI",N,N,2,0,0,0,0,0,0,0,0,0,0,0,1,0,0,0,0,0,0,0
N500475,CUDAHY HIGH SCHOOL,F55079,21,WI,33340,"Milwaukee-Waukesha, WI",376,"Milwaukee-Racine-Waukesha, WI",0,0,0,0,1,0,0,0,0,0,0,0,0,0,0,0,0,0,0,0
N500480,CUMBERLAND HIGH SCHOOL,F55005,43,WI,39960,"Rice Lake, WI",N,N,0,0,0,0,0,0,0,0,0,0,0,0,0,0,0,0,1,0,0,0
N500500,DE FOREST AREA HIGH SCHOOL,F55025,21,WI,31540,"Madison, WI",357,"Madison-Janesville-Beloit, WI",0,0,1,0,1,0,0,0,0,0,0,0,0,0,3,0,2,0,0,0
N500525,DE PERE HIGH SCHOOL,F55009,22,WI,24580,"Green Bay, WI",267,"Green Bay-Shawano, WI",3,0,0,0,0,0,0,0,0,0,0,0,1,0,0,0,0,0,3,0
N500560,NORTHLAND PINES HIGH SCHOOL,F55125,43,WI,N,Non_CBSA,N,N,0,0,0,0,0,0,0,0,1,0,0,0,0,0,0,0,0,0,0,0
N500565,EAST TROY HIGH SCHOOL,F55127,32,WI,48580,"Whitewater-Elkhorn, WI",376,"Milwaukee-Racine-Waukesha, WI",0,0,0,0,0,0,0,0,0,0,0,0,0,0,0,0,0,0,1,0
N500575,EAU CLAIRE MEMORIAL HIGH SCHOOL,F55035,13,WI,20740,"Eau Claire, WI",232,"Eau Claire-Menomonie, WI",1,0,0,0,0,0,0,0,0,0,0,0,0,0,0,0,1,0,1,0
N500576,NORTH HIGH SCHOOL,F55035,13,WI,20740,"Eau Claire, WI",232,"Eau Claire-Menomonie, WI",0,0,0,0,0,0,1,0,0,0,0,0,0,0,0,0,0,0,0,0
N500578,REGIS HIGH SCHOOL,F55035,13,WI,20740,"Eau Claire, WI",232,"Eau Claire-Menomonie, WI",1,0,0,0,0,0,0,0,0,0,0,0,0,0,0,0,0,0,0,0
N500600,ELKHORN AREA HIGH SCHOOL,F55127,32,WI,48580,"Whitewater-Elkhorn, WI",376,"Milwaukee-Racine-Waukesha, WI",0,0,0,0,0,0,0,0,0,0,0,0,1,0,0,0,1,0,0,0
N500610,ELLSWORTH HIGH SCHOOL,F55093,42,WI,33460,"Minneapolis-St. Paul-Bloomington, MN-WI",378,"Minneapolis-St. Paul, MN-WI",0,0,2,0,1,0,1,0,0,0,0,0,0,0,0,0,0,0,1,0
N500630,EVANSVILLE SENIOR HIGH SCHOOL,F55105,32,WI,27500,"Janesville-Beloit, WI",357,"Madison-Janesville-Beloit, WI",1,0,0,0,0,0,0,0,0,0,0,0,0,0,0,0,0,0,0,0
N500645,FALL RIVER HIGH,F55021,32,WI,31540,"Madison, WI",357,"Madison-Janesville-Beloit, WI",0,0,0,0,0,0,0,0,0,0,0,0,0,0,0,0,1,0,0,0
N500675,ST MARYS SPRINGS ACADEMY,F55039,41,WI,22540,"Fond du Lac, WI",N,N,1,0,1,0,0,0,0,0,0,0,0,0,0,0,0,0,1,0,0,0
N500685,WINNEBAGO LUTHERAN ACADEMY,F55039,13,WI,22540,"Fond du Lac, WI",N,N,0,0,0,0,0,0,0,0,0,0,0,0,0,0,0,0,0,0,1,0
N500688,LAKESIDE LUTHERAN HIGH SCHOOL,F55055,32,WI,48020,"Watertown-Fort Atkinson, WI",376,"Milwaukee-Racine-Waukesha, WI",0,0,0,0,0,0,0,0,0,0,1,0,0,0,0,0,1,0,0,0
N500702,FRANKLIN HIGH SCHOOL,F55079,21,WI,33340,"Milwaukee-Waukesha, WI",376,"Milwaukee-Racine-Waukesha, WI",1,0,2,0,1,0,1,0,0,0,0,0,0,0,0,0,0,0,0,0
N500705,FREDERIC 7 12 SCHOOL,F55095,43,WI,N,Non_CBSA,N,N,0,0,1,0,1,0,0,0,0,0,0,0,0,0,0,0,0,0,0,0
N500710,GALE-ETTRICK-TREMPEALEAU HIGH SCHOOL,F55121,42,WI,N,Non_CBSA,N,N,0,0,0,0,0,0,0,0,0,0,0,0,1,0,0,0,0,0,1,0
N500723,GERMANTOWN HIGH SCHOOL,F55131,21,WI,33340,"Milwaukee-Waukesha, WI",376,"Milwaukee-Racine-Waukesha, WI",0,0,1,0,1,0,0,0,0,0,0,0,0,0,0,0,0,0,1,0
N500770,GRAFTON SENIOR HIGH SCHOOL,F55089,31,WI,33340,"Milwaukee-Waukesha, WI",376,"Milwaukee-Racine-Waukesha, WI",0,0,0,0,0,0,0,0,0,0,0,0,0,0,0,0,1,0,0,0
N500787,BAY PORT HIGH SCHOOL,F55009,22,WI,24580,"Green Bay, WI",267,"Green Bay-Shawano, WI",0,0,2,0,0,0,0,0,0,0,0,0,0,0,0,0,0,0,1,0
N500800,NOTRE DAME DE LA BAIE ACADEMY,F55009,12,WI,24580,"Green Bay, WI",267,"Green Bay-Shawano, WI",0,0,2,0,0,0,0,0,0,0,0,0,0,0,0,0,0,0,1,0
N500813,SOUTHWEST HIGH SCHOOL,F55009,12,WI,24580,"Green Bay, WI",267,"Green Bay-Shawano, WI",0,0,0,0,0,0,0,0,0,0,0,0,0,0,1,0,0,0,0,0
N500820,GREENDALE SENIOR HIGH SCHOOL,F55079,21,WI,33340,"Milwaukee-Waukesha, WI",376,"Milwaukee-Racine-Waukesha, WI",1,0,3,0,0,0,0,0,0,0,0,0,0,0,0,0,0,0,0,0
N500825,GREEN LAKE HIGH SCHOOL,F55047,42,WI,N,Non_CBSA,N,N,0,0,0,0,0,0,0,0,0,0,0,0,1,0,0,0,0,0,0,0
N500838,WHITNALL HIGH SCHOOL,F55079,21,WI,33340,"Milwaukee-Waukesha, WI",376,"Milwaukee-Racine-Waukesha, WI",0,0,0,0,0,0,0,0,0,0,0,0,0,0,0,0,2,0,0,0
N500850,HARTFORD UNION HIGH SCHOOL,F55131,31,WI,33340,"Milwaukee-Waukesha, WI",376,"Milwaukee-Racine-Waukesha, WI",0,0,0,0,0,0,0,0,0,0,0,0,0,0,1,0,0,0,0,0
N500853,ARROWHEAD HIGH SCHOOL,F55133,21,WI,33340,"Milwaukee-Waukesha, WI",376,"Milwaukee-Racine-Waukesha, WI",0,0,1,0,9,0,3,0,0,0,2,0,3,0,1,0,1,0,2,0
N500895,HOLCOMBE HIGH,F55017,42,WI,20740,"Eau Claire, WI",232,"Eau Claire-Menomonie, WI",0,0,0,0,1,0,0,0,0,0,0,0,0,0,0,0,0,0,0,0
N500905,HOLMEN HIGH SCHOOL,F55063,23,WI,29100,"La Crosse-Onalaska, WI-MN",317,"La Crosse-Onalaska-Sparta, WI-MN",0,0,0,0,0,0,1,0,0,0,2,0,0,0,0,0,0,0,0,0
N500910,HORICON HIGH SCHOOL,F55027,42,WI,13180,"Beaver Dam, WI",376,"Milwaukee-Racine-Waukesha, WI",0,0,0,0,1,0,0,0,0,0,0,0,0,0,0,0,0,0,0,0
N500920,HUDSON SENIOR HIGH SCHOOL,F55109,31,WI,33460,"Minneapolis-St. Paul-Bloomington, MN-WI",378,"Minneapolis-St. Paul, MN-WI",4,0,3,0,7,0,4,0,3,0,3,0,1,0,3,0,3,0,2,0
N500935,INDEPENDENCE HIGH SCHOOL,F55121,43,WI,N,Non_CBSA,N,N,0,0,0,0,1,0,0,0,0,0,0,0,0,0,0,0,0,0,0,0
N500951,KETTLE MORAINE LUTHERAN HIGH SCHOOL,F55131,41,WI,33340,"Milwaukee-Waukesha, WI",376,"Milwaukee-Racine-Waukesha, WI",1,0,0,0,0,0,0,0,0,0,0,0,1,0,0,0,0,0,1,0
N500953,GEORGE PARKER HIGH SCHOOL,F55105,13,WI,27500,"Janesville-Beloit, WI",357,"Madison-Janesville-Beloit, WI",0,0,0,0,0,0,0,0,0,0,0,0,0,0,0,0,0,0,1,0
N500955,JOSEPH A CRAIG HIGH SCHOOL,F55105,13,WI,27500,"Janesville-Beloit, WI",357,"Madison-Janesville-Beloit, WI",0,0,0,0,1,0,0,0,0,0,0,0,0,0,0,0,0,0,0,0
N500965,JEFFERSON HIGH SCHOOL,F55055,32,WI,48020,"Watertown-Fort Atkinson, WI",376,"Milwaukee-Racine-Waukesha, WI",1,0,0,0,0,0,0,0,0,0,1,0,0,0,0,0,0,0,0,0
N500998,TREMPER HIGH SCHOOL,F55059,13,WI,28450,"Kenosha, WI",176,"Chicago-Naperville, IL-IN-WI",0,0,0,0,1,0,0,0,0,0,0,0,0,0,0,0,0,0,0,0
N501006,INDIAN TRAIL ACADEMY,F55059,13,WI,28450,"Kenosha, WI",176,"Chicago-Naperville, IL-IN-WI",1,0,0,0,0,0,0,0,0,0,0,0,0,0,0,0,0,0,0,0
N501007,SAINT JOSEPH HIGH SCHOOL,F55059,NA,WI,28450,"Kenosha, WI",176,"Chicago-Naperville, IL-IN-WI",0,0,0,0,0,0,0,0,0,0,0,0,0,0,0,0,1,0,0,0
N501013,SHORELAND LUTHERAN HIGH SCHOOL,F55059,41,WI,28450,"Kenosha, WI",176,"Chicago-Naperville, IL-IN-WI",0,0,0,0,0,0,1,0,0,0,0,0,0,0,0,0,0,0,0,0
N501015,KEWASKUM HIGH SCHOOL,F55131,42,WI,33340,"Milwaukee-Waukesha, WI",376,"Milwaukee-Racine-Waukesha, WI",0,0,1,0,0,0,0,0,0,0,0,0,0,0,0,0,0,0,0,0
N501030,KIMBERLY HIGH SCHOOL,F55087,22,WI,11540,"Appleton, WI",118,"Appleton-Oshkosh-Neenah, WI",2,0,0,0,1,0,0,0,1,0,0,0,0,0,0,0,0,0,1,0
N501035,KOHLER SENIOR HIGH SCHOOL,F55117,23,WI,43100,"Sheboygan, WI",N,N,0,0,0,0,0,0,0,0,0,0,1,0,0,0,0,0,0,0,0,0
N501040,AQUINAS HIGH SCHOOL,F55063,13,WI,29100,"La Crosse-Onalaska, WI-MN",317,"La Crosse-Onalaska-Sparta, WI-MN",0,0,0,0,0,0,1,0,2,0,0,0,1,0,1,0,1,0,0,0
N501045,CENTRAL HIGH SCHOOL,F55063,13,WI,29100,"La Crosse-Onalaska, WI-MN",317,"La Crosse-Onalaska-Sparta, WI-MN",0,0,1,0,1,0,0,0,0,0,0,0,0,0,0,0,0,0,1,0
N501050,LOGAN HIGH SCHOOL,F55063,13,WI,29100,"La Crosse-Onalaska, WI-MN",317,"La Crosse-Onalaska-Sparta, WI-MN",0,0,0,0,0,0,0,0,0,0,0,0,0,0,1,0,0,0,0,0
N501065,BADGER HIGH SCHOOL,F55127,32,WI,48580,"Whitewater-Elkhorn, WI",376,"Milwaukee-Racine-Waukesha, WI",0,0,0,0,0,0,1,0,0,0,0,0,1,0,1,0,0,0,0,0
N501075,LAKE MILLS HIGH SCHOOL,F55055,32,WI,48020,"Watertown-Fort Atkinson, WI",376,"Milwaukee-Racine-Waukesha, WI",0,0,1,0,0,0,0,0,0,0,0,0,0,0,0,0,0,0,0,0
N501080,LANCASTER SENIOR HIGH SCHOOL,F55043,42,WI,38420,"Platteville, WI",N,N,3,0,0,0,0,0,0,0,0,0,0,0,0,0,0,0,0,0,1,0
N501104,LITTLE CHUTE CAREER PATHWAYS ACADEMY,F55087,22,WI,11540,"Appleton, WI",118,"Appleton-Oshkosh-Neenah, WI",0,0,0,0,0,0,0,0,0,0,1,0,0,0,0,0,0,0,0,0
N501115,LODI SENIOR HIGH SCHOOL,F55021,42,WI,31540,"Madison, WI",357,"Madison-Janesville-Beloit, WI",0,0,0,0,0,0,0,0,0,0,1,0,0,0,0,0,0,0,0,0
N501150,MADISON EAST HIGH SCHOOL,F55025,11,WI,31540,"Madison, WI",357,"Madison-Janesville-Beloit, WI",1,0,0,0,0,0,0,0,0,0,0,0,1,0,0,0,0,0,1,0
N501155,EDGEWOOD HIGH SCHOOL,F55025,11,WI,31540,"Madison, WI",357,"Madison-Janesville-Beloit, WI",0,0,1,0,0,0,1,0,0,0,0,0,0,0,0,0,0,0,1,0
N501157,JAMES MADISON MEMORIAL HIGH SCHOOL,F55025,11,WI,31540,"Madison, WI",357,"Madison-Janesville-Beloit, WI",0,0,0,0,0,0,0,0,0,0,0,0,1,0,1,0,2,0,0,0
N501160,MONONA GROVE HIGH SCHOOL,F55025,21,WI,31540,"Madison, WI",357,"Madison-Janesville-Beloit, WI",2,0,0,0,0,0,0,0,0,0,0,0,0,0,1,0,2,0,0,0
N501163,ROBERT M LAFOLLETTE HIGH SCHOOL,F55025,11,WI,31540,"Madison, WI",357,"Madison-Janesville-Beloit, WI",0,0,0,0,0,0,0,0,1,0,0,0,0,0,0,0,0,0,0,0
N501165,WEST HIGH SCHOOL,F55025,11,WI,31540,"Madison, WI",357,"Madison-Janesville-Beloit, WI",1,0,3,0,2,0,0,0,0,0,0,0,0,0,3,0,1,0,0,0
N501185,LINCOLN HIGH SCHOOL,F55071,32,WI,31820,"Manitowoc, WI",N,N,0,0,0,0,0,0,0,0,0,0,0,0,1,0,1,0,0,0,0,0
N501188,RONCALLI HIGH SCHOOL,F55071,32,WI,31820,"Manitowoc, WI",N,N,0,0,0,0,0,0,1,0,0,0,0,0,0,0,1,0,0,0,0,0
N501230,MARSHFIELD HIGH SCHOOL,F55141,32,WI,49220,"Wisconsin Rapids-Marshfield, WI",554,"Wausau-Stevens Point-Wisconsin Rapids, WI",0,0,0,0,0,0,0,0,0,0,1,0,0,0,1,0,0,0,0,0
N501250,MAYVILLE SENIOR HIGH SCHOOL,F55027,32,WI,13180,"Beaver Dam, WI",376,"Milwaukee-Racine-Waukesha, WI",0,0,0,0,0,0,0,0,0,0,0,0,0,0,0,0,0,0,1,0
N501257,MCFARLAND HIGH SCHOOL,F55025,21,WI,31540,"Madison, WI",357,"Madison-Janesville-Beloit, WI",0,0,0,0,0,0,0,0,0,0,0,0,0,0,0,0,0,0,1,0
N501270,MELROSE-MINDORO HIGH,F55053,42,WI,N,Non_CBSA,N,N,0,0,0,0,1,0,0,0,0,0,0,0,0,0,0,0,0,0,0,0
N501275,MENASHA SENIOR HIGH SCHOOL,F55139,22,WI,36780,"Oshkosh-Neenah, WI",118,"Appleton-Oshkosh-Neenah, WI",1,0,0,0,0,0,0,0,0,0,0,0,0,0,0,0,0,0,0,0
N501280,ST MARY CENTRAL HIGH SCHOOL,F55139,22,WI,36780,"Oshkosh-Neenah, WI",118,"Appleton-Oshkosh-Neenah, WI",0,0,0,0,0,0,0,0,0,0,1,0,0,0,0,0,0,0,0,0
N501285,MENOMONEE FALLS HIGH SCHOOL,F55133,21,WI,33340,"Milwaukee-Waukesha, WI",376,"Milwaukee-Racine-Waukesha, WI",0,0,0,0,0,0,0,0,0,0,0,0,0,0,1,0,0,0,0,0
N501300,MENOMONIE SENIOR HIGH SCHOOL,F55033,32,WI,32860,"Menomonie, WI",232,"Eau Claire-Menomonie, WI",1,0,0,0,1,0,0,0,0,0,1,0,1,0,1,0,0,0,2,0
N501320,MIDDLETON HIGH SCHOOL,F55025,21,WI,31540,"Madison, WI",357,"Madison-Janesville-Beloit, WI",0,0,1,0,0,0,1,0,0,0,0,0,0,0,2,0,3,0,1,0
N501330,MILTON HIGH SCHOOL,F55105,23,WI,27500,"Janesville-Beloit, WI",357,"Madison-Janesville-Beloit, WI",0,0,5,0,0,0,0,0,0,0,0,0,0,0,0,0,0,0,0,0
N501350,DIVINE SAVIOR HOLY ANGELS HIGH SCHOOL,F55079,NA,WI,33340,"Milwaukee-Waukesha, WI",376,"Milwaukee-Racine-Waukesha, WI",0,0,0,0,0,0,0,0,0,0,0,0,0,0,1,0,0,0,0,0
N501359,GREENFIELD HIGH SCHOOL,F55079,21,WI,33340,"Milwaukee-Waukesha, WI",376,"Milwaukee-Racine-Waukesha, WI",0,0,0,0,0,0,0,0,0,0,0,0,0,0,1,0,0,0,0,0
N501370,MARQUETTE UNIVERSITY HIGH SCHOOL,F55079,11,WI,33340,"Milwaukee-Waukesha, WI",376,"Milwaukee-Racine-Waukesha, WI",4,0,0,0,1,0,0,0,0,0,2,0,0,0,1,0,1,0,0,0
N501395,MILWAUKEE LUTHERAN HIGH SCHOOL,F55079,NA,WI,33340,"Milwaukee-Waukesha, WI",376,"Milwaukee-Racine-Waukesha, WI",0,0,0,0,0,0,0,0,0,0,0,0,0,0,0,0,1,0,0,0
N501400,NICOLET HIGH SCHOOL,F55079,21,WI,33340,"Milwaukee-Waukesha, WI",376,"Milwaukee-Racine-Waukesha, WI",0,0,0,0,0,0,0,0,1,0,0,0,0,0,1,0,0,0,0,0
N501420,PIUS XI CATHOLIC HIGH SCHOOL,F55079,11,WI,33340,"Milwaukee-Waukesha, WI",376,"Milwaukee-Racine-Waukesha, WI",1,0,0,0,0,0,0,0,0,0,0,0,0,0,0,0,0,0,1,0
N501430,RIVERSIDE HIGH SCHOOL,F55079,11,WI,33340,"Milwaukee-Waukesha, WI",376,"Milwaukee-Racine-Waukesha, WI",0,0,0,0,0,0,0,0,0,0,0,0,1,0,0,0,0,0,0,0
N501505,WHITEFISH BAY HIGH SCHOOL,F55079,21,WI,33340,"Milwaukee-Waukesha, WI",376,"Milwaukee-Racine-Waukesha, WI",1,0,1,0,0,0,0,0,1,0,0,0,0,0,0,0,2,0,1,0
N501510,WISCONSIN LUTHERAN HIGH SCHOOL,F55079,11,WI,33340,"Milwaukee-Waukesha, WI",376,"Milwaukee-Racine-Waukesha, WI",1,0,0,0,0,0,0,0,0,0,0,0,0,0,0,0,0,0,0,0
N501535,MISHICOT HIGH SCHOOL,F55071,42,WI,31820,"Manitowoc, WI",N,N,0,0,0,0,0,0,0,0,1,0,0,0,0,0,0,0,0,0,0,0
N501545,MONROE HIGH SCHOOL,F55045,32,WI,31540,"Madison, WI",357,"Madison-Janesville-Beloit, WI",0,0,0,0,0,0,0,0,0,0,0,0,1,0,2,0,0,0,0,0
N501585,MOUNT HOREB HIGH SCHOOL,F55025,31,WI,31540,"Madison, WI",357,"Madison-Janesville-Beloit, WI",0,0,0,0,2,0,0,0,0,0,1,0,0,0,0,0,0,0,0,0
N501590,MUKWONAGO HIGH SCHOOL,F55133,31,WI,33340,"Milwaukee-Waukesha, WI",376,"Milwaukee-Racine-Waukesha, WI",0,0,0,0,0,0,3,0,0,0,1,0,2,0,0,0,0,0,0,0
N501607,MUSKEGO HIGH SCHOOL,F55133,41,WI,33340,"Milwaukee-Waukesha, WI",376,"Milwaukee-Racine-Waukesha, WI",1,0,0,0,0,0,0,0,0,0,1,0,4,0,3,0,1,0,1,0
N501631,EISENHOWER HIGH SCHOOL,F55133,21,WI,33340,"Milwaukee-Waukesha, WI",376,"Milwaukee-Racine-Waukesha, WI",0,0,2,0,1,0,0,0,0,0,0,0,0,0,0,0,0,0,0,0
N501635,NEW GLARUS HIGH SCHOOL,F55045,42,WI,31540,"Madison, WI",357,"Madison-Janesville-Beloit, WI",0,0,0,0,1,0,0,0,0,0,0,0,0,0,0,0,1,0,0,0
N501655,NEW RICHMOND SENIOR HIGH SCHOOL,F55109,32,WI,33460,"Minneapolis-St. Paul-Bloomington, MN-WI",378,"Minneapolis-St. Paul, MN-WI",0,0,0,0,0,0,0,0,1,0,0,0,3,0,1,0,0,0,2,0
N501680,OCONOMOWOC HIGH SCHOOL,F55133,21,WI,33340,"Milwaukee-Waukesha, WI",376,"Milwaukee-Racine-Waukesha, WI",1,0,5,0,0,0,0,0,0,0,1,0,0,0,1,0,1,0,1,0
N501690,OCONTO FALLS HIGH SCHOOL,F55083,42,WI,24580,"Green Bay, WI",267,"Green Bay-Shawano, WI",0,0,1,0,1,0,0,0,0,0,0,0,0,0,0,0,0,0,0,0
N501700,ONALASKA HIGH SCHOOL,F55063,13,WI,29100,"La Crosse-Onalaska, WI-MN",317,"La Crosse-Onalaska-Sparta, WI-MN",0,0,0,0,1,0,1,0,0,0,0,0,0,0,2,0,1,0,1,0
N501702,LUTHER HIGH SCHOOL,F55063,13,WI,29100,"La Crosse-Onalaska, WI-MN",317,"La Crosse-Onalaska-Sparta, WI-MN",1,0,1,0,0,0,1,0,0,0,0,0,0,0,0,0,1,0,1,0
N501715,OREGON HIGH SCHOOL,F55025,31,WI,31540,"Madison, WI",357,"Madison-Janesville-Beloit, WI",3,0,0,0,0,0,0,0,0,0,1,0,0,0,0,0,1,0,0,0
N501725,OSCEOLA HIGH SCHOOL,F55095,42,WI,N,Non_CBSA,N,N,0,0,0,0,0,0,1,0,0,0,1,0,0,0,0,0,0,0,0,0
N501730,OSHKOSH WEST HIGH SCHOOL,F55139,13,WI,36780,"Oshkosh-Neenah, WI",118,"Appleton-Oshkosh-Neenah, WI",0,0,0,0,0,0,0,0,0,0,1,0,0,0,0,0,1,0,1,0
N501750,PALMYRA-EAGLE HIGH SCHOOL,F55055,42,WI,48020,"Watertown-Fort Atkinson, WI",376,"Milwaukee-Racine-Waukesha, WI",0,0,0,0,0,0,0,0,0,0,0,0,0,0,1,0,0,0,0,0
N501765,RIVER RIDGE HIGH SCHOOL,F55043,42,WI,38420,"Platteville, WI",N,N,0,0,0,0,0,0,0,0,0,0,0,0,0,0,0,0,1,0,0,0
N501780,PESHTIGO MIDDLE/HIGH,F55075,32,WI,31940,"Marinette, WI-MI",361,"Marinette-Iron Mountain, WI-MI",0,0,0,0,0,0,0,0,0,0,0,0,0,0,0,0,1,0,0,0
N501785,PEWAUKEE HIGH SCHOOL,F55133,21,WI,33340,"Milwaukee-Waukesha, WI",376,"Milwaukee-Racine-Waukesha, WI",2,0,0,0,0,0,0,0,0,0,0,0,0,0,0,0,0,0,0,0
N501808,PITTSVILLE HIGH SCHOOL,F55141,43,WI,49220,"Wisconsin Rapids-Marshfield, WI",554,"Wausau-Stevens Point-Wisconsin Rapids, WI",0,0,0,0,0,0,0,0,0,0,0,0,0,0,0,0,1,0,0,0
N501820,PLATTEVILLE HIGH SCHOOL,F55043,32,WI,38420,"Platteville, WI",N,N,3,0,0,0,0,0,0,0,0,0,0,0,0,0,1,0,0,0,0,0
N501822,LAKEVIEW TECHNOLOGY ACADEMY,F55059,22,WI,28450,"Kenosha, WI",176,"Chicago-Naperville, IL-IN-WI",0,0,0,0,1,0,0,0,0,0,0,0,0,0,2,0,0,0,0,0
N501825,PLUM CITY HIGH,F55093,43,WI,33460,"Minneapolis-St. Paul-Bloomington, MN-WI",378,"Minneapolis-St. Paul, MN-WI",0,0,0,0,1,0,0,0,0,0,0,0,0,0,0,0,0,0,0,0
N501830,PLYMOUTH COMPREHENSIVE HIGH SCHOOL,F55117,31,WI,43100,"Sheboygan, WI",N,N,0,0,0,0,2,0,0,0,0,0,0,0,0,0,0,0,0,0,0,0
N501835,PORTAGE HIGH SCHOOL,F55021,41,WI,31540,"Madison, WI",357,"Madison-Janesville-Beloit, WI",0,0,0,0,0,0,0,0,0,0,0,0,0,0,0,0,0,0,1,0
N501840,JOHN EDWARDS HIGH SCHOOL,F55141,32,WI,49220,"Wisconsin Rapids-Marshfield, WI",554,"Wausau-Stevens Point-Wisconsin Rapids, WI",1,0,0,0,0,0,0,0,0,0,0,0,0,0,0,0,0,0,0,0
N501845,PORT WASHINGTON HIGH SCHOOL,F55089,31,WI,33340,"Milwaukee-Waukesha, WI",376,"Milwaukee-Racine-Waukesha, WI",0,0,0,0,0,0,0,0,0,0,0,0,1,0,0,0,1,0,1,0
N501875,PRAIRIE DU CHIEN SENIOR HIGH SCHOOL,F55023,33,WI,N,Non_CBSA,N,N,0,0,0,0,0,0,0,0,0,0,1,0,0,0,1,0,0,0,0,0
N501885,SAUK PRAIRIE HIGH SCHOOL,F55111,32,WI,12660,"Baraboo, WI",357,"Madison-Janesville-Beloit, WI",0,0,0,0,1,0,0,0,2,0,0,0,0,0,0,0,0,0,0,0
N501900,PRESCOTT HIGH SCHOOL,F55093,42,WI,33460,"Minneapolis-St. Paul-Bloomington, MN-WI",378,"Minneapolis-St. Paul, MN-WI",0,0,0,0,0,0,0,0,0,0,0,0,0,0,0,0,1,0,0,0
N501910,PULASKI HIGH SCHOOL,F55009,42,WI,24580,"Green Bay, WI",267,"Green Bay-Shawano, WI",0,0,0,0,0,0,0,0,1,0,0,0,0,0,0,0,2,0,2,0
N501913,JEROME I CASE SENIOR HIGH SCHOOL,F55101,13,WI,39540,"Racine-Mount Pleasant, WI",376,"Milwaukee-Racine-Waukesha, WI",0,0,0,0,0,0,0,0,0,0,1,0,0,0,0,0,0,0,0,0
N501915,LUTHERAN HIGH SCHOOL,F55101,13,WI,39540,"Racine-Mount Pleasant, WI",376,"Milwaukee-Racine-Waukesha, WI",0,0,0,0,0,0,0,0,0,0,1,0,0,0,0,0,0,0,0,0
N501918,PRAIRIE SCHOOL INC,F55101,22,WI,39540,"Racine-Mount Pleasant, WI",376,"Milwaukee-Racine-Waukesha, WI",1,0,0,0,0,0,0,0,0,0,0,0,0,0,0,0,0,0,0,0
N501930,WILLIAM HORLICK HIGH SCHOOL,F55101,13,WI,39540,"Racine-Mount Pleasant, WI",376,"Milwaukee-Racine-Waukesha, WI",0,0,0,0,0,0,1,0,0,0,0,0,0,0,0,0,0,0,0,0
N501935,RANDOLPH HIGH SCHOOL,F55027,42,WI,13180,"Beaver Dam, WI",376,"Milwaukee-Racine-Waukesha, WI",0,0,0,0,0,0,0,0,0,0,0,0,1,0,0,0,0,0,0,0
N501950,REEDSBURG AREA HIGH SCHOOL,F55111,32,WI,12660,"Baraboo, WI",357,"Madison-Janesville-Beloit, WI",0,0,0,0,1,0,0,0,0,0,0,0,0,0,0,0,0,0,0,0
N501960,RHINELANDER HIGH SCHOOL,F55085,33,WI,N,Non_CBSA,N,N,0,0,0,0,1,0,0,0,1,0,0,0,0,0,0,0,0,0,0,0
N501970,RICE LAKE HIGH SCHOOL,F55005,33,WI,39960,"Rice Lake, WI",N,N,0,0,1,0,0,0,0,0,1,0,0,0,0,0,1,0,0,0,0,0
N501995,RIPON HIGH SCHOOL,F55039,32,WI,22540,"Fond du Lac, WI",N,N,0,0,0,0,1,0,0,0,0,0,0,0,0,0,0,0,0,0,0,0
N502000,RIVER FALLS HIGH SCHOOL,F55093,32,WI,33460,"Minneapolis-St. Paul-Bloomington, MN-WI",378,"Minneapolis-St. Paul, MN-WI",1,0,1,0,2,0,1,0,1,0,1,0,2,0,1,0,1,0,0,0
N502015,LACONIA HIGH SCHOOL,F55039,42,WI,22540,"Fond du Lac, WI",N,N,0,0,0,0,0,0,0,0,0,0,1,0,0,0,0,0,0,0,0,0
N502035,SAINT CROIX FALLS HIGH SCHOOL,F55095,42,WI,N,Non_CBSA,N,N,0,0,1,0,0,0,1,0,0,0,0,0,0,0,0,0,0,0,0,0
N502040,CENTRAL HIGH SCHOOL-WESTOSHA,F55059,41,WI,28450,"Kenosha, WI",176,"Chicago-Naperville, IL-IN-WI",4,0,0,0,1,0,0,0,1,0,3,0,0,0,0,0,0,0,0,0
N502060,D C EVEREST SENIOR HIGH SCHOOL,F55073,23,WI,48140,"Wausau, WI",554,"Wausau-Stevens Point-Wisconsin Rapids, WI",0,0,0,0,0,0,0,0,0,0,1,0,0,0,0,0,0,0,1,0
N502070,SEYMOUR HIGH SCHOOL,F55087,42,WI,11540,"Appleton, WI",118,"Appleton-Oshkosh-Neenah, WI",0,0,0,0,0,0,1,0,0,0,0,0,0,0,0,0,0,0,1,0
N502084,GRETNA EAST HIGH SCHOOL,F31153,NA,NE,36540,"Omaha, NE-IA",420,"Omaha-Fremont, NE-IA",0,0,0,0,0,0,0,0,0,0,0,0,0,0,0,0,0,0,2,0
N502090,HOWARDS GROVE HIGH SCHOOL,F55117,23,WI,43100,"Sheboygan, WI",N,N,0,0,0,0,0,0,0,0,0,0,0,0,0,0,0,0,0,0,1,0
N502095,NORTH HIGH SCHOOL,F55117,13,WI,43100,"Sheboygan, WI",N,N,0,0,0,0,0,0,0,0,0,0,0,0,1,0,0,0,0,0,0,0
N502100,SHEBOYGAN FALLS HIGH SCHOOL,F55117,23,WI,43100,"Sheboygan, WI",N,N,0,0,0,0,0,0,0,0,0,0,0,0,0,0,0,0,1,0,0,0
N502115,SHULLSBURG HIGH SCHOOL,F55065,42,WI,N,Non_CBSA,N,N,0,0,0,0,0,0,0,0,0,0,0,0,0,0,0,0,1,0,0,0
N502125,SIREN HS,F55013,43,WI,N,Non_CBSA,N,N,1,0,0,0,0,0,0,0,0,0,0,0,0,0,0,0,0,0,0,0
N502130,SLINGER H S,F55131,31,WI,33340,"Milwaukee-Waukesha, WI",376,"Milwaukee-Racine-Waukesha, WI",0,0,0,0,1,0,0,0,0,0,0,0,0,0,0,0,0,0,0,0
N502145,SOMERSET SENIOR HIGH SCHOOL,F55109,42,WI,33460,"Minneapolis-St. Paul-Bloomington, MN-WI",378,"Minneapolis-St. Paul, MN-WI",1,0,0,0,1,0,1,0,0,0,1,0,0,0,0,0,0,0,1,0
N502152,OAK CREEK-FRANKLIN HIGH SCHOOL,F55079,21,WI,33340,"Milwaukee-Waukesha, WI",376,"Milwaukee-Racine-Waukesha, WI",0,0,0,0,1,0,0,0,1,0,0,0,2,0,0,0,0,0,0,0
N502153,SOUTH MILWAUKEE HIGH SCHOOL,F55079,21,WI,33340,"Milwaukee-Waukesha, WI",376,"Milwaukee-Racine-Waukesha, WI",0,0,0,0,0,0,0,0,1,0,0,0,0,0,0,0,0,0,0,0
N502155,BLACK HAWK HIGH SCHOOL,F55065,43,WI,N,Non_CBSA,N,N,0,0,0,0,0,0,0,0,0,0,0,0,0,0,0,0,1,0,0,0
N502160,SPARTA HIGH SCHOOL,F55081,32,WI,43890,"Sparta, WI",317,"La Crosse-Onalaska-Sparta, WI-MN",0,0,0,0,0,0,0,0,0,0,0,0,0,0,0,0,0,0,1,0
N502175,RIVER VALLEY HIGH SCHOOL,F55111,42,WI,12660,"Baraboo, WI",357,"Madison-Janesville-Beloit, WI",0,0,0,0,1,0,0,0,0,0,0,0,0,0,0,0,0,0,0,0
N502192,PACELLI CATHOLIC HIGH SCHOOL,F55097,NA,WI,44620,"Stevens Point-Plover, WI",554,"Wausau-Stevens Point-Wisconsin Rapids, WI",0,0,0,0,0,0,0,0,0,0,0,0,0,0,0,0,1,0,1,0
N502195,STEVENS POINT SENIOR HIGH SCHOOL,F55097,32,WI,44620,"Stevens Point-Plover, WI",554,"Wausau-Stevens Point-Wisconsin Rapids, WI",1,0,1,0,1,0,0,0,0,0,0,0,0,0,0,0,0,0,0,0
N502205,STOUGHTON HIGH SCHOOL,F55025,31,WI,31540,"Madison, WI",357,"Madison-Janesville-Beloit, WI",0,0,0,0,0,0,1,0,0,0,0,0,0,0,0,0,0,0,0,0
N502220,STURGEON BAY HIGH SCHOOL,F55029,32,WI,N,Non_CBSA,N,N,0,0,0,0,1,0,0,0,0,0,0,0,0,0,0,0,0,0,0,0
N502242,SUN PRAIRIE SENIOR HIGH SCHOOL,F55025,21,WI,31540,"Madison, WI",357,"Madison-Janesville-Beloit, WI",1,0,2,0,1,0,0,0,1,0,0,0,1,0,2,0,0,0,0,0
N502255,SUPERIOR SENIOR HIGH SCHOOL,F55031,22,WI,20260,"Duluth, MN-WI",228,"Duluth-Grand Rapids, MN-WI",0,0,0,0,0,0,1,0,0,0,0,0,0,0,0,0,0,0,0,0
N502262,HAMILTON HIGH SCHOOL,F55133,21,WI,33340,"Milwaukee-Waukesha, WI",376,"Milwaukee-Racine-Waukesha, WI",3,0,0,0,1,0,2,0,0,0,0,0,0,0,2,0,2,0,2,0
N502269,HOMESTEAD HIGH SCHOOL,F55089,21,WI,33340,"Milwaukee-Waukesha, WI",376,"Milwaukee-Racine-Waukesha, WI",1,0,3,0,1,0,2,0,0,0,0,0,0,0,2,0,1,0,0,0
N502285,TOMAH HIGH SCHOOL,F55081,32,WI,43890,"Sparta, WI",317,"La Crosse-Onalaska-Sparta, WI-MN",0,0,0,0,0,0,1,0,0,0,0,0,0,0,0,0,0,0,0,0
N502310,TURTLE LAKE HIGH,F55005,43,WI,39960,"Rice Lake, WI",N,N,0,0,0,0,0,0,0,0,0,0,0,0,0,0,0,0,0,0,1,0
N502320,UNION GROVE HIGH SCHOOL,F55101,41,WI,39540,"Racine-Mount Pleasant, WI",376,"Milwaukee-Racine-Waukesha, WI",0,0,0,0,0,0,0,0,0,0,0,0,0,0,0,0,0,0,2,0
N502330,VERONA AREA HIGH SCHOOL,F55025,41,WI,31540,"Madison, WI",357,"Madison-Janesville-Beloit, WI",2,0,0,0,2,0,2,0,0,0,0,0,1,0,1,0,0,0,0,0
N502335,KICKAPOO HIGH SCHOOL,F55123,43,WI,29100,"La Crosse-Onalaska, WI-MN",317,"La Crosse-Onalaska-Sparta, WI-MN",0,0,0,0,0,0,0,0,0,0,0,0,1,0,0,0,0,0,0,0
N502351,KM GLOBAL SCH,F55133,31,WI,33340,"Milwaukee-Waukesha, WI",376,"Milwaukee-Racine-Waukesha, WI",0,0,1,0,0,0,0,0,0,0,0,0,0,0,0,0,0,0,0,0
N502352,KETTLE MORAINE HIGH SCHOOL,F55133,31,WI,33340,"Milwaukee-Waukesha, WI",376,"Milwaukee-Racine-Waukesha, WI",1,0,1,0,0,0,2,0,1,0,1,0,0,0,1,0,1,0,1,0
N502355,BIG FOOT HIGH SCHOOL,F55127,32,WI,48580,"Whitewater-Elkhorn, WI",376,"Milwaukee-Racine-Waukesha, WI",0,0,0,0,1,0,0,0,0,0,0,0,0,0,0,0,0,0,0,0
N502370,WATERFORD UNION HIGH SCHOOL,F55101,31,WI,39540,"Racine-Mount Pleasant, WI",376,"Milwaukee-Racine-Waukesha, WI",0,0,1,0,1,0,1,0,0,0,1,0,1,0,0,0,0,0,0,0
N502375,WATERLOO HIGH SCHOOL,F55055,42,WI,48020,"Watertown-Fort Atkinson, WI",376,"Milwaukee-Racine-Waukesha, WI",0,0,0,0,0,0,1,0,0,0,0,0,0,0,0,0,0,0,0,0
N502380,WATERTOWN HIGH SCHOOL,F55027,31,WI,13180,"Beaver Dam, WI",376,"Milwaukee-Racine-Waukesha, WI",0,0,0,0,0,0,0,0,0,0,0,0,0,0,1,0,0,0,1,0
N502385,CATHOLIC MEMORIAL HIGH SCHOOL,F55133,13,WI,33340,"Milwaukee-Waukesha, WI",376,"Milwaukee-Racine-Waukesha, WI",1,0,0,0,0,0,0,0,0,0,0,0,1,0,0,0,0,0,1,0
N502389,WAUKESHA NORTH HIGH SCHOOL,F55133,13,WI,33340,"Milwaukee-Waukesha, WI",376,"Milwaukee-Racine-Waukesha, WI",0,0,0,0,1,0,0,0,0,0,0,0,0,0,0,0,0,0,1,0
N502390,WAUKESHA SOUTH HIGH SCHOOL,F55133,13,WI,33340,"Milwaukee-Waukesha, WI",376,"Milwaukee-Racine-Waukesha, WI",0,0,0,0,0,0,0,0,1,0,0,0,0,0,0,0,0,0,0,0
N502394,WAUKESHA WEST HIGH SCHOOL,F55133,13,WI,33340,"Milwaukee-Waukesha, WI",376,"Milwaukee-Racine-Waukesha, WI",0,0,1,0,0,0,0,0,0,0,1,0,0,0,1,0,3,0,1,0
N502395,WAUNAKEE HIGH SCHOOL,F55025,21,WI,31540,"Madison, WI",357,"Madison-Janesville-Beloit, WI",0,0,2,0,1,0,0,0,0,0,3,0,1,0,1,0,1,0,1,0
N502400,WAUPACA HIGH SCHOOL,F55135,32,WI,N,Non_CBSA,N,N,0,0,0,0,0,0,0,0,0,0,0,0,0,0,1,0,0,0,0,0
N502403,CENTRAL WISCONSIN CHRISTIAN SCHOOLS PK-12,F55027,32,WI,13180,"Beaver Dam, WI",376,"Milwaukee-Racine-Waukesha, WI",0,0,1,0,0,0,0,0,0,0,0,0,0,0,0,0,0,0,0,0
N502417,WAUSAU WEST HIGH SCHOOL,F55073,13,WI,48140,"Wausau, WI",554,"Wausau-Stevens Point-Wisconsin Rapids, WI",0,0,0,0,0,0,0,0,0,0,0,0,0,0,1,0,0,0,0,0
N502430,WAUWATOSA EAST HIGH SCHOOL,F55079,21,WI,33340,"Milwaukee-Waukesha, WI",376,"Milwaukee-Racine-Waukesha, WI",0,0,0,0,1,0,0,0,0,0,0,0,1,0,0,0,0,0,0,0
N502433,WAUWATOSA WEST HIGH SCHOOL,F55079,21,WI,33340,"Milwaukee-Waukesha, WI",376,"Milwaukee-Racine-Waukesha, WI",0,0,0,0,0,0,0,0,0,0,0,0,0,0,0,0,0,0,1,0
N502450,NATHAN HALE HIGH SCHOOL,F55079,21,WI,33340,"Milwaukee-Waukesha, WI",376,"Milwaukee-Racine-Waukesha, WI",2,0,0,0,0,0,0,0,0,0,0,0,0,0,0,0,0,0,0,0
N502457,WEST BEND WEST HIGH SCHOOL,F55131,32,WI,33340,"Milwaukee-Waukesha, WI",376,"Milwaukee-Racine-Waukesha, WI",0,0,0,0,0,0,1,0,0,0,0,0,0,0,0,0,0,0,0,0
N502465,WESTBY HIGH SCHOOL,F55123,42,WI,29100,"La Crosse-Onalaska, WI-MN",317,"La Crosse-Onalaska-Sparta, WI-MN",0,0,0,0,0,0,0,0,2,0,0,0,0,0,1,0,0,0,0,0
N502470,WEST DE PERE HIGH SCHOOL,F55009,22,WI,24580,"Green Bay, WI",267,"Green Bay-Shawano, WI",0,0,0,0,1,0,0,0,0,0,0,0,0,0,0,0,0,0,0,0
N502490,WEST SALEM HIGH SCHOOL,F55063,31,WI,29100,"La Crosse-Onalaska, WI-MN",317,"La Crosse-Onalaska-Sparta, WI-MN",2,0,0,0,1,0,1,0,0,0,1,0,2,0,1,0,1,0,0,0
N502534,FAITH CHRISTIAN SCHOOL,F55127,41,WI,48580,"Whitewater-Elkhorn, WI",376,"Milwaukee-Racine-Waukesha, WI",0,0,0,0,0,0,0,0,0,0,0,0,0,0,0,0,1,0,0,0
N502540,WILMOT HIGH SCHOOL,F55059,21,WI,28450,"Kenosha, WI",176,"Chicago-Naperville, IL-IN-WI",0,0,0,0,0,0,0,0,1,0,0,0,2,0,1,0,0,0,0,0
N502570,LINCOLN HIGH SCHOOL,F55141,32,WI,49220,"Wisconsin Rapids-Marshfield, WI",554,"Wausau-Stevens Point-Wisconsin Rapids, WI",0,0,0,0,0,0,1,0,0,0,0,0,0,0,0,0,0,0,0,0
N502590,WONEWOC CENTER HS,F55057,43,WI,N,Non_CBSA,N,N,0,0,0,0,0,0,0,0,0,0,0,0,1,0,0,0,0,0,0,0
N502616,SUN PRAIRIE WEST HIGH SCHOOL,F55025,NA,WI,31540,"Madison, WI",357,"Madison-Janesville-Beloit, WI",0,0,0,0,0,0,0,0,0,0,0,0,0,0,0,0,1,0,0,0
N530099,SAINT MARYS SCHOOL,NA,NA,NA,NA,NA,NA,NA,0,0,1,0,0,0,0,0,0,0,0,0,0,0,0,0,0,0,0,0
N540234,ESCUELA PABLO DAVID BURGOS MARRERO,F72047,NA,PR,41980,"San Juan-Bayamón-Caguas, PR",490,"San Juan-Bayamón, PR",0,0,0,0,0,0,0,0,0,0,0,0,0,0,0,0,0,0,1,0
N540260,LICEO AGUADILLANO,F72005,NA,PR,10380,"Aguadilla, PR",364,"Mayagüez-Aguadilla, PR",0,0,0,0,0,0,0,0,0,0,0,0,1,0,0,0,0,0,0,0
N540342,ACADEMIA INTERAMERICANA DE ARECIBO,F72065,NA,PR,11640,"Arecibo, PR",490,"San Juan-Bayamón, PR",0,0,0,0,0,0,0,0,0,0,0,0,0,0,0,0,1,0,0,0
N540792,BALDWIN SCHOOL OF PUERTO RICO,F72021,NA,PR,41980,"San Juan-Bayamón-Caguas, PR",490,"San Juan-Bayamón, PR",0,0,0,0,0,0,0,0,0,0,0,0,0,0,1,0,0,0,0,0
N540795,COLEGIO MARISTA,F72061,13,PR,41980,"San Juan-Bayamón-Caguas, PR",490,"San Juan-Bayamón, PR",0,0,0,0,0,0,0,0,0,0,1,0,1,0,0,0,2,0,0,0
N541040,NOTRE DAME HIGH SCHOOL,F72025,NA,PR,41980,"San Juan-Bayamón-Caguas, PR",490,"San Juan-Bayamón, PR",0,0,0,0,0,0,0,0,2,0,0,0,0,0,0,0,4,0,1,0
N541045,ESCUELA SEC ESPECIAL CIMATEC,F72025,NA,PR,41980,"San Juan-Bayamón-Caguas, PR",490,"San Juan-Bayamón, PR",0,0,0,0,0,0,1,0,0,0,0,0,0,0,1,0,0,0,1,0
N541235,CARVIN SCHOOL,F72031,12,PR,41980,"San Juan-Bayamón-Caguas, PR",490,"San Juan-Bayamón, PR",0,0,0,0,0,0,0,0,0,0,1,0,0,0,0,0,0,0,0,0
N541287,ST FRANCIS SCHOOL,F72031,12,PR,41980,"San Juan-Bayamón-Caguas, PR",490,"San Juan-Bayamón, PR",0,0,0,0,0,0,0,0,0,0,0,0,0,0,0,0,1,0,0,0
N541351,RADIANS HIGH SCHOOL,F72035,21,PR,41980,"San Juan-Bayamón-Caguas, PR",490,"San Juan-Bayamón, PR",0,0,0,0,0,0,0,0,0,0,1,0,1,0,1,0,2,0,0,0
N541362,COLEGIO NUESTRA SENORA MERCED,F72035,NA,PR,41980,"San Juan-Bayamón-Caguas, PR",490,"San Juan-Bayamón, PR",0,0,0,0,0,0,0,0,0,0,0,0,0,0,0,0,1,0,0,0
N541777,DORADO ACADEMY,F72051,21,PR,41980,"San Juan-Bayamón-Caguas, PR",490,"San Juan-Bayamón, PR",0,0,1,0,0,0,1,0,0,0,0,0,0,0,0,0,0,0,0,0
N541900,ANTILLES HIGH SCHOOL,F72021,NA,PR,41980,"San Juan-Bayamón-Caguas, PR",490,"San Juan-Bayamón, PR",0,0,0,0,0,0,0,0,0,0,0,0,1,0,0,0,0,0,0,0
N542044,FOUNTAIN CHRISTIAN BILINGUAL,F72057,NA,PR,25020,"Guayama, PR",490,"San Juan-Bayamón, PR",0,0,0,0,0,0,1,0,0,0,0,0,0,0,0,0,0,0,0,0
N542110,AMERICAN MILITARY ACADEMY,F72061,13,PR,41980,"San Juan-Bayamón-Caguas, PR",490,"San Juan-Bayamón, PR",0,0,0,0,1,0,0,0,1,0,0,0,0,0,1,0,1,0,0,0
N542197,AMERICAN ACADEMY INC,F72063,NA,PR,41980,"San Juan-Bayamón-Caguas, PR",490,"San Juan-Bayamón, PR",1,0,0,0,0,0,0,0,0,0,0,0,3,0,0,0,0,0,0,0
N542220,CARMEN NOELIA PERAZA TOLEDO,F72065,22,PR,11640,"Arecibo, PR",490,"San Juan-Bayamón, PR",0,0,0,0,0,0,1,0,0,0,0,0,0,0,0,0,0,0,0,0
N542240,COLEGIO ESPIRITU SANTO,F72127,11,PR,41980,"San Juan-Bayamón-Caguas, PR",490,"San Juan-Bayamón, PR",0,0,1,0,0,0,0,0,0,0,0,0,0,0,0,0,0,0,0,0
N542520,COLEGIO SAN ANTONIO ABAD,F72069,NA,PR,41980,"San Juan-Bayamón-Caguas, PR",490,"San Juan-Bayamón, PR",0,0,0,0,0,0,0,0,0,0,0,0,0,0,0,0,1,0,1,0
N542577,COLEGIO NUESTRA SRA PERP SOC,F72069,21,PR,41980,"San Juan-Bayamón-Caguas, PR",490,"San Juan-Bayamón, PR",0,0,0,0,1,0,1,0,0,0,0,0,0,0,0,0,0,0,0,0
N542588,PALMAS ACADEMY,F72069,21,PR,41980,"San Juan-Bayamón-Caguas, PR",490,"San Juan-Bayamón, PR",0,0,0,0,0,0,1,0,0,0,0,0,0,0,0,0,0,0,0,0
N542684,NA,NA,NA,NA,NA,NA,NA,NA,0,0,0,0,0,0,0,0,0,0,0,0,0,0,0,0,0,0,1,0
N543420,CENTRO RESIDENCIAL DE OPORTUNIDADES EDUCATIVAS DE MAYAGUEZ,F72097,41,PR,32420,"Mayagüez, PR",364,"Mayagüez-Aguadilla, PR",0,0,0,0,2,0,1,0,0,0,0,0,0,0,0,0,0,0,0,0
N543872,CARIBBEAN SCHOOL,F72113,12,PR,38660,"Ponce, PR",434,"Ponce-Coamo, PR",1,0,2,0,1,0,1,0,0,0,0,0,1,0,0,0,0,0,0,0
N544081,ACADEMIA PONCE INTERAMERICANA,F72113,NA,PR,38660,"Ponce, PR",434,"Ponce-Coamo, PR",0,0,1,0,0,0,0,0,0,0,0,0,0,0,0,0,0,0,0,0
N544170,ACADEMIA BAUTISTA PUERTO NUEVO,F72061,NA,PR,41980,"San Juan-Bayamón-Caguas, PR",490,"San Juan-Bayamón, PR",0,0,0,0,0,0,0,0,0,0,0,0,0,0,0,0,0,0,1,0
N544298,ACADEMIA MARIA REINA,F72127,11,PR,41980,"San Juan-Bayamón-Caguas, PR",490,"San Juan-Bayamón, PR",0,0,0,0,0,0,0,0,1,0,0,0,0,0,0,0,0,0,0,0
N544400,COLEGIO SAN IGNACIO,F72127,11,PR,41980,"San Juan-Bayamón-Caguas, PR",490,"San Juan-Bayamón, PR",2,0,2,0,0,0,0,0,0,0,0,0,0,0,1,0,0,0,0,0
N544440,COLEGIO SAN JOSE,F72127,NA,PR,41980,"San Juan-Bayamón-Caguas, PR",490,"San Juan-Bayamón, PR",0,0,0,0,0,0,0,0,0,0,0,0,1,0,0,0,0,0,0,0
N544460,CUPEYVILLE SCHOOL,F72127,11,PR,41980,"San Juan-Bayamón-Caguas, PR",490,"San Juan-Bayamón, PR",0,0,0,0,0,0,0,0,0,0,0,0,0,0,0,0,1,0,0,0
N544730,NA,NA,NA,NA,NA,NA,NA,NA,0,0,0,0,0,0,0,0,0,0,0,0,1,0,0,0,0,0,0,0
N544760,ESCUELA SECUNDARIA UNIV DE PR,F72127,11,PR,41980,"San Juan-Bayamón-Caguas, PR",490,"San Juan-Bayamón, PR",0,0,0,0,0,0,0,0,2,0,1,0,0,0,0,0,1,0,0,0
N544771,ST MARY'S SCHOOL,F72127,11,PR,41980,"San Juan-Bayamón-Caguas, PR",490,"San Juan-Bayamón, PR",1,0,0,0,1,0,0,0,0,0,1,0,0,0,0,0,0,0,0,0
N544800,COMMONWEALTH-PARKVILLE SCHOOL,F72127,11,PR,41980,"San Juan-Bayamón-Caguas, PR",490,"San Juan-Bayamón, PR",0,0,0,0,0,0,1,0,0,0,1,0,0,0,0,0,0,0,0,0
N544994,ESCUELA DEL DEPORTE SAN JUAN,F72127,11,PR,41980,"San Juan-Bayamón-Caguas, PR",490,"San Juan-Bayamón, PR",0,0,0,0,0,0,1,0,0,0,0,0,0,0,0,0,0,0,0,0
N544995,ESCUELA SEC SAN GERMAN INTERAM,F72125,NA,PR,32420,"Mayagüez, PR",364,"Mayagüez-Aguadilla, PR",1,0,0,0,0,0,1,0,0,0,0,0,0,0,0,0,0,0,0,0
N545123,ESCUELA LABORATORIO SEC CEDIN,F72127,11,PR,41980,"San Juan-Bayamón-Caguas, PR",490,"San Juan-Bayamón, PR",0,0,0,0,1,0,0,0,0,0,0,0,0,0,0,0,0,0,0,0
N545200,COL SENORA MERCED HIGH SCHOOL,F72127,11,PR,41980,"San Juan-Bayamón-Caguas, PR",490,"San Juan-Bayamón, PR",0,0,0,0,1,0,0,0,0,0,0,0,0,0,0,0,0,0,0,0
N545560,ACADEMIA SAN JORGE,F72127,NA,PR,41980,"San Juan-Bayamón-Caguas, PR",490,"San Juan-Bayamón, PR",0,0,0,0,0,0,0,0,0,0,0,0,0,0,0,0,1,0,0,0
N545969,ESCUELA UNIVERSITY GARDENS,F72127,NA,PR,41980,"San Juan-Bayamón-Caguas, PR",490,"San Juan-Bayamón, PR",0,0,0,0,0,0,0,0,1,0,0,0,0,0,1,0,0,0,0,0
N546040,ROBINSON SCHOOL,F72127,11,PR,41980,"San Juan-Bayamón-Caguas, PR",490,"San Juan-Bayamón, PR",0,0,0,0,1,0,0,0,0,0,0,0,0,0,0,0,0,0,2,0
N546580,ACADEMIA SAN JOSE HIGH SCHOOL,F72061,NA,PR,41980,"San Juan-Bayamón-Caguas, PR",490,"San Juan-Bayamón, PR",0,0,1,0,0,0,0,0,0,0,0,0,0,0,0,0,0,0,0,0
N550080,CHARLOTTE AMALIE HIGH SCHOOL,F78030,33,VI,N,Non_CBSA,N,N,0,0,1,0,0,0,0,0,0,0,1,0,0,0,0,0,0,0,0,0
N561580,MATTHEW C PERRY HIGH SCHOOL,NA,NA,AP,NA,NA,NA,NA,0,0,0,0,0,0,0,0,1,0,0,0,0,0,0,0,0,0,0,0
N561650,KADENA HIGH SCHOOL DOD,NA,NA,AP,NA,NA,NA,NA,0,0,0,0,0,0,0,0,0,0,0,0,0,0,0,0,1,0,0,0
N561700,ROBERT D EDGREN HIGH SCHOOL,NA,NA,AP,NA,NA,NA,NA,0,0,0,0,1,0,0,0,0,0,0,0,0,0,0,0,1,0,0,0
N562033,HUMPHREYS HIGH SCHOOL,NA,NA,AP,NA,NA,NA,NA,0,0,0,0,0,0,0,0,0,0,0,0,0,0,0,0,1,0,0,0
N562040,SEOUL AMERICAN MID HIGH SCHL,NA,NA,AP,NA,NA,NA,NA,0,0,1,0,0,0,0,0,0,0,0,0,0,0,0,0,0,0,0,0
N576220,KAISERSLAUTERN HIGH SCHOOL,NA,NA,AE,NA,NA,NA,NA,0,0,0,0,0,0,0,0,0,0,0,0,0,0,1,0,0,0,0,0
N576325,STUTTGART HIGH SCHOOL,NA,NA,AE,NA,NA,NA,NA,0,0,0,0,0,0,1,0,0,0,0,0,0,0,0,0,0,0,0,0
N576397,VILSECK HIGH SCHOOL,NA,NA,AE,NA,NA,NA,NA,1,0,0,0,0,0,0,0,0,0,0,0,0,0,0,0,0,0,0,0
N577060,NAPLES HIGH SCHOOL,NA,NA,AE,NA,NA,NA,NA,0,0,0,0,0,0,0,0,0,0,0,0,0,0,0,0,0,0,1,0
N630023,EDGEWOOD COLLEGE,NA,NA,NA,NA,NA,NA,NA,0,0,0,0,0,0,0,0,0,0,0,0,0,0,0,0,1,0,0,0
N630040,TRINITY INTERNATIONAL COLLEGE - OGUN,NA,NA,NA,NA,NA,NA,NA,0,0,0,0,0,0,0,0,0,0,0,0,1,0,0,0,0,0,0,0
N630045,BROOKSTONE SECONDARY SCHOOL,NA,NA,NA,NA,NA,NA,NA,0,0,0,0,0,0,0,0,0,0,0,0,0,0,0,0,0,1,0,0
N630102,CHRISLAND HIGH SCHOOL,NA,NA,NA,NA,NA,NA,NA,0,0,0,0,0,0,0,0,0,0,0,0,0,0,0,0,0,0,1,0
N648101,ALEXANDRIA HOUSE OF ENGLISH,NA,NA,NA,NA,NA,NA,NA,0,0,0,0,0,0,0,0,0,0,0,0,0,0,0,0,1,0,0,0
N661000,INTERNATIONAL SCHOOL OF AZERBAIJAN,NA,NA,NA,NA,NA,NA,NA,0,0,0,0,0,0,0,0,0,0,0,0,0,0,0,0,0,0,1,0
N671012,ANAND NIKETAN INTERNATIONAL,NA,NA,NA,NA,NA,NA,NA,0,0,0,0,0,0,0,0,0,0,0,0,0,0,0,0,1,0,0,0
N671056,STONEHILL INTERNATIONAL SCHOOL,NA,NA,NA,NA,NA,NA,NA,0,0,0,0,0,0,0,0,0,0,0,0,0,0,0,0,0,0,1,0
N671071,CANDOR INTERNATIONAL SCHOOL,NA,NA,NA,NA,NA,NA,NA,0,0,0,0,0,0,0,0,0,0,0,0,0,0,0,0,0,0,1,0
N671702,DELHI PUBLIC SCHOOL - BANGALORE SOUTH,NA,NA,NA,NA,NA,NA,NA,0,0,0,0,0,0,0,0,0,0,0,0,0,0,1,0,0,0,0,0
N671813,SM SHETTY INTERNATIONAL SCHOOL - BUNTS SANGHAS,NA,NA,NA,NA,NA,NA,NA,0,0,0,0,0,0,0,0,0,0,0,0,0,0,0,0,0,0,1,0
N680320,JUNSHIN HIROO GAKUEN,NA,NA,NA,NA,NA,NA,NA,0,0,0,0,0,0,0,0,0,0,0,0,0,0,0,0,0,0,1,0
N680888,YOKOHAMA INTERNATIONAL SCHOOL,NA,NA,NA,NA,NA,NA,NA,0,0,0,0,1,0,0,0,0,0,0,0,0,0,0,0,0,0,0,0
N681008,AMMAN BAPTIST SCHOOL,NA,NA,NA,NA,NA,NA,NA,0,0,0,0,0,0,0,0,0,0,0,0,1,0,0,0,0,0,0,0
N681044,UNIVERSAL CIVILIZATIONS ACADEMY,NA,NA,NA,NA,NA,NA,NA,0,0,0,0,0,0,0,0,0,0,0,0,1,0,0,0,0,0,0,0
N681069,KINGS ACADEMY,NA,NA,NA,NA,NA,NA,NA,0,0,0,0,0,0,0,0,0,0,0,0,1,0,0,0,0,0,0,0
N682060,OSAN HIGH SCHOOL,NA,NA,AP,NA,NA,NA,NA,0,0,0,0,0,0,0,0,0,0,0,0,0,0,1,0,0,0,0,0
N682420,TAEJON CHRISTIAN INTERNATIONAL SCHOOL,NA,NA,NA,NA,NA,NA,NA,1,0,0,0,0,0,0,0,0,0,0,0,0,0,0,0,0,0,0,0
N686459,MONT'KIARA INTERNATIONAL SCHOOL,NA,NA,NA,NA,NA,NA,NA,0,0,0,0,0,0,1,0,0,0,0,0,0,0,0,0,0,0,0,0
N687225,SINGAPORE AMERICAN SCHOOL,NA,NA,NA,NA,NA,NA,NA,0,0,0,0,0,0,0,0,0,0,1,0,1,0,0,0,0,0,0,0
N690273,BEACONHOUSE SCHOOL SYSTEM: DEFENCE CAMPUS,NA,NA,NA,NA,NA,NA,NA,0,0,0,0,0,0,0,0,0,0,0,0,0,0,0,0,1,0,0,0
N690360,ROOTS SCHOOL SYSTEM,NA,NA,NA,NA,NA,NA,NA,0,0,0,0,0,0,0,0,0,0,0,0,1,0,0,0,0,0,0,0
N692154,NA,NA,NA,NA,NA,NA,NA,NA,0,0,0,0,0,0,0,0,0,0,0,0,0,0,0,0,0,0,1,0
N694515,"INTERNATIONAL SCHOOL OF BEIJING, SHUNYI",NA,NA,NA,NA,NA,NA,NA,0,0,0,0,1,0,0,0,0,0,0,0,0,0,0,0,0,0,0,0
N695408,CHIANG MAI INTERNATIONAL SCHOOL,NA,NA,NA,NA,NA,NA,NA,0,0,0,0,1,0,0,0,0,0,0,0,0,0,0,0,0,0,0,0
N697050,THE AMERICAN SCHOOL OF DUBAI,NA,NA,NA,NA,NA,NA,NA,0,0,0,0,0,0,0,0,0,0,0,0,0,0,0,0,0,0,1,0
N697068,AL NAHDA NATIONAL SCHOOL FOR GIRLS,NA,NA,NA,NA,NA,NA,NA,0,0,0,0,0,0,0,0,0,0,0,0,1,0,0,0,0,0,0,0
N697206,BRITISH SCHOOL AL KHUBAIRAT,NA,NA,NA,NA,NA,NA,NA,0,0,0,0,0,0,0,0,0,0,0,0,0,0,0,0,0,0,1,0
N698000,CONCORDIA INTERNATIONAL SCHOOL HANOI,NA,NA,NA,NA,NA,NA,NA,0,0,0,0,0,0,0,0,1,0,0,0,0,0,0,0,0,0,0,0
N698098,VAIS JSC - SAINT PAUL AMERICAN SCHOOL,NA,NA,NA,NA,NA,NA,NA,0,0,0,0,0,0,0,0,0,0,0,0,0,0,0,0,0,0,1,0
N731980,LYCEE INTERNATIONAL DE VALBONNE-SOPHIA ANTIPOLIS,NA,NA,NA,NA,NA,NA,NA,0,0,0,0,0,0,0,0,0,0,0,0,0,0,1,0,0,0,0,0
N788590,ANGLO-AMERICAN SCHOOL OF MOSCOW,NA,NA,NA,NA,NA,NA,NA,0,0,1,0,0,0,0,0,0,0,0,0,0,0,0,0,0,0,0,0
N796221,INTERNATIONAL SCHOOL OF ZUG AND LUZERN,NA,NA,NA,NA,NA,NA,NA,1,0,0,0,0,0,0,0,0,0,0,0,0,0,0,0,0,0,1,0
N800250,QUEENS COLLEGE,NA,NA,NA,NA,NA,NA,NA,0,0,0,0,0,0,0,0,0,0,0,0,0,0,1,0,0,0,0,0
N826189,GUELPH COLLEGIATE VOC INST,NA,NA,ON,NA,NA,NA,NA,0,0,0,0,0,0,0,0,0,0,0,0,0,0,1,0,0,0,1,0
N826289,RESURRECTION CATHOLIC SECND,NA,NA,ON,NA,NA,NA,NA,0,0,0,0,0,0,0,0,0,0,0,0,1,0,0,0,0,0,0,0
N826422,ASHBURY COLLEGE,NA,NA,ON,NA,NA,NA,NA,0,0,0,0,0,0,0,0,0,0,0,0,0,0,0,0,1,0,0,0
N826454,WESTSIDE SECONDARY SCHOOL,NA,NA,ON,NA,NA,NA,NA,0,0,0,0,0,0,0,0,0,0,1,0,0,0,0,0,0,0,0,0
N826597,RIDLEY COLLEGE,NA,NA,ON,NA,NA,NA,NA,0,0,0,0,0,0,0,0,0,0,0,0,0,0,1,0,0,0,0,0
N870888,UNIVERSIDAD DE MONTERREY - UNIDAD SAN PEDRO,NA,NA,NA,NA,NA,NA,NA,0,0,0,0,0,0,0,0,0,0,0,0,0,0,1,0,0,0,0,0
N960000,NA,NA,NA,NA,NA,NA,NA,NA,0,0,0,0,0,0,2,0,0,0,0,0,0,0,0,0,2,0,0,0
N990001,HS_OUTSIDE_US_UNDETERMINED,NA,NA,NA,NA,NA,NA,NA,0,0,0,0,0,0,0,0,0,0,0,1,1,0,0,0,0,0,0,0
N990003,HOME_SCHOOLED_UNDETERMINED,NA,NA,NA,NA,NA,NA,NA,21,1,15,0,17,0,12,0,10,1,11,0,10,0,8,1,8,0,8,0
N991944,NA,NA,NA,NA,NA,NA,NA,NA,0,0,0,0,0,0,0,0,0,0,0,0,0,0,0,0,1,0,0,0
N992970,NA,NA,NA,NA,NA,NA,NA,NA,0,0,0,0,0,0,0,0,0,0,0,0,0,0,0,0,1,0,0,0
N993093,NA,NA,NA,NA,NA,NA,NA,NA,0,0,0,0,0,0,0,0,0,0,0,0,0,0,0,0,1,0,1,0
N993188,NA,NA,NA,NA,NA,NA,NA,NA,0,0,0,0,0,0,0,0,0,0,0,0,0,0,0,0,1,0,0,0
N993257,NA,NA,NA,NA,NA,NA,NA,NA,0,0,0,0,0,0,0,0,0,0,0,0,0,0,0,0,1,0,0,0
N993361,NA,NA,NA,NA,NA,NA,NA,NA,0,0,0,0,0,0,0,0,0,0,0,0,0,0,0,0,1,0,0,0
N993421,NA,NA,NA,NA,NA,NA,NA,NA,0,0,0,0,0,0,0,0,0,0,0,0,0,0,0,0,0,1,0,0
N993477,NA,NA,NA,NA,NA,NA,NA,NA,0,0,0,0,0,0,0,0,0,0,0,0,0,0,0,0,1,0,0,0
N993744,NA,NA,NA,NA,NA,NA,NA,NA,0,0,0,0,0,0,0,0,0,0,0,0,0,0,0,0,1,0,0,0
N994538,NA,NA,NA,NA,NA,NA,NA,NA,0,0,0,0,0,0,0,0,0,0,0,0,0,0,0,0,0,0,1,0
N994684,NA,NA,NA,NA,NA,NA,NA,NA,0,0,0,0,0,0,0,0,0,0,0,0,0,0,0,0,0,0,1,0
N994865,NA,NA,NA,NA,NA,NA,NA,NA,0,0,0,0,0,0,0,0,0,0,0,0,0,0,0,0,0,0,1,0
N994910,NA,NA,NA,NA,NA,NA,NA,NA,0,0,0,0,0,0,0,0,0,0,0,0,0,0,0,0,0,0,1,0
N995155,NA,NA,NA,NA,NA,NA,NA,NA,0,0,0,0,0,0,0,0,0,0,0,0,0,0,0,0,0,0,1,0
N995456,NA,NA,NA,NA,NA,NA,NA,NA,0,0,0,0,0,0,0,0,0,0,0,0,0,0,0,0,0,0,1,0
N995864,NA,NA,NA,NA,NA,NA,NA,NA,0,0,0,0,0,0,0,0,0,0,0,0,0,0,0,0,0,0,1,0
NNo_code,NA,NA,NA,NA,NA,NA,NA,NA,0,0,0,0,0,0,1,0,0,0,0,0,0,0,0,0,0,0,0,0
